

Microchip MPLAB XC8 Assembler V3.10 build 20250813170317 
                                                                                               Tue Sep 16 18:54:11 2025

Microchip MPLAB XC8 C Compiler v3.10 (Free license) build 20250813170317 Og1 
     1                           	processor	16F18015
     2                           	pagewidth 120
     3                           	opt	flic
     4                           	psect	cinit,global,class=CODE,space=0,merge=1,delta=2
     5                           	psect	bssCOMMON,global,class=COMMON,space=1,delta=1,noexec
     6                           	psect	bssBANK0,global,class=BANK0,space=1,delta=1,noexec
     7                           	psect	clrtext,global,class=CODE,space=0,delta=2
     8                           	psect	cstackCOMMON,global,class=COMMON,space=1,delta=1,noexec
     9                           	psect	cstackBANK0,global,class=BANK0,space=1,delta=1,noexec
    10                           	psect	maintext,global,class=CODE,space=0,merge=1,split=1,delta=2
    11                           	psect	text1,local,class=CODE,space=0,merge=1,delta=2
    12                           	psect	text2,local,class=CODE,space=0,merge=1,delta=2
    13                           	psect	text3,local,class=CODE,space=0,merge=1,delta=2
    14                           	psect	text4,local,class=CODE,space=0,merge=1,delta=2
    15                           	psect	text5,local,class=CODE,space=0,merge=1,delta=2
    16                           	psect	text6,local,class=CODE,space=0,merge=1,delta=2,group=1
    17                           	psect	text7,local,class=CODE,space=0,merge=1,delta=2,group=1
    18                           	psect	text8,local,class=CODE,space=0,merge=1,delta=2
    19                           	psect	text9,local,class=CODE,space=0,merge=1,delta=2
    20                           	psect	text10,local,class=CODE,space=0,merge=1,delta=2
    21                           	psect	intentry,global,class=CODE,space=0,delta=2
    22                           	psect	config,global,abs,ovrld,class=CONFIG,space=4,delta=2,noexec
    23                           	dabs	1,0x7E,2
    24     0000                     
    25                           ; Generated 22/01/2025 GMT
    26                           ; 
    27                           ; Copyright © 2025, Microchip Technology Inc. and its subsidiaries ("Microchip")
    28                           ; All rights reserved.
    29                           ; 
    30                           ; This software is developed by Microchip Technology Inc. and its subsidiaries ("Microch
      +                          ip").
    31                           ; 
    32                           ; Redistribution and use in source and binary forms, with or without modification, are
    33                           ; permitted provided that the following conditions are met:
    34                           ; 
    35                           ;     1. Redistributions of source code must retain the above copyright notice, this lis
      +                          t of
    36                           ;        conditions and the following disclaimer.
    37                           ; 
    38                           ;     2. Redistributions in binary form must reproduce the above copyright notice, this 
      +                          list
    39                           ;        of conditions and the following disclaimer in the documentation and/or other
    40                           ;        materials provided with the distribution. Publication is not required when
    41                           ;        this file is used in an embedded application.
    42                           ; 
    43                           ;     3. Microchip's name may not be used to endorse or promote products derived from th
      +                          is
    44                           ;        software without specific prior written permission.
    45                           ; 
    46                           ; THIS SOFTWARE IS PROVIDED BY MICROCHIP "AS IS" AND ANY EXPRESS OR IMPLIED WARRANTIES,
    47                           ; INCLUDING, BUT NOT LIMITED TO, THE IMPLIED WARRANTIES OF MERCHANTABILITY AND FITNESS F
      +                          OR
    48                           ; PURPOSE ARE DISCLAIMED.  IN NO EVENT SHALL MICROCHIP BE LIABLE FOR ANY DIRECT, INDIREC
      +                          T,
    49                           ; INCIDENTAL, SPECIAL, EXEMPLARY, OR CONSEQUENTIAL DAMAGES (INCLUDING BUT NOT LIMITED TO
    50                           ; PROCUREMENT OF SUBSTITUTE GOODS OR SERVICES; LOSS OF USE, DATA OR PROFITS; OR BUSINESS
    51                           ; INTERRUPTION) HOWSOEVER CAUSED AND ON ANY THEORY OF LIABILITY, WHETHER IN CONTRACT, ST
      +                          RICT
    52                           ; LIABILITY, OR TORT (INCLUDING NEGLIGENCE OR OTHERWISE) ARISING IN ANY WAY OUT OF THE U
      +                          SE OF
    53                           ; THIS SOFTWARE, EVEN IF ADVISED OF THE POSSIBILITY OF SUCH DAMAGE.
    54                           ; 
    55                           ; 
    56                           ; Code-generator required, PIC16F18015 Definitions
    57                           ; 
    58                           ; SFR Addresses
    59     0008                     bsr             equ	8
    60     0005                     fsr0h           equ	5
    61     0004                     fsr0l           equ	4
    62     0007                     fsr1h           equ	7
    63     0006                     fsr1l           equ	6
    64     0000                     indf            equ	0
    65     0000                     indf0           equ	0
    66     0001                     indf1           equ	1
    67     000B                     intcon          equ	11
    68     0002                     pc              equ	2
    69     0002                     pcl             equ	2
    70     000A                     pclath          equ	10
    71     0003                     status          equ	3
    72     0009                     wreg            equ	9
    73     0000                     INDF0           equ	0	;# 
    74     0001                     INDF1           equ	1	;# 
    75     0002                     PCL             equ	2	;# 
    76     0003                     STATUS          equ	3	;# 
    77     0004                     FSR0L           equ	4	;# 
    78     0005                     FSR0H           equ	5	;# 
    79     0006                     FSR1L           equ	6	;# 
    80     0007                     FSR1H           equ	7	;# 
    81     0008                     BSR             equ	8	;# 
    82     0009                     WREG            equ	9	;# 
    83     000A                     PCLATH          equ	10	;# 
    84     000B                     INTCON          equ	11	;# 
    85     000C                     PORTA           equ	12	;# 
    86     0012                     TRISA           equ	18	;# 
    87     0018                     LATA            equ	24	;# 
    88     008C                     PIR0            equ	140	;# 
    89     008D                     PIR1            equ	141	;# 
    90     008E                     PIR2            equ	142	;# 
    91     008F                     PIR3            equ	143	;# 
    92     0090                     PIR4            equ	144	;# 
    93     0096                     PIE0            equ	150	;# 
    94     0097                     PIE1            equ	151	;# 
    95     0098                     PIE2            equ	152	;# 
    96     0099                     PIE3            equ	153	;# 
    97     009A                     PIE4            equ	154	;# 
    98     018C                     WDTCON          equ	396	;# 
    99     018D                     BORCON          equ	397	;# 
   100     018E                     PCON0           equ	398	;# 
   101     018F                     PCON1           equ	399	;# 
   102     019C                     TMR0L           equ	412	;# 
   103     019C                     TMR0            equ	412	;# 
   104     019D                     TMR0H           equ	413	;# 
   105     019D                     PR0             equ	413	;# 
   106     019E                     T0CON0          equ	414	;# 
   107     019F                     T0CON1          equ	415	;# 
   108     020E                     OSCCON2         equ	526	;# 
   109     020F                     OSCCON3         equ	527	;# 
   110     0210                     OSCSTAT         equ	528	;# 
   111     0211                     OSCEN           equ	529	;# 
   112     0212                     OSCTUNE         equ	530	;# 
   113     0213                     OSCFRQ          equ	531	;# 
   114     0214                     ACTCON          equ	532	;# 
   115     028C                     TMR1            equ	652	;# 
   116     028C                     TMR1L           equ	652	;# 
   117     028D                     TMR1H           equ	653	;# 
   118     028E                     T1CON           equ	654	;# 
   119     028F                     T1GCON          equ	655	;# 
   120     028F                     PR1             equ	655	;# 
   121     0290                     T1GATE          equ	656	;# 
   122     0290                     TMR1GATE        equ	656	;# 
   123     0291                     T1CLK           equ	657	;# 
   124     0291                     TMR1CLK         equ	657	;# 
   125     0292                     TMR3            equ	658	;# 
   126     0292                     TMR3L           equ	658	;# 
   127     0293                     TMR3H           equ	659	;# 
   128     0294                     T3CON           equ	660	;# 
   129     0295                     T3GCON          equ	661	;# 
   130     0295                     PR3             equ	661	;# 
   131     0296                     T3GATE          equ	662	;# 
   132     0296                     TMR3GATE        equ	662	;# 
   133     0297                     T3CLK           equ	663	;# 
   134     0297                     TMR3CLK         equ	663	;# 
   135     030C                     T2TMR           equ	780	;# 
   136     030C                     TMR2            equ	780	;# 
   137     030D                     T2PR            equ	781	;# 
   138     030D                     PR2             equ	781	;# 
   139     030E                     T2CON           equ	782	;# 
   140     030F                     T2HLT           equ	783	;# 
   141     0310                     T2CLKCON        equ	784	;# 
   142     0310                     T2CLK           equ	784	;# 
   143     0311                     T2RST           equ	785	;# 
   144     0312                     T4TMR           equ	786	;# 
   145     0312                     TMR4            equ	786	;# 
   146     0313                     T4PR            equ	787	;# 
   147     0313                     PR4             equ	787	;# 
   148     0314                     T4CON           equ	788	;# 
   149     0315                     T4HLT           equ	789	;# 
   150     0316                     T4CLKCON        equ	790	;# 
   151     0316                     T4CLK           equ	790	;# 
   152     0317                     T4RST           equ	791	;# 
   153     0318                     T6TMR           equ	792	;# 
   154     0318                     TMR6            equ	792	;# 
   155     0319                     T6PR            equ	793	;# 
   156     0319                     PR6             equ	793	;# 
   157     031A                     T6CON           equ	794	;# 
   158     031B                     T6HLT           equ	795	;# 
   159     031C                     T6CLKCON        equ	796	;# 
   160     031C                     T6CLK           equ	796	;# 
   161     031D                     T6RST           equ	797	;# 
   162     038C                     CCPR1           equ	908	;# 
   163     038C                     CCPR1L          equ	908	;# 
   164     038D                     CCPR1H          equ	909	;# 
   165     038E                     CCP1CON         equ	910	;# 
   166     038F                     CCP1CAP         equ	911	;# 
   167     0390                     CCPR2           equ	912	;# 
   168     0390                     CCPR2L          equ	912	;# 
   169     0391                     CCPR2H          equ	913	;# 
   170     0392                     CCP2CON         equ	914	;# 
   171     0393                     CCP2CAP         equ	915	;# 
   172     039F                     CCPTMRS0        equ	927	;# 
   173     040C                     PWM3DC          equ	1036	;# 
   174     040C                     PWM3DCL         equ	1036	;# 
   175     040D                     PWM3DCH         equ	1037	;# 
   176     040E                     PWM3CON         equ	1038	;# 
   177     040F                     PWM4DC          equ	1039	;# 
   178     040F                     PWM4DCL         equ	1039	;# 
   179     0410                     PWM4DCH         equ	1040	;# 
   180     0411                     PWM4CON         equ	1041	;# 
   181     0412                     PWM5DC          equ	1042	;# 
   182     0412                     PWM5DCL         equ	1042	;# 
   183     0413                     PWM5DCH         equ	1043	;# 
   184     0414                     PWM5CON         equ	1044	;# 
   185     041F                     PWMTMRS0        equ	1055	;# 
   186     048C                     NCO1ACC         equ	1164	;# 
   187     048C                     NCO1ACCL        equ	1164	;# 
   188     048D                     NCO1ACCH        equ	1165	;# 
   189     048E                     NCO1ACCU        equ	1166	;# 
   190     048F                     NCO1INC         equ	1167	;# 
   191     048F                     NCO1INCL        equ	1167	;# 
   192     0490                     NCO1INCH        equ	1168	;# 
   193     0491                     NCO1INCU        equ	1169	;# 
   194     0492                     NCO1CON         equ	1170	;# 
   195     0493                     NCO1CLK         equ	1171	;# 
   196     050C                     CWG1CLK         equ	1292	;# 
   197     050C                     CWG1CLKCON      equ	1292	;# 
   198     050D                     CWG1ISM         equ	1293	;# 
   199     050D                     CWG1DAT         equ	1293	;# 
   200     050E                     CWG1DBR         equ	1294	;# 
   201     050F                     CWG1DBF         equ	1295	;# 
   202     0510                     CWG1CON0        equ	1296	;# 
   203     0511                     CWG1CON1        equ	1297	;# 
   204     0512                     CWG1AS0         equ	1298	;# 
   205     0513                     CWG1AS1         equ	1299	;# 
   206     0514                     CWG1STR         equ	1300	;# 
   207     058C                     CLCnCON         equ	1420	;# 
   208     058D                     CLCnPOL         equ	1421	;# 
   209     058E                     CLCnSEL0        equ	1422	;# 
   210     058F                     CLCnSEL1        equ	1423	;# 
   211     0590                     CLCnSEL2        equ	1424	;# 
   212     0591                     CLCnSEL3        equ	1425	;# 
   213     0592                     CLCnGLS0        equ	1426	;# 
   214     0593                     CLCnGLS1        equ	1427	;# 
   215     0594                     CLCnGLS2        equ	1428	;# 
   216     0595                     CLCnGLS3        equ	1429	;# 
   217     0596                     CLCSELECT       equ	1430	;# 
   218     0597                     CLCDATA         equ	1431	;# 
   219     060C                     RC1REG          equ	1548	;# 
   220     060D                     TX1REG          equ	1549	;# 
   221     060E                     SP1BRG          equ	1550	;# 
   222     060E                     SP1BRGL         equ	1550	;# 
   223     060F                     SP1BRGH         equ	1551	;# 
   224     0610                     RC1STA          equ	1552	;# 
   225     0611                     TX1STA          equ	1553	;# 
   226     0612                     BAUD1CON        equ	1554	;# 
   227     0616                     RC2REG          equ	1558	;# 
   228     0617                     TX2REG          equ	1559	;# 
   229     0618                     SP2BRG          equ	1560	;# 
   230     0618                     SP2BRGL         equ	1560	;# 
   231     0619                     SP2BRGH         equ	1561	;# 
   232     061A                     RC2STA          equ	1562	;# 
   233     061B                     TX2STA          equ	1563	;# 
   234     061C                     BAUD2CON        equ	1564	;# 
   235     068C                     SSP1BUF         equ	1676	;# 
   236     068D                     SSP1ADD         equ	1677	;# 
   237     068E                     SSP1MSK         equ	1678	;# 
   238     068F                     SSP1STAT        equ	1679	;# 
   239     0690                     SSP1CON1        equ	1680	;# 
   240     0691                     SSP1CON2        equ	1681	;# 
   241     0692                     SSP1CON3        equ	1682	;# 
   242     0696                     SSP2BUF         equ	1686	;# 
   243     0697                     SSP2ADD         equ	1687	;# 
   244     0698                     SSP2MSK         equ	1688	;# 
   245     0699                     SSP2STAT        equ	1689	;# 
   246     069A                     SSP2CON1        equ	1690	;# 
   247     069B                     SSP2CON2        equ	1691	;# 
   248     069C                     SSP2CON3        equ	1692	;# 
   249     100C                     FVRCON          equ	4108	;# 
   250     100D                     CPCON           equ	4109	;# 
   251     101F                     ZCDCON          equ	4127	;# 
   252     108C                     CM1CON0         equ	4236	;# 
   253     108D                     CM1CON1         equ	4237	;# 
   254     108E                     CM1NCH          equ	4238	;# 
   255     108F                     CM1PCH          equ	4239	;# 
   256     109F                     CMOUT           equ	4255	;# 
   257     109F                     CMSTAT          equ	4255	;# 
   258     110C                     DAC1CON         equ	4364	;# 
   259     110D                     DAC1DATL        equ	4365	;# 
   260     1C8C                     NVMADR          equ	7308	;# 
   261     1C8C                     NVMADRL         equ	7308	;# 
   262     1C8D                     NVMADRH         equ	7309	;# 
   263     1C8E                     NVMDAT          equ	7310	;# 
   264     1C8E                     NVMDATL         equ	7310	;# 
   265     1C8F                     NVMDATH         equ	7311	;# 
   266     1C90                     NVMCON1         equ	7312	;# 
   267     1C91                     NVMCON2         equ	7313	;# 
   268     1D0C                     ADLTH           equ	7436	;# 
   269     1D0C                     ADLTHL          equ	7436	;# 
   270     1D0D                     ADLTHH          equ	7437	;# 
   271     1D0E                     ADUTH           equ	7438	;# 
   272     1D0E                     ADUTHL          equ	7438	;# 
   273     1D0F                     ADUTHH          equ	7439	;# 
   274     1D10                     ADERR           equ	7440	;# 
   275     1D10                     ADERRL          equ	7440	;# 
   276     1D11                     ADERRH          equ	7441	;# 
   277     1D12                     ADSTPT          equ	7442	;# 
   278     1D12                     ADSTPTL         equ	7442	;# 
   279     1D13                     ADSTPTH         equ	7443	;# 
   280     1D14                     ADFLTR          equ	7444	;# 
   281     1D14                     ADFLTRL         equ	7444	;# 
   282     1D15                     ADFLTRH         equ	7445	;# 
   283     1D16                     ADACC           equ	7446	;# 
   284     1D16                     ADACCL          equ	7446	;# 
   285     1D17                     ADACCH          equ	7447	;# 
   286     1D18                     ADACCU          equ	7448	;# 
   287     1D19                     ADCNT           equ	7449	;# 
   288     1D1A                     ADRPT           equ	7450	;# 
   289     1D1B                     ADPREV          equ	7451	;# 
   290     1D1B                     ADPREVL         equ	7451	;# 
   291     1D1C                     ADPREVH         equ	7452	;# 
   292     1D1D                     ADRES           equ	7453	;# 
   293     1D1D                     ADRESL          equ	7453	;# 
   294     1D1E                     ADRESH          equ	7454	;# 
   295     1D1F                     ADPCH           equ	7455	;# 
   296     1D21                     ADACQ           equ	7457	;# 
   297     1D21                     ADACQL          equ	7457	;# 
   298     1D22                     ADACQH          equ	7458	;# 
   299     1D23                     ADCAP           equ	7459	;# 
   300     1D24                     ADPRE           equ	7460	;# 
   301     1D24                     ADPREL          equ	7460	;# 
   302     1D25                     ADPREH          equ	7461	;# 
   303     1D26                     ADCON0          equ	7462	;# 
   304     1D27                     ADCON1          equ	7463	;# 
   305     1D28                     ADCON2          equ	7464	;# 
   306     1D29                     ADCON3          equ	7465	;# 
   307     1D2A                     ADSTAT          equ	7466	;# 
   308     1D2B                     ADREF           equ	7467	;# 
   309     1D2C                     ADACT           equ	7468	;# 
   310     1D2D                     ADCLK           equ	7469	;# 
   311     1D2E                     ADCG1A          equ	7470	;# 
   312     1D8C                     RA0PPS          equ	7564	;# 
   313     1D8D                     RA1PPS          equ	7565	;# 
   314     1D8E                     RA2PPS          equ	7566	;# 
   315     1D90                     RA4PPS          equ	7568	;# 
   316     1D91                     RA5PPS          equ	7569	;# 
   317     1E0C                     PPSLOCK         equ	7692	;# 
   318     1E0D                     INTPPS          equ	7693	;# 
   319     1E0E                     T0CKIPPS        equ	7694	;# 
   320     1E0F                     T1CKIPPS        equ	7695	;# 
   321     1E10                     T1GPPS          equ	7696	;# 
   322     1E11                     T3CKIPPS        equ	7697	;# 
   323     1E12                     T3GPPS          equ	7698	;# 
   324     1E19                     T2INPPS         equ	7705	;# 
   325     1E1A                     T4INPPS         equ	7706	;# 
   326     1E1B                     T6INPPS         equ	7707	;# 
   327     1E1E                     CCP1PPS         equ	7710	;# 
   328     1E1F                     CCP2PPS         equ	7711	;# 
   329     1E39                     CWG1PPS         equ	7737	;# 
   330     1E3D                     CLCIN0PPS       equ	7741	;# 
   331     1E3E                     CLCIN1PPS       equ	7742	;# 
   332     1E3F                     CLCIN2PPS       equ	7743	;# 
   333     1E40                     CLCIN3PPS       equ	7744	;# 
   334     1E41                     RX1PPS          equ	7745	;# 
   335     1E41                     RX1DTPPS        equ	7745	;# 
   336     1E42                     CK1PPS          equ	7746	;# 
   337     1E42                     TX1CKPPS        equ	7746	;# 
   338     1E43                     RX2PPS          equ	7747	;# 
   339     1E43                     RX2DTPPS        equ	7747	;# 
   340     1E44                     CK2PPS          equ	7748	;# 
   341     1E44                     TX2CKPPS        equ	7748	;# 
   342     1E47                     SSP1CLKPPS      equ	7751	;# 
   343     1E48                     SSP1DATPPS      equ	7752	;# 
   344     1E49                     SSP1SSPPS       equ	7753	;# 
   345     1E4A                     SSP2CLKPPS      equ	7754	;# 
   346     1E4B                     SSP2DATPPS      equ	7755	;# 
   347     1E4C                     SSP2SSPPS       equ	7756	;# 
   348     1E50                     ADACTPPS        equ	7760	;# 
   349     1E8C                     ANSELA          equ	7820	;# 
   350     1E8D                     WPUA            equ	7821	;# 
   351     1E8E                     ODCONA          equ	7822	;# 
   352     1E8F                     SLRCONA         equ	7823	;# 
   353     1E90                     INLVLA          equ	7824	;# 
   354     1E91                     IOCAP           equ	7825	;# 
   355     1E92                     IOCAN           equ	7826	;# 
   356     1E93                     IOCAF           equ	7827	;# 
   357     1EE1                     RA1I2C          equ	7905	;# 
   358     1EE2                     RA2I2C          equ	7906	;# 
   359     1F0C                     UMTOAP          equ	7948	;# 
   360     1F0D                     UMTOAL          equ	7949	;# 
   361     1F0E                     UMTOAH          equ	7950	;# 
   362     1FE4                     STATUS_SHAD     equ	8164	;# 
   363     1FE5                     WREG_SHAD       equ	8165	;# 
   364     1FE6                     BSR_SHAD        equ	8166	;# 
   365     1FE7                     PCLATH_SHAD     equ	8167	;# 
   366     1FE8                     FSR0_SHAD       equ	8168	;# 
   367     1FE8                     FSR0L_SHAD      equ	8168	;# 
   368     1FE9                     FSR0H_SHAD      equ	8169	;# 
   369     1FEA                     FSR1_SHAD       equ	8170	;# 
   370     1FEA                     FSR1L_SHAD      equ	8170	;# 
   371     1FEB                     FSR1H_SHAD      equ	8171	;# 
   372     1FED                     STKPTR          equ	8173	;# 
   373     1FEE                     TOSL            equ	8174	;# 
   374     1FEF                     TOSH            equ	8175	;# 
   375     0000                     INDF0           equ	0	;# 
   376     0001                     INDF1           equ	1	;# 
   377     0002                     PCL             equ	2	;# 
   378     0003                     STATUS          equ	3	;# 
   379     0004                     FSR0L           equ	4	;# 
   380     0005                     FSR0H           equ	5	;# 
   381     0006                     FSR1L           equ	6	;# 
   382     0007                     FSR1H           equ	7	;# 
   383     0008                     BSR             equ	8	;# 
   384     0009                     WREG            equ	9	;# 
   385     000A                     PCLATH          equ	10	;# 
   386     000B                     INTCON          equ	11	;# 
   387     000C                     PORTA           equ	12	;# 
   388     0012                     TRISA           equ	18	;# 
   389     0018                     LATA            equ	24	;# 
   390     008C                     PIR0            equ	140	;# 
   391     008D                     PIR1            equ	141	;# 
   392     008E                     PIR2            equ	142	;# 
   393     008F                     PIR3            equ	143	;# 
   394     0090                     PIR4            equ	144	;# 
   395     0096                     PIE0            equ	150	;# 
   396     0097                     PIE1            equ	151	;# 
   397     0098                     PIE2            equ	152	;# 
   398     0099                     PIE3            equ	153	;# 
   399     009A                     PIE4            equ	154	;# 
   400     018C                     WDTCON          equ	396	;# 
   401     018D                     BORCON          equ	397	;# 
   402     018E                     PCON0           equ	398	;# 
   403     018F                     PCON1           equ	399	;# 
   404     019C                     TMR0L           equ	412	;# 
   405     019C                     TMR0            equ	412	;# 
   406     019D                     TMR0H           equ	413	;# 
   407     019D                     PR0             equ	413	;# 
   408     019E                     T0CON0          equ	414	;# 
   409     019F                     T0CON1          equ	415	;# 
   410     020E                     OSCCON2         equ	526	;# 
   411     020F                     OSCCON3         equ	527	;# 
   412     0210                     OSCSTAT         equ	528	;# 
   413     0211                     OSCEN           equ	529	;# 
   414     0212                     OSCTUNE         equ	530	;# 
   415     0213                     OSCFRQ          equ	531	;# 
   416     0214                     ACTCON          equ	532	;# 
   417     028C                     TMR1            equ	652	;# 
   418     028C                     TMR1L           equ	652	;# 
   419     028D                     TMR1H           equ	653	;# 
   420     028E                     T1CON           equ	654	;# 
   421     028F                     T1GCON          equ	655	;# 
   422     028F                     PR1             equ	655	;# 
   423     0290                     T1GATE          equ	656	;# 
   424     0290                     TMR1GATE        equ	656	;# 
   425     0291                     T1CLK           equ	657	;# 
   426     0291                     TMR1CLK         equ	657	;# 
   427     0292                     TMR3            equ	658	;# 
   428     0292                     TMR3L           equ	658	;# 
   429     0293                     TMR3H           equ	659	;# 
   430     0294                     T3CON           equ	660	;# 
   431     0295                     T3GCON          equ	661	;# 
   432     0295                     PR3             equ	661	;# 
   433     0296                     T3GATE          equ	662	;# 
   434     0296                     TMR3GATE        equ	662	;# 
   435     0297                     T3CLK           equ	663	;# 
   436     0297                     TMR3CLK         equ	663	;# 
   437     030C                     T2TMR           equ	780	;# 
   438     030C                     TMR2            equ	780	;# 
   439     030D                     T2PR            equ	781	;# 
   440     030D                     PR2             equ	781	;# 
   441     030E                     T2CON           equ	782	;# 
   442     030F                     T2HLT           equ	783	;# 
   443     0310                     T2CLKCON        equ	784	;# 
   444     0310                     T2CLK           equ	784	;# 
   445     0311                     T2RST           equ	785	;# 
   446     0312                     T4TMR           equ	786	;# 
   447     0312                     TMR4            equ	786	;# 
   448     0313                     T4PR            equ	787	;# 
   449     0313                     PR4             equ	787	;# 
   450     0314                     T4CON           equ	788	;# 
   451     0315                     T4HLT           equ	789	;# 
   452     0316                     T4CLKCON        equ	790	;# 
   453     0316                     T4CLK           equ	790	;# 
   454     0317                     T4RST           equ	791	;# 
   455     0318                     T6TMR           equ	792	;# 
   456     0318                     TMR6            equ	792	;# 
   457     0319                     T6PR            equ	793	;# 
   458     0319                     PR6             equ	793	;# 
   459     031A                     T6CON           equ	794	;# 
   460     031B                     T6HLT           equ	795	;# 
   461     031C                     T6CLKCON        equ	796	;# 
   462     031C                     T6CLK           equ	796	;# 
   463     031D                     T6RST           equ	797	;# 
   464     038C                     CCPR1           equ	908	;# 
   465     038C                     CCPR1L          equ	908	;# 
   466     038D                     CCPR1H          equ	909	;# 
   467     038E                     CCP1CON         equ	910	;# 
   468     038F                     CCP1CAP         equ	911	;# 
   469     0390                     CCPR2           equ	912	;# 
   470     0390                     CCPR2L          equ	912	;# 
   471     0391                     CCPR2H          equ	913	;# 
   472     0392                     CCP2CON         equ	914	;# 
   473     0393                     CCP2CAP         equ	915	;# 
   474     039F                     CCPTMRS0        equ	927	;# 
   475     040C                     PWM3DC          equ	1036	;# 
   476     040C                     PWM3DCL         equ	1036	;# 
   477     040D                     PWM3DCH         equ	1037	;# 
   478     040E                     PWM3CON         equ	1038	;# 
   479     040F                     PWM4DC          equ	1039	;# 
   480     040F                     PWM4DCL         equ	1039	;# 
   481     0410                     PWM4DCH         equ	1040	;# 
   482     0411                     PWM4CON         equ	1041	;# 
   483     0412                     PWM5DC          equ	1042	;# 
   484     0412                     PWM5DCL         equ	1042	;# 
   485     0413                     PWM5DCH         equ	1043	;# 
   486     0414                     PWM5CON         equ	1044	;# 
   487     041F                     PWMTMRS0        equ	1055	;# 
   488     048C                     NCO1ACC         equ	1164	;# 
   489     048C                     NCO1ACCL        equ	1164	;# 
   490     048D                     NCO1ACCH        equ	1165	;# 
   491     048E                     NCO1ACCU        equ	1166	;# 
   492     048F                     NCO1INC         equ	1167	;# 
   493     048F                     NCO1INCL        equ	1167	;# 
   494     0490                     NCO1INCH        equ	1168	;# 
   495     0491                     NCO1INCU        equ	1169	;# 
   496     0492                     NCO1CON         equ	1170	;# 
   497     0493                     NCO1CLK         equ	1171	;# 
   498     050C                     CWG1CLK         equ	1292	;# 
   499     050C                     CWG1CLKCON      equ	1292	;# 
   500     050D                     CWG1ISM         equ	1293	;# 
   501     050D                     CWG1DAT         equ	1293	;# 
   502     050E                     CWG1DBR         equ	1294	;# 
   503     050F                     CWG1DBF         equ	1295	;# 
   504     0510                     CWG1CON0        equ	1296	;# 
   505     0511                     CWG1CON1        equ	1297	;# 
   506     0512                     CWG1AS0         equ	1298	;# 
   507     0513                     CWG1AS1         equ	1299	;# 
   508     0514                     CWG1STR         equ	1300	;# 
   509     058C                     CLCnCON         equ	1420	;# 
   510     058D                     CLCnPOL         equ	1421	;# 
   511     058E                     CLCnSEL0        equ	1422	;# 
   512     058F                     CLCnSEL1        equ	1423	;# 
   513     0590                     CLCnSEL2        equ	1424	;# 
   514     0591                     CLCnSEL3        equ	1425	;# 
   515     0592                     CLCnGLS0        equ	1426	;# 
   516     0593                     CLCnGLS1        equ	1427	;# 
   517     0594                     CLCnGLS2        equ	1428	;# 
   518     0595                     CLCnGLS3        equ	1429	;# 
   519     0596                     CLCSELECT       equ	1430	;# 
   520     0597                     CLCDATA         equ	1431	;# 
   521     060C                     RC1REG          equ	1548	;# 
   522     060D                     TX1REG          equ	1549	;# 
   523     060E                     SP1BRG          equ	1550	;# 
   524     060E                     SP1BRGL         equ	1550	;# 
   525     060F                     SP1BRGH         equ	1551	;# 
   526     0610                     RC1STA          equ	1552	;# 
   527     0611                     TX1STA          equ	1553	;# 
   528     0612                     BAUD1CON        equ	1554	;# 
   529     0616                     RC2REG          equ	1558	;# 
   530     0617                     TX2REG          equ	1559	;# 
   531     0618                     SP2BRG          equ	1560	;# 
   532     0618                     SP2BRGL         equ	1560	;# 
   533     0619                     SP2BRGH         equ	1561	;# 
   534     061A                     RC2STA          equ	1562	;# 
   535     061B                     TX2STA          equ	1563	;# 
   536     061C                     BAUD2CON        equ	1564	;# 
   537     068C                     SSP1BUF         equ	1676	;# 
   538     068D                     SSP1ADD         equ	1677	;# 
   539     068E                     SSP1MSK         equ	1678	;# 
   540     068F                     SSP1STAT        equ	1679	;# 
   541     0690                     SSP1CON1        equ	1680	;# 
   542     0691                     SSP1CON2        equ	1681	;# 
   543     0692                     SSP1CON3        equ	1682	;# 
   544     0696                     SSP2BUF         equ	1686	;# 
   545     0697                     SSP2ADD         equ	1687	;# 
   546     0698                     SSP2MSK         equ	1688	;# 
   547     0699                     SSP2STAT        equ	1689	;# 
   548     069A                     SSP2CON1        equ	1690	;# 
   549     069B                     SSP2CON2        equ	1691	;# 
   550     069C                     SSP2CON3        equ	1692	;# 
   551     100C                     FVRCON          equ	4108	;# 
   552     100D                     CPCON           equ	4109	;# 
   553     101F                     ZCDCON          equ	4127	;# 
   554     108C                     CM1CON0         equ	4236	;# 
   555     108D                     CM1CON1         equ	4237	;# 
   556     108E                     CM1NCH          equ	4238	;# 
   557     108F                     CM1PCH          equ	4239	;# 
   558     109F                     CMOUT           equ	4255	;# 
   559     109F                     CMSTAT          equ	4255	;# 
   560     110C                     DAC1CON         equ	4364	;# 
   561     110D                     DAC1DATL        equ	4365	;# 
   562     1C8C                     NVMADR          equ	7308	;# 
   563     1C8C                     NVMADRL         equ	7308	;# 
   564     1C8D                     NVMADRH         equ	7309	;# 
   565     1C8E                     NVMDAT          equ	7310	;# 
   566     1C8E                     NVMDATL         equ	7310	;# 
   567     1C8F                     NVMDATH         equ	7311	;# 
   568     1C90                     NVMCON1         equ	7312	;# 
   569     1C91                     NVMCON2         equ	7313	;# 
   570     1D0C                     ADLTH           equ	7436	;# 
   571     1D0C                     ADLTHL          equ	7436	;# 
   572     1D0D                     ADLTHH          equ	7437	;# 
   573     1D0E                     ADUTH           equ	7438	;# 
   574     1D0E                     ADUTHL          equ	7438	;# 
   575     1D0F                     ADUTHH          equ	7439	;# 
   576     1D10                     ADERR           equ	7440	;# 
   577     1D10                     ADERRL          equ	7440	;# 
   578     1D11                     ADERRH          equ	7441	;# 
   579     1D12                     ADSTPT          equ	7442	;# 
   580     1D12                     ADSTPTL         equ	7442	;# 
   581     1D13                     ADSTPTH         equ	7443	;# 
   582     1D14                     ADFLTR          equ	7444	;# 
   583     1D14                     ADFLTRL         equ	7444	;# 
   584     1D15                     ADFLTRH         equ	7445	;# 
   585     1D16                     ADACC           equ	7446	;# 
   586     1D16                     ADACCL          equ	7446	;# 
   587     1D17                     ADACCH          equ	7447	;# 
   588     1D18                     ADACCU          equ	7448	;# 
   589     1D19                     ADCNT           equ	7449	;# 
   590     1D1A                     ADRPT           equ	7450	;# 
   591     1D1B                     ADPREV          equ	7451	;# 
   592     1D1B                     ADPREVL         equ	7451	;# 
   593     1D1C                     ADPREVH         equ	7452	;# 
   594     1D1D                     ADRES           equ	7453	;# 
   595     1D1D                     ADRESL          equ	7453	;# 
   596     1D1E                     ADRESH          equ	7454	;# 
   597     1D1F                     ADPCH           equ	7455	;# 
   598     1D21                     ADACQ           equ	7457	;# 
   599     1D21                     ADACQL          equ	7457	;# 
   600     1D22                     ADACQH          equ	7458	;# 
   601     1D23                     ADCAP           equ	7459	;# 
   602     1D24                     ADPRE           equ	7460	;# 
   603     1D24                     ADPREL          equ	7460	;# 
   604     1D25                     ADPREH          equ	7461	;# 
   605     1D26                     ADCON0          equ	7462	;# 
   606     1D27                     ADCON1          equ	7463	;# 
   607     1D28                     ADCON2          equ	7464	;# 
   608     1D29                     ADCON3          equ	7465	;# 
   609     1D2A                     ADSTAT          equ	7466	;# 
   610     1D2B                     ADREF           equ	7467	;# 
   611     1D2C                     ADACT           equ	7468	;# 
   612     1D2D                     ADCLK           equ	7469	;# 
   613     1D2E                     ADCG1A          equ	7470	;# 
   614     1D8C                     RA0PPS          equ	7564	;# 
   615     1D8D                     RA1PPS          equ	7565	;# 
   616     1D8E                     RA2PPS          equ	7566	;# 
   617     1D90                     RA4PPS          equ	7568	;# 
   618     1D91                     RA5PPS          equ	7569	;# 
   619     1E0C                     PPSLOCK         equ	7692	;# 
   620     1E0D                     INTPPS          equ	7693	;# 
   621     1E0E                     T0CKIPPS        equ	7694	;# 
   622     1E0F                     T1CKIPPS        equ	7695	;# 
   623     1E10                     T1GPPS          equ	7696	;# 
   624     1E11                     T3CKIPPS        equ	7697	;# 
   625     1E12                     T3GPPS          equ	7698	;# 
   626     1E19                     T2INPPS         equ	7705	;# 
   627     1E1A                     T4INPPS         equ	7706	;# 
   628     1E1B                     T6INPPS         equ	7707	;# 
   629     1E1E                     CCP1PPS         equ	7710	;# 
   630     1E1F                     CCP2PPS         equ	7711	;# 
   631     1E39                     CWG1PPS         equ	7737	;# 
   632     1E3D                     CLCIN0PPS       equ	7741	;# 
   633     1E3E                     CLCIN1PPS       equ	7742	;# 
   634     1E3F                     CLCIN2PPS       equ	7743	;# 
   635     1E40                     CLCIN3PPS       equ	7744	;# 
   636     1E41                     RX1PPS          equ	7745	;# 
   637     1E41                     RX1DTPPS        equ	7745	;# 
   638     1E42                     CK1PPS          equ	7746	;# 
   639     1E42                     TX1CKPPS        equ	7746	;# 
   640     1E43                     RX2PPS          equ	7747	;# 
   641     1E43                     RX2DTPPS        equ	7747	;# 
   642     1E44                     CK2PPS          equ	7748	;# 
   643     1E44                     TX2CKPPS        equ	7748	;# 
   644     1E47                     SSP1CLKPPS      equ	7751	;# 
   645     1E48                     SSP1DATPPS      equ	7752	;# 
   646     1E49                     SSP1SSPPS       equ	7753	;# 
   647     1E4A                     SSP2CLKPPS      equ	7754	;# 
   648     1E4B                     SSP2DATPPS      equ	7755	;# 
   649     1E4C                     SSP2SSPPS       equ	7756	;# 
   650     1E50                     ADACTPPS        equ	7760	;# 
   651     1E8C                     ANSELA          equ	7820	;# 
   652     1E8D                     WPUA            equ	7821	;# 
   653     1E8E                     ODCONA          equ	7822	;# 
   654     1E8F                     SLRCONA         equ	7823	;# 
   655     1E90                     INLVLA          equ	7824	;# 
   656     1E91                     IOCAP           equ	7825	;# 
   657     1E92                     IOCAN           equ	7826	;# 
   658     1E93                     IOCAF           equ	7827	;# 
   659     1EE1                     RA1I2C          equ	7905	;# 
   660     1EE2                     RA2I2C          equ	7906	;# 
   661     1F0C                     UMTOAP          equ	7948	;# 
   662     1F0D                     UMTOAL          equ	7949	;# 
   663     1F0E                     UMTOAH          equ	7950	;# 
   664     1FE4                     STATUS_SHAD     equ	8164	;# 
   665     1FE5                     WREG_SHAD       equ	8165	;# 
   666     1FE6                     BSR_SHAD        equ	8166	;# 
   667     1FE7                     PCLATH_SHAD     equ	8167	;# 
   668     1FE8                     FSR0_SHAD       equ	8168	;# 
   669     1FE8                     FSR0L_SHAD      equ	8168	;# 
   670     1FE9                     FSR0H_SHAD      equ	8169	;# 
   671     1FEA                     FSR1_SHAD       equ	8170	;# 
   672     1FEA                     FSR1L_SHAD      equ	8170	;# 
   673     1FEB                     FSR1H_SHAD      equ	8171	;# 
   674     1FED                     STKPTR          equ	8173	;# 
   675     1FEE                     TOSL            equ	8174	;# 
   676     1FEF                     TOSH            equ	8175	;# 
   677     0000                     INDF0           equ	0	;# 
   678     0001                     INDF1           equ	1	;# 
   679     0002                     PCL             equ	2	;# 
   680     0003                     STATUS          equ	3	;# 
   681     0004                     FSR0L           equ	4	;# 
   682     0005                     FSR0H           equ	5	;# 
   683     0006                     FSR1L           equ	6	;# 
   684     0007                     FSR1H           equ	7	;# 
   685     0008                     BSR             equ	8	;# 
   686     0009                     WREG            equ	9	;# 
   687     000A                     PCLATH          equ	10	;# 
   688     000B                     INTCON          equ	11	;# 
   689     000C                     PORTA           equ	12	;# 
   690     0012                     TRISA           equ	18	;# 
   691     0018                     LATA            equ	24	;# 
   692     008C                     PIR0            equ	140	;# 
   693     008D                     PIR1            equ	141	;# 
   694     008E                     PIR2            equ	142	;# 
   695     008F                     PIR3            equ	143	;# 
   696     0090                     PIR4            equ	144	;# 
   697     0096                     PIE0            equ	150	;# 
   698     0097                     PIE1            equ	151	;# 
   699     0098                     PIE2            equ	152	;# 
   700     0099                     PIE3            equ	153	;# 
   701     009A                     PIE4            equ	154	;# 
   702     018C                     WDTCON          equ	396	;# 
   703     018D                     BORCON          equ	397	;# 
   704     018E                     PCON0           equ	398	;# 
   705     018F                     PCON1           equ	399	;# 
   706     019C                     TMR0L           equ	412	;# 
   707     019C                     TMR0            equ	412	;# 
   708     019D                     TMR0H           equ	413	;# 
   709     019D                     PR0             equ	413	;# 
   710     019E                     T0CON0          equ	414	;# 
   711     019F                     T0CON1          equ	415	;# 
   712     020E                     OSCCON2         equ	526	;# 
   713     020F                     OSCCON3         equ	527	;# 
   714     0210                     OSCSTAT         equ	528	;# 
   715     0211                     OSCEN           equ	529	;# 
   716     0212                     OSCTUNE         equ	530	;# 
   717     0213                     OSCFRQ          equ	531	;# 
   718     0214                     ACTCON          equ	532	;# 
   719     028C                     TMR1            equ	652	;# 
   720     028C                     TMR1L           equ	652	;# 
   721     028D                     TMR1H           equ	653	;# 
   722     028E                     T1CON           equ	654	;# 
   723     028F                     T1GCON          equ	655	;# 
   724     028F                     PR1             equ	655	;# 
   725     0290                     T1GATE          equ	656	;# 
   726     0290                     TMR1GATE        equ	656	;# 
   727     0291                     T1CLK           equ	657	;# 
   728     0291                     TMR1CLK         equ	657	;# 
   729     0292                     TMR3            equ	658	;# 
   730     0292                     TMR3L           equ	658	;# 
   731     0293                     TMR3H           equ	659	;# 
   732     0294                     T3CON           equ	660	;# 
   733     0295                     T3GCON          equ	661	;# 
   734     0295                     PR3             equ	661	;# 
   735     0296                     T3GATE          equ	662	;# 
   736     0296                     TMR3GATE        equ	662	;# 
   737     0297                     T3CLK           equ	663	;# 
   738     0297                     TMR3CLK         equ	663	;# 
   739     030C                     T2TMR           equ	780	;# 
   740     030C                     TMR2            equ	780	;# 
   741     030D                     T2PR            equ	781	;# 
   742     030D                     PR2             equ	781	;# 
   743     030E                     T2CON           equ	782	;# 
   744     030F                     T2HLT           equ	783	;# 
   745     0310                     T2CLKCON        equ	784	;# 
   746     0310                     T2CLK           equ	784	;# 
   747     0311                     T2RST           equ	785	;# 
   748     0312                     T4TMR           equ	786	;# 
   749     0312                     TMR4            equ	786	;# 
   750     0313                     T4PR            equ	787	;# 
   751     0313                     PR4             equ	787	;# 
   752     0314                     T4CON           equ	788	;# 
   753     0315                     T4HLT           equ	789	;# 
   754     0316                     T4CLKCON        equ	790	;# 
   755     0316                     T4CLK           equ	790	;# 
   756     0317                     T4RST           equ	791	;# 
   757     0318                     T6TMR           equ	792	;# 
   758     0318                     TMR6            equ	792	;# 
   759     0319                     T6PR            equ	793	;# 
   760     0319                     PR6             equ	793	;# 
   761     031A                     T6CON           equ	794	;# 
   762     031B                     T6HLT           equ	795	;# 
   763     031C                     T6CLKCON        equ	796	;# 
   764     031C                     T6CLK           equ	796	;# 
   765     031D                     T6RST           equ	797	;# 
   766     038C                     CCPR1           equ	908	;# 
   767     038C                     CCPR1L          equ	908	;# 
   768     038D                     CCPR1H          equ	909	;# 
   769     038E                     CCP1CON         equ	910	;# 
   770     038F                     CCP1CAP         equ	911	;# 
   771     0390                     CCPR2           equ	912	;# 
   772     0390                     CCPR2L          equ	912	;# 
   773     0391                     CCPR2H          equ	913	;# 
   774     0392                     CCP2CON         equ	914	;# 
   775     0393                     CCP2CAP         equ	915	;# 
   776     039F                     CCPTMRS0        equ	927	;# 
   777     040C                     PWM3DC          equ	1036	;# 
   778     040C                     PWM3DCL         equ	1036	;# 
   779     040D                     PWM3DCH         equ	1037	;# 
   780     040E                     PWM3CON         equ	1038	;# 
   781     040F                     PWM4DC          equ	1039	;# 
   782     040F                     PWM4DCL         equ	1039	;# 
   783     0410                     PWM4DCH         equ	1040	;# 
   784     0411                     PWM4CON         equ	1041	;# 
   785     0412                     PWM5DC          equ	1042	;# 
   786     0412                     PWM5DCL         equ	1042	;# 
   787     0413                     PWM5DCH         equ	1043	;# 
   788     0414                     PWM5CON         equ	1044	;# 
   789     041F                     PWMTMRS0        equ	1055	;# 
   790     048C                     NCO1ACC         equ	1164	;# 
   791     048C                     NCO1ACCL        equ	1164	;# 
   792     048D                     NCO1ACCH        equ	1165	;# 
   793     048E                     NCO1ACCU        equ	1166	;# 
   794     048F                     NCO1INC         equ	1167	;# 
   795     048F                     NCO1INCL        equ	1167	;# 
   796     0490                     NCO1INCH        equ	1168	;# 
   797     0491                     NCO1INCU        equ	1169	;# 
   798     0492                     NCO1CON         equ	1170	;# 
   799     0493                     NCO1CLK         equ	1171	;# 
   800     050C                     CWG1CLK         equ	1292	;# 
   801     050C                     CWG1CLKCON      equ	1292	;# 
   802     050D                     CWG1ISM         equ	1293	;# 
   803     050D                     CWG1DAT         equ	1293	;# 
   804     050E                     CWG1DBR         equ	1294	;# 
   805     050F                     CWG1DBF         equ	1295	;# 
   806     0510                     CWG1CON0        equ	1296	;# 
   807     0511                     CWG1CON1        equ	1297	;# 
   808     0512                     CWG1AS0         equ	1298	;# 
   809     0513                     CWG1AS1         equ	1299	;# 
   810     0514                     CWG1STR         equ	1300	;# 
   811     058C                     CLCnCON         equ	1420	;# 
   812     058D                     CLCnPOL         equ	1421	;# 
   813     058E                     CLCnSEL0        equ	1422	;# 
   814     058F                     CLCnSEL1        equ	1423	;# 
   815     0590                     CLCnSEL2        equ	1424	;# 
   816     0591                     CLCnSEL3        equ	1425	;# 
   817     0592                     CLCnGLS0        equ	1426	;# 
   818     0593                     CLCnGLS1        equ	1427	;# 
   819     0594                     CLCnGLS2        equ	1428	;# 
   820     0595                     CLCnGLS3        equ	1429	;# 
   821     0596                     CLCSELECT       equ	1430	;# 
   822     0597                     CLCDATA         equ	1431	;# 
   823     060C                     RC1REG          equ	1548	;# 
   824     060D                     TX1REG          equ	1549	;# 
   825     060E                     SP1BRG          equ	1550	;# 
   826     060E                     SP1BRGL         equ	1550	;# 
   827     060F                     SP1BRGH         equ	1551	;# 
   828     0610                     RC1STA          equ	1552	;# 
   829     0611                     TX1STA          equ	1553	;# 
   830     0612                     BAUD1CON        equ	1554	;# 
   831     0616                     RC2REG          equ	1558	;# 
   832     0617                     TX2REG          equ	1559	;# 
   833     0618                     SP2BRG          equ	1560	;# 
   834     0618                     SP2BRGL         equ	1560	;# 
   835     0619                     SP2BRGH         equ	1561	;# 
   836     061A                     RC2STA          equ	1562	;# 
   837     061B                     TX2STA          equ	1563	;# 
   838     061C                     BAUD2CON        equ	1564	;# 
   839     068C                     SSP1BUF         equ	1676	;# 
   840     068D                     SSP1ADD         equ	1677	;# 
   841     068E                     SSP1MSK         equ	1678	;# 
   842     068F                     SSP1STAT        equ	1679	;# 
   843     0690                     SSP1CON1        equ	1680	;# 
   844     0691                     SSP1CON2        equ	1681	;# 
   845     0692                     SSP1CON3        equ	1682	;# 
   846     0696                     SSP2BUF         equ	1686	;# 
   847     0697                     SSP2ADD         equ	1687	;# 
   848     0698                     SSP2MSK         equ	1688	;# 
   849     0699                     SSP2STAT        equ	1689	;# 
   850     069A                     SSP2CON1        equ	1690	;# 
   851     069B                     SSP2CON2        equ	1691	;# 
   852     069C                     SSP2CON3        equ	1692	;# 
   853     100C                     FVRCON          equ	4108	;# 
   854     100D                     CPCON           equ	4109	;# 
   855     101F                     ZCDCON          equ	4127	;# 
   856     108C                     CM1CON0         equ	4236	;# 
   857     108D                     CM1CON1         equ	4237	;# 
   858     108E                     CM1NCH          equ	4238	;# 
   859     108F                     CM1PCH          equ	4239	;# 
   860     109F                     CMOUT           equ	4255	;# 
   861     109F                     CMSTAT          equ	4255	;# 
   862     110C                     DAC1CON         equ	4364	;# 
   863     110D                     DAC1DATL        equ	4365	;# 
   864     1C8C                     NVMADR          equ	7308	;# 
   865     1C8C                     NVMADRL         equ	7308	;# 
   866     1C8D                     NVMADRH         equ	7309	;# 
   867     1C8E                     NVMDAT          equ	7310	;# 
   868     1C8E                     NVMDATL         equ	7310	;# 
   869     1C8F                     NVMDATH         equ	7311	;# 
   870     1C90                     NVMCON1         equ	7312	;# 
   871     1C91                     NVMCON2         equ	7313	;# 
   872     1D0C                     ADLTH           equ	7436	;# 
   873     1D0C                     ADLTHL          equ	7436	;# 
   874     1D0D                     ADLTHH          equ	7437	;# 
   875     1D0E                     ADUTH           equ	7438	;# 
   876     1D0E                     ADUTHL          equ	7438	;# 
   877     1D0F                     ADUTHH          equ	7439	;# 
   878     1D10                     ADERR           equ	7440	;# 
   879     1D10                     ADERRL          equ	7440	;# 
   880     1D11                     ADERRH          equ	7441	;# 
   881     1D12                     ADSTPT          equ	7442	;# 
   882     1D12                     ADSTPTL         equ	7442	;# 
   883     1D13                     ADSTPTH         equ	7443	;# 
   884     1D14                     ADFLTR          equ	7444	;# 
   885     1D14                     ADFLTRL         equ	7444	;# 
   886     1D15                     ADFLTRH         equ	7445	;# 
   887     1D16                     ADACC           equ	7446	;# 
   888     1D16                     ADACCL          equ	7446	;# 
   889     1D17                     ADACCH          equ	7447	;# 
   890     1D18                     ADACCU          equ	7448	;# 
   891     1D19                     ADCNT           equ	7449	;# 
   892     1D1A                     ADRPT           equ	7450	;# 
   893     1D1B                     ADPREV          equ	7451	;# 
   894     1D1B                     ADPREVL         equ	7451	;# 
   895     1D1C                     ADPREVH         equ	7452	;# 
   896     1D1D                     ADRES           equ	7453	;# 
   897     1D1D                     ADRESL          equ	7453	;# 
   898     1D1E                     ADRESH          equ	7454	;# 
   899     1D1F                     ADPCH           equ	7455	;# 
   900     1D21                     ADACQ           equ	7457	;# 
   901     1D21                     ADACQL          equ	7457	;# 
   902     1D22                     ADACQH          equ	7458	;# 
   903     1D23                     ADCAP           equ	7459	;# 
   904     1D24                     ADPRE           equ	7460	;# 
   905     1D24                     ADPREL          equ	7460	;# 
   906     1D25                     ADPREH          equ	7461	;# 
   907     1D26                     ADCON0          equ	7462	;# 
   908     1D27                     ADCON1          equ	7463	;# 
   909     1D28                     ADCON2          equ	7464	;# 
   910     1D29                     ADCON3          equ	7465	;# 
   911     1D2A                     ADSTAT          equ	7466	;# 
   912     1D2B                     ADREF           equ	7467	;# 
   913     1D2C                     ADACT           equ	7468	;# 
   914     1D2D                     ADCLK           equ	7469	;# 
   915     1D2E                     ADCG1A          equ	7470	;# 
   916     1D8C                     RA0PPS          equ	7564	;# 
   917     1D8D                     RA1PPS          equ	7565	;# 
   918     1D8E                     RA2PPS          equ	7566	;# 
   919     1D90                     RA4PPS          equ	7568	;# 
   920     1D91                     RA5PPS          equ	7569	;# 
   921     1E0C                     PPSLOCK         equ	7692	;# 
   922     1E0D                     INTPPS          equ	7693	;# 
   923     1E0E                     T0CKIPPS        equ	7694	;# 
   924     1E0F                     T1CKIPPS        equ	7695	;# 
   925     1E10                     T1GPPS          equ	7696	;# 
   926     1E11                     T3CKIPPS        equ	7697	;# 
   927     1E12                     T3GPPS          equ	7698	;# 
   928     1E19                     T2INPPS         equ	7705	;# 
   929     1E1A                     T4INPPS         equ	7706	;# 
   930     1E1B                     T6INPPS         equ	7707	;# 
   931     1E1E                     CCP1PPS         equ	7710	;# 
   932     1E1F                     CCP2PPS         equ	7711	;# 
   933     1E39                     CWG1PPS         equ	7737	;# 
   934     1E3D                     CLCIN0PPS       equ	7741	;# 
   935     1E3E                     CLCIN1PPS       equ	7742	;# 
   936     1E3F                     CLCIN2PPS       equ	7743	;# 
   937     1E40                     CLCIN3PPS       equ	7744	;# 
   938     1E41                     RX1PPS          equ	7745	;# 
   939     1E41                     RX1DTPPS        equ	7745	;# 
   940     1E42                     CK1PPS          equ	7746	;# 
   941     1E42                     TX1CKPPS        equ	7746	;# 
   942     1E43                     RX2PPS          equ	7747	;# 
   943     1E43                     RX2DTPPS        equ	7747	;# 
   944     1E44                     CK2PPS          equ	7748	;# 
   945     1E44                     TX2CKPPS        equ	7748	;# 
   946     1E47                     SSP1CLKPPS      equ	7751	;# 
   947     1E48                     SSP1DATPPS      equ	7752	;# 
   948     1E49                     SSP1SSPPS       equ	7753	;# 
   949     1E4A                     SSP2CLKPPS      equ	7754	;# 
   950     1E4B                     SSP2DATPPS      equ	7755	;# 
   951     1E4C                     SSP2SSPPS       equ	7756	;# 
   952     1E50                     ADACTPPS        equ	7760	;# 
   953     1E8C                     ANSELA          equ	7820	;# 
   954     1E8D                     WPUA            equ	7821	;# 
   955     1E8E                     ODCONA          equ	7822	;# 
   956     1E8F                     SLRCONA         equ	7823	;# 
   957     1E90                     INLVLA          equ	7824	;# 
   958     1E91                     IOCAP           equ	7825	;# 
   959     1E92                     IOCAN           equ	7826	;# 
   960     1E93                     IOCAF           equ	7827	;# 
   961     1EE1                     RA1I2C          equ	7905	;# 
   962     1EE2                     RA2I2C          equ	7906	;# 
   963     1F0C                     UMTOAP          equ	7948	;# 
   964     1F0D                     UMTOAL          equ	7949	;# 
   965     1F0E                     UMTOAH          equ	7950	;# 
   966     1FE4                     STATUS_SHAD     equ	8164	;# 
   967     1FE5                     WREG_SHAD       equ	8165	;# 
   968     1FE6                     BSR_SHAD        equ	8166	;# 
   969     1FE7                     PCLATH_SHAD     equ	8167	;# 
   970     1FE8                     FSR0_SHAD       equ	8168	;# 
   971     1FE8                     FSR0L_SHAD      equ	8168	;# 
   972     1FE9                     FSR0H_SHAD      equ	8169	;# 
   973     1FEA                     FSR1_SHAD       equ	8170	;# 
   974     1FEA                     FSR1L_SHAD      equ	8170	;# 
   975     1FEB                     FSR1H_SHAD      equ	8171	;# 
   976     1FED                     STKPTR          equ	8173	;# 
   977     1FEE                     TOSL            equ	8174	;# 
   978     1FEF                     TOSH            equ	8175	;# 
   979     0000                     INDF0           equ	0	;# 
   980     0001                     INDF1           equ	1	;# 
   981     0002                     PCL             equ	2	;# 
   982     0003                     STATUS          equ	3	;# 
   983     0004                     FSR0L           equ	4	;# 
   984     0005                     FSR0H           equ	5	;# 
   985     0006                     FSR1L           equ	6	;# 
   986     0007                     FSR1H           equ	7	;# 
   987     0008                     BSR             equ	8	;# 
   988     0009                     WREG            equ	9	;# 
   989     000A                     PCLATH          equ	10	;# 
   990     000B                     INTCON          equ	11	;# 
   991     000C                     PORTA           equ	12	;# 
   992     0012                     TRISA           equ	18	;# 
   993     0018                     LATA            equ	24	;# 
   994     008C                     PIR0            equ	140	;# 
   995     008D                     PIR1            equ	141	;# 
   996     008E                     PIR2            equ	142	;# 
   997     008F                     PIR3            equ	143	;# 
   998     0090                     PIR4            equ	144	;# 
   999     0096                     PIE0            equ	150	;# 
  1000     0097                     PIE1            equ	151	;# 
  1001     0098                     PIE2            equ	152	;# 
  1002     0099                     PIE3            equ	153	;# 
  1003     009A                     PIE4            equ	154	;# 
  1004     018C                     WDTCON          equ	396	;# 
  1005     018D                     BORCON          equ	397	;# 
  1006     018E                     PCON0           equ	398	;# 
  1007     018F                     PCON1           equ	399	;# 
  1008     019C                     TMR0L           equ	412	;# 
  1009     019C                     TMR0            equ	412	;# 
  1010     019D                     TMR0H           equ	413	;# 
  1011     019D                     PR0             equ	413	;# 
  1012     019E                     T0CON0          equ	414	;# 
  1013     019F                     T0CON1          equ	415	;# 
  1014     020E                     OSCCON2         equ	526	;# 
  1015     020F                     OSCCON3         equ	527	;# 
  1016     0210                     OSCSTAT         equ	528	;# 
  1017     0211                     OSCEN           equ	529	;# 
  1018     0212                     OSCTUNE         equ	530	;# 
  1019     0213                     OSCFRQ          equ	531	;# 
  1020     0214                     ACTCON          equ	532	;# 
  1021     028C                     TMR1            equ	652	;# 
  1022     028C                     TMR1L           equ	652	;# 
  1023     028D                     TMR1H           equ	653	;# 
  1024     028E                     T1CON           equ	654	;# 
  1025     028F                     T1GCON          equ	655	;# 
  1026     028F                     PR1             equ	655	;# 
  1027     0290                     T1GATE          equ	656	;# 
  1028     0290                     TMR1GATE        equ	656	;# 
  1029     0291                     T1CLK           equ	657	;# 
  1030     0291                     TMR1CLK         equ	657	;# 
  1031     0292                     TMR3            equ	658	;# 
  1032     0292                     TMR3L           equ	658	;# 
  1033     0293                     TMR3H           equ	659	;# 
  1034     0294                     T3CON           equ	660	;# 
  1035     0295                     T3GCON          equ	661	;# 
  1036     0295                     PR3             equ	661	;# 
  1037     0296                     T3GATE          equ	662	;# 
  1038     0296                     TMR3GATE        equ	662	;# 
  1039     0297                     T3CLK           equ	663	;# 
  1040     0297                     TMR3CLK         equ	663	;# 
  1041     030C                     T2TMR           equ	780	;# 
  1042     030C                     TMR2            equ	780	;# 
  1043     030D                     T2PR            equ	781	;# 
  1044     030D                     PR2             equ	781	;# 
  1045     030E                     T2CON           equ	782	;# 
  1046     030F                     T2HLT           equ	783	;# 
  1047     0310                     T2CLKCON        equ	784	;# 
  1048     0310                     T2CLK           equ	784	;# 
  1049     0311                     T2RST           equ	785	;# 
  1050     0312                     T4TMR           equ	786	;# 
  1051     0312                     TMR4            equ	786	;# 
  1052     0313                     T4PR            equ	787	;# 
  1053     0313                     PR4             equ	787	;# 
  1054     0314                     T4CON           equ	788	;# 
  1055     0315                     T4HLT           equ	789	;# 
  1056     0316                     T4CLKCON        equ	790	;# 
  1057     0316                     T4CLK           equ	790	;# 
  1058     0317                     T4RST           equ	791	;# 
  1059     0318                     T6TMR           equ	792	;# 
  1060     0318                     TMR6            equ	792	;# 
  1061     0319                     T6PR            equ	793	;# 
  1062     0319                     PR6             equ	793	;# 
  1063     031A                     T6CON           equ	794	;# 
  1064     031B                     T6HLT           equ	795	;# 
  1065     031C                     T6CLKCON        equ	796	;# 
  1066     031C                     T6CLK           equ	796	;# 
  1067     031D                     T6RST           equ	797	;# 
  1068     038C                     CCPR1           equ	908	;# 
  1069     038C                     CCPR1L          equ	908	;# 
  1070     038D                     CCPR1H          equ	909	;# 
  1071     038E                     CCP1CON         equ	910	;# 
  1072     038F                     CCP1CAP         equ	911	;# 
  1073     0390                     CCPR2           equ	912	;# 
  1074     0390                     CCPR2L          equ	912	;# 
  1075     0391                     CCPR2H          equ	913	;# 
  1076     0392                     CCP2CON         equ	914	;# 
  1077     0393                     CCP2CAP         equ	915	;# 
  1078     039F                     CCPTMRS0        equ	927	;# 
  1079     040C                     PWM3DC          equ	1036	;# 
  1080     040C                     PWM3DCL         equ	1036	;# 
  1081     040D                     PWM3DCH         equ	1037	;# 
  1082     040E                     PWM3CON         equ	1038	;# 
  1083     040F                     PWM4DC          equ	1039	;# 
  1084     040F                     PWM4DCL         equ	1039	;# 
  1085     0410                     PWM4DCH         equ	1040	;# 
  1086     0411                     PWM4CON         equ	1041	;# 
  1087     0412                     PWM5DC          equ	1042	;# 
  1088     0412                     PWM5DCL         equ	1042	;# 
  1089     0413                     PWM5DCH         equ	1043	;# 
  1090     0414                     PWM5CON         equ	1044	;# 
  1091     041F                     PWMTMRS0        equ	1055	;# 
  1092     048C                     NCO1ACC         equ	1164	;# 
  1093     048C                     NCO1ACCL        equ	1164	;# 
  1094     048D                     NCO1ACCH        equ	1165	;# 
  1095     048E                     NCO1ACCU        equ	1166	;# 
  1096     048F                     NCO1INC         equ	1167	;# 
  1097     048F                     NCO1INCL        equ	1167	;# 
  1098     0490                     NCO1INCH        equ	1168	;# 
  1099     0491                     NCO1INCU        equ	1169	;# 
  1100     0492                     NCO1CON         equ	1170	;# 
  1101     0493                     NCO1CLK         equ	1171	;# 
  1102     050C                     CWG1CLK         equ	1292	;# 
  1103     050C                     CWG1CLKCON      equ	1292	;# 
  1104     050D                     CWG1ISM         equ	1293	;# 
  1105     050D                     CWG1DAT         equ	1293	;# 
  1106     050E                     CWG1DBR         equ	1294	;# 
  1107     050F                     CWG1DBF         equ	1295	;# 
  1108     0510                     CWG1CON0        equ	1296	;# 
  1109     0511                     CWG1CON1        equ	1297	;# 
  1110     0512                     CWG1AS0         equ	1298	;# 
  1111     0513                     CWG1AS1         equ	1299	;# 
  1112     0514                     CWG1STR         equ	1300	;# 
  1113     058C                     CLCnCON         equ	1420	;# 
  1114     058D                     CLCnPOL         equ	1421	;# 
  1115     058E                     CLCnSEL0        equ	1422	;# 
  1116     058F                     CLCnSEL1        equ	1423	;# 
  1117     0590                     CLCnSEL2        equ	1424	;# 
  1118     0591                     CLCnSEL3        equ	1425	;# 
  1119     0592                     CLCnGLS0        equ	1426	;# 
  1120     0593                     CLCnGLS1        equ	1427	;# 
  1121     0594                     CLCnGLS2        equ	1428	;# 
  1122     0595                     CLCnGLS3        equ	1429	;# 
  1123     0596                     CLCSELECT       equ	1430	;# 
  1124     0597                     CLCDATA         equ	1431	;# 
  1125     060C                     RC1REG          equ	1548	;# 
  1126     060D                     TX1REG          equ	1549	;# 
  1127     060E                     SP1BRG          equ	1550	;# 
  1128     060E                     SP1BRGL         equ	1550	;# 
  1129     060F                     SP1BRGH         equ	1551	;# 
  1130     0610                     RC1STA          equ	1552	;# 
  1131     0611                     TX1STA          equ	1553	;# 
  1132     0612                     BAUD1CON        equ	1554	;# 
  1133     0616                     RC2REG          equ	1558	;# 
  1134     0617                     TX2REG          equ	1559	;# 
  1135     0618                     SP2BRG          equ	1560	;# 
  1136     0618                     SP2BRGL         equ	1560	;# 
  1137     0619                     SP2BRGH         equ	1561	;# 
  1138     061A                     RC2STA          equ	1562	;# 
  1139     061B                     TX2STA          equ	1563	;# 
  1140     061C                     BAUD2CON        equ	1564	;# 
  1141     068C                     SSP1BUF         equ	1676	;# 
  1142     068D                     SSP1ADD         equ	1677	;# 
  1143     068E                     SSP1MSK         equ	1678	;# 
  1144     068F                     SSP1STAT        equ	1679	;# 
  1145     0690                     SSP1CON1        equ	1680	;# 
  1146     0691                     SSP1CON2        equ	1681	;# 
  1147     0692                     SSP1CON3        equ	1682	;# 
  1148     0696                     SSP2BUF         equ	1686	;# 
  1149     0697                     SSP2ADD         equ	1687	;# 
  1150     0698                     SSP2MSK         equ	1688	;# 
  1151     0699                     SSP2STAT        equ	1689	;# 
  1152     069A                     SSP2CON1        equ	1690	;# 
  1153     069B                     SSP2CON2        equ	1691	;# 
  1154     069C                     SSP2CON3        equ	1692	;# 
  1155     100C                     FVRCON          equ	4108	;# 
  1156     100D                     CPCON           equ	4109	;# 
  1157     101F                     ZCDCON          equ	4127	;# 
  1158     108C                     CM1CON0         equ	4236	;# 
  1159     108D                     CM1CON1         equ	4237	;# 
  1160     108E                     CM1NCH          equ	4238	;# 
  1161     108F                     CM1PCH          equ	4239	;# 
  1162     109F                     CMOUT           equ	4255	;# 
  1163     109F                     CMSTAT          equ	4255	;# 
  1164     110C                     DAC1CON         equ	4364	;# 
  1165     110D                     DAC1DATL        equ	4365	;# 
  1166     1C8C                     NVMADR          equ	7308	;# 
  1167     1C8C                     NVMADRL         equ	7308	;# 
  1168     1C8D                     NVMADRH         equ	7309	;# 
  1169     1C8E                     NVMDAT          equ	7310	;# 
  1170     1C8E                     NVMDATL         equ	7310	;# 
  1171     1C8F                     NVMDATH         equ	7311	;# 
  1172     1C90                     NVMCON1         equ	7312	;# 
  1173     1C91                     NVMCON2         equ	7313	;# 
  1174     1D0C                     ADLTH           equ	7436	;# 
  1175     1D0C                     ADLTHL          equ	7436	;# 
  1176     1D0D                     ADLTHH          equ	7437	;# 
  1177     1D0E                     ADUTH           equ	7438	;# 
  1178     1D0E                     ADUTHL          equ	7438	;# 
  1179     1D0F                     ADUTHH          equ	7439	;# 
  1180     1D10                     ADERR           equ	7440	;# 
  1181     1D10                     ADERRL          equ	7440	;# 
  1182     1D11                     ADERRH          equ	7441	;# 
  1183     1D12                     ADSTPT          equ	7442	;# 
  1184     1D12                     ADSTPTL         equ	7442	;# 
  1185     1D13                     ADSTPTH         equ	7443	;# 
  1186     1D14                     ADFLTR          equ	7444	;# 
  1187     1D14                     ADFLTRL         equ	7444	;# 
  1188     1D15                     ADFLTRH         equ	7445	;# 
  1189     1D16                     ADACC           equ	7446	;# 
  1190     1D16                     ADACCL          equ	7446	;# 
  1191     1D17                     ADACCH          equ	7447	;# 
  1192     1D18                     ADACCU          equ	7448	;# 
  1193     1D19                     ADCNT           equ	7449	;# 
  1194     1D1A                     ADRPT           equ	7450	;# 
  1195     1D1B                     ADPREV          equ	7451	;# 
  1196     1D1B                     ADPREVL         equ	7451	;# 
  1197     1D1C                     ADPREVH         equ	7452	;# 
  1198     1D1D                     ADRES           equ	7453	;# 
  1199     1D1D                     ADRESL          equ	7453	;# 
  1200     1D1E                     ADRESH          equ	7454	;# 
  1201     1D1F                     ADPCH           equ	7455	;# 
  1202     1D21                     ADACQ           equ	7457	;# 
  1203     1D21                     ADACQL          equ	7457	;# 
  1204     1D22                     ADACQH          equ	7458	;# 
  1205     1D23                     ADCAP           equ	7459	;# 
  1206     1D24                     ADPRE           equ	7460	;# 
  1207     1D24                     ADPREL          equ	7460	;# 
  1208     1D25                     ADPREH          equ	7461	;# 
  1209     1D26                     ADCON0          equ	7462	;# 
  1210     1D27                     ADCON1          equ	7463	;# 
  1211     1D28                     ADCON2          equ	7464	;# 
  1212     1D29                     ADCON3          equ	7465	;# 
  1213     1D2A                     ADSTAT          equ	7466	;# 
  1214     1D2B                     ADREF           equ	7467	;# 
  1215     1D2C                     ADACT           equ	7468	;# 
  1216     1D2D                     ADCLK           equ	7469	;# 
  1217     1D2E                     ADCG1A          equ	7470	;# 
  1218     1D8C                     RA0PPS          equ	7564	;# 
  1219     1D8D                     RA1PPS          equ	7565	;# 
  1220     1D8E                     RA2PPS          equ	7566	;# 
  1221     1D90                     RA4PPS          equ	7568	;# 
  1222     1D91                     RA5PPS          equ	7569	;# 
  1223     1E0C                     PPSLOCK         equ	7692	;# 
  1224     1E0D                     INTPPS          equ	7693	;# 
  1225     1E0E                     T0CKIPPS        equ	7694	;# 
  1226     1E0F                     T1CKIPPS        equ	7695	;# 
  1227     1E10                     T1GPPS          equ	7696	;# 
  1228     1E11                     T3CKIPPS        equ	7697	;# 
  1229     1E12                     T3GPPS          equ	7698	;# 
  1230     1E19                     T2INPPS         equ	7705	;# 
  1231     1E1A                     T4INPPS         equ	7706	;# 
  1232     1E1B                     T6INPPS         equ	7707	;# 
  1233     1E1E                     CCP1PPS         equ	7710	;# 
  1234     1E1F                     CCP2PPS         equ	7711	;# 
  1235     1E39                     CWG1PPS         equ	7737	;# 
  1236     1E3D                     CLCIN0PPS       equ	7741	;# 
  1237     1E3E                     CLCIN1PPS       equ	7742	;# 
  1238     1E3F                     CLCIN2PPS       equ	7743	;# 
  1239     1E40                     CLCIN3PPS       equ	7744	;# 
  1240     1E41                     RX1PPS          equ	7745	;# 
  1241     1E41                     RX1DTPPS        equ	7745	;# 
  1242     1E42                     CK1PPS          equ	7746	;# 
  1243     1E42                     TX1CKPPS        equ	7746	;# 
  1244     1E43                     RX2PPS          equ	7747	;# 
  1245     1E43                     RX2DTPPS        equ	7747	;# 
  1246     1E44                     CK2PPS          equ	7748	;# 
  1247     1E44                     TX2CKPPS        equ	7748	;# 
  1248     1E47                     SSP1CLKPPS      equ	7751	;# 
  1249     1E48                     SSP1DATPPS      equ	7752	;# 
  1250     1E49                     SSP1SSPPS       equ	7753	;# 
  1251     1E4A                     SSP2CLKPPS      equ	7754	;# 
  1252     1E4B                     SSP2DATPPS      equ	7755	;# 
  1253     1E4C                     SSP2SSPPS       equ	7756	;# 
  1254     1E50                     ADACTPPS        equ	7760	;# 
  1255     1E8C                     ANSELA          equ	7820	;# 
  1256     1E8D                     WPUA            equ	7821	;# 
  1257     1E8E                     ODCONA          equ	7822	;# 
  1258     1E8F                     SLRCONA         equ	7823	;# 
  1259     1E90                     INLVLA          equ	7824	;# 
  1260     1E91                     IOCAP           equ	7825	;# 
  1261     1E92                     IOCAN           equ	7826	;# 
  1262     1E93                     IOCAF           equ	7827	;# 
  1263     1EE1                     RA1I2C          equ	7905	;# 
  1264     1EE2                     RA2I2C          equ	7906	;# 
  1265     1F0C                     UMTOAP          equ	7948	;# 
  1266     1F0D                     UMTOAL          equ	7949	;# 
  1267     1F0E                     UMTOAH          equ	7950	;# 
  1268     1FE4                     STATUS_SHAD     equ	8164	;# 
  1269     1FE5                     WREG_SHAD       equ	8165	;# 
  1270     1FE6                     BSR_SHAD        equ	8166	;# 
  1271     1FE7                     PCLATH_SHAD     equ	8167	;# 
  1272     1FE8                     FSR0_SHAD       equ	8168	;# 
  1273     1FE8                     FSR0L_SHAD      equ	8168	;# 
  1274     1FE9                     FSR0H_SHAD      equ	8169	;# 
  1275     1FEA                     FSR1_SHAD       equ	8170	;# 
  1276     1FEA                     FSR1L_SHAD      equ	8170	;# 
  1277     1FEB                     FSR1H_SHAD      equ	8171	;# 
  1278     1FED                     STKPTR          equ	8173	;# 
  1279     1FEE                     TOSL            equ	8174	;# 
  1280     1FEF                     TOSH            equ	8175	;# 
  1281     0000                     INDF0           equ	0	;# 
  1282     0001                     INDF1           equ	1	;# 
  1283     0002                     PCL             equ	2	;# 
  1284     0003                     STATUS          equ	3	;# 
  1285     0004                     FSR0L           equ	4	;# 
  1286     0005                     FSR0H           equ	5	;# 
  1287     0006                     FSR1L           equ	6	;# 
  1288     0007                     FSR1H           equ	7	;# 
  1289     0008                     BSR             equ	8	;# 
  1290     0009                     WREG            equ	9	;# 
  1291     000A                     PCLATH          equ	10	;# 
  1292     000B                     INTCON          equ	11	;# 
  1293     000C                     PORTA           equ	12	;# 
  1294     0012                     TRISA           equ	18	;# 
  1295     0018                     LATA            equ	24	;# 
  1296     008C                     PIR0            equ	140	;# 
  1297     008D                     PIR1            equ	141	;# 
  1298     008E                     PIR2            equ	142	;# 
  1299     008F                     PIR3            equ	143	;# 
  1300     0090                     PIR4            equ	144	;# 
  1301     0096                     PIE0            equ	150	;# 
  1302     0097                     PIE1            equ	151	;# 
  1303     0098                     PIE2            equ	152	;# 
  1304     0099                     PIE3            equ	153	;# 
  1305     009A                     PIE4            equ	154	;# 
  1306     018C                     WDTCON          equ	396	;# 
  1307     018D                     BORCON          equ	397	;# 
  1308     018E                     PCON0           equ	398	;# 
  1309     018F                     PCON1           equ	399	;# 
  1310     019C                     TMR0L           equ	412	;# 
  1311     019C                     TMR0            equ	412	;# 
  1312     019D                     TMR0H           equ	413	;# 
  1313     019D                     PR0             equ	413	;# 
  1314     019E                     T0CON0          equ	414	;# 
  1315     019F                     T0CON1          equ	415	;# 
  1316     020E                     OSCCON2         equ	526	;# 
  1317     020F                     OSCCON3         equ	527	;# 
  1318     0210                     OSCSTAT         equ	528	;# 
  1319     0211                     OSCEN           equ	529	;# 
  1320     0212                     OSCTUNE         equ	530	;# 
  1321     0213                     OSCFRQ          equ	531	;# 
  1322     0214                     ACTCON          equ	532	;# 
  1323     028C                     TMR1            equ	652	;# 
  1324     028C                     TMR1L           equ	652	;# 
  1325     028D                     TMR1H           equ	653	;# 
  1326     028E                     T1CON           equ	654	;# 
  1327     028F                     T1GCON          equ	655	;# 
  1328     028F                     PR1             equ	655	;# 
  1329     0290                     T1GATE          equ	656	;# 
  1330     0290                     TMR1GATE        equ	656	;# 
  1331     0291                     T1CLK           equ	657	;# 
  1332     0291                     TMR1CLK         equ	657	;# 
  1333     0292                     TMR3            equ	658	;# 
  1334     0292                     TMR3L           equ	658	;# 
  1335     0293                     TMR3H           equ	659	;# 
  1336     0294                     T3CON           equ	660	;# 
  1337     0295                     T3GCON          equ	661	;# 
  1338     0295                     PR3             equ	661	;# 
  1339     0296                     T3GATE          equ	662	;# 
  1340     0296                     TMR3GATE        equ	662	;# 
  1341     0297                     T3CLK           equ	663	;# 
  1342     0297                     TMR3CLK         equ	663	;# 
  1343     030C                     T2TMR           equ	780	;# 
  1344     030C                     TMR2            equ	780	;# 
  1345     030D                     T2PR            equ	781	;# 
  1346     030D                     PR2             equ	781	;# 
  1347     030E                     T2CON           equ	782	;# 
  1348     030F                     T2HLT           equ	783	;# 
  1349     0310                     T2CLKCON        equ	784	;# 
  1350     0310                     T2CLK           equ	784	;# 
  1351     0311                     T2RST           equ	785	;# 
  1352     0312                     T4TMR           equ	786	;# 
  1353     0312                     TMR4            equ	786	;# 
  1354     0313                     T4PR            equ	787	;# 
  1355     0313                     PR4             equ	787	;# 
  1356     0314                     T4CON           equ	788	;# 
  1357     0315                     T4HLT           equ	789	;# 
  1358     0316                     T4CLKCON        equ	790	;# 
  1359     0316                     T4CLK           equ	790	;# 
  1360     0317                     T4RST           equ	791	;# 
  1361     0318                     T6TMR           equ	792	;# 
  1362     0318                     TMR6            equ	792	;# 
  1363     0319                     T6PR            equ	793	;# 
  1364     0319                     PR6             equ	793	;# 
  1365     031A                     T6CON           equ	794	;# 
  1366     031B                     T6HLT           equ	795	;# 
  1367     031C                     T6CLKCON        equ	796	;# 
  1368     031C                     T6CLK           equ	796	;# 
  1369     031D                     T6RST           equ	797	;# 
  1370     038C                     CCPR1           equ	908	;# 
  1371     038C                     CCPR1L          equ	908	;# 
  1372     038D                     CCPR1H          equ	909	;# 
  1373     038E                     CCP1CON         equ	910	;# 
  1374     038F                     CCP1CAP         equ	911	;# 
  1375     0390                     CCPR2           equ	912	;# 
  1376     0390                     CCPR2L          equ	912	;# 
  1377     0391                     CCPR2H          equ	913	;# 
  1378     0392                     CCP2CON         equ	914	;# 
  1379     0393                     CCP2CAP         equ	915	;# 
  1380     039F                     CCPTMRS0        equ	927	;# 
  1381     040C                     PWM3DC          equ	1036	;# 
  1382     040C                     PWM3DCL         equ	1036	;# 
  1383     040D                     PWM3DCH         equ	1037	;# 
  1384     040E                     PWM3CON         equ	1038	;# 
  1385     040F                     PWM4DC          equ	1039	;# 
  1386     040F                     PWM4DCL         equ	1039	;# 
  1387     0410                     PWM4DCH         equ	1040	;# 
  1388     0411                     PWM4CON         equ	1041	;# 
  1389     0412                     PWM5DC          equ	1042	;# 
  1390     0412                     PWM5DCL         equ	1042	;# 
  1391     0413                     PWM5DCH         equ	1043	;# 
  1392     0414                     PWM5CON         equ	1044	;# 
  1393     041F                     PWMTMRS0        equ	1055	;# 
  1394     048C                     NCO1ACC         equ	1164	;# 
  1395     048C                     NCO1ACCL        equ	1164	;# 
  1396     048D                     NCO1ACCH        equ	1165	;# 
  1397     048E                     NCO1ACCU        equ	1166	;# 
  1398     048F                     NCO1INC         equ	1167	;# 
  1399     048F                     NCO1INCL        equ	1167	;# 
  1400     0490                     NCO1INCH        equ	1168	;# 
  1401     0491                     NCO1INCU        equ	1169	;# 
  1402     0492                     NCO1CON         equ	1170	;# 
  1403     0493                     NCO1CLK         equ	1171	;# 
  1404     050C                     CWG1CLK         equ	1292	;# 
  1405     050C                     CWG1CLKCON      equ	1292	;# 
  1406     050D                     CWG1ISM         equ	1293	;# 
  1407     050D                     CWG1DAT         equ	1293	;# 
  1408     050E                     CWG1DBR         equ	1294	;# 
  1409     050F                     CWG1DBF         equ	1295	;# 
  1410     0510                     CWG1CON0        equ	1296	;# 
  1411     0511                     CWG1CON1        equ	1297	;# 
  1412     0512                     CWG1AS0         equ	1298	;# 
  1413     0513                     CWG1AS1         equ	1299	;# 
  1414     0514                     CWG1STR         equ	1300	;# 
  1415     058C                     CLCnCON         equ	1420	;# 
  1416     058D                     CLCnPOL         equ	1421	;# 
  1417     058E                     CLCnSEL0        equ	1422	;# 
  1418     058F                     CLCnSEL1        equ	1423	;# 
  1419     0590                     CLCnSEL2        equ	1424	;# 
  1420     0591                     CLCnSEL3        equ	1425	;# 
  1421     0592                     CLCnGLS0        equ	1426	;# 
  1422     0593                     CLCnGLS1        equ	1427	;# 
  1423     0594                     CLCnGLS2        equ	1428	;# 
  1424     0595                     CLCnGLS3        equ	1429	;# 
  1425     0596                     CLCSELECT       equ	1430	;# 
  1426     0597                     CLCDATA         equ	1431	;# 
  1427     060C                     RC1REG          equ	1548	;# 
  1428     060D                     TX1REG          equ	1549	;# 
  1429     060E                     SP1BRG          equ	1550	;# 
  1430     060E                     SP1BRGL         equ	1550	;# 
  1431     060F                     SP1BRGH         equ	1551	;# 
  1432     0610                     RC1STA          equ	1552	;# 
  1433     0611                     TX1STA          equ	1553	;# 
  1434     0612                     BAUD1CON        equ	1554	;# 
  1435     0616                     RC2REG          equ	1558	;# 
  1436     0617                     TX2REG          equ	1559	;# 
  1437     0618                     SP2BRG          equ	1560	;# 
  1438     0618                     SP2BRGL         equ	1560	;# 
  1439     0619                     SP2BRGH         equ	1561	;# 
  1440     061A                     RC2STA          equ	1562	;# 
  1441     061B                     TX2STA          equ	1563	;# 
  1442     061C                     BAUD2CON        equ	1564	;# 
  1443     068C                     SSP1BUF         equ	1676	;# 
  1444     068D                     SSP1ADD         equ	1677	;# 
  1445     068E                     SSP1MSK         equ	1678	;# 
  1446     068F                     SSP1STAT        equ	1679	;# 
  1447     0690                     SSP1CON1        equ	1680	;# 
  1448     0691                     SSP1CON2        equ	1681	;# 
  1449     0692                     SSP1CON3        equ	1682	;# 
  1450     0696                     SSP2BUF         equ	1686	;# 
  1451     0697                     SSP2ADD         equ	1687	;# 
  1452     0698                     SSP2MSK         equ	1688	;# 
  1453     0699                     SSP2STAT        equ	1689	;# 
  1454     069A                     SSP2CON1        equ	1690	;# 
  1455     069B                     SSP2CON2        equ	1691	;# 
  1456     069C                     SSP2CON3        equ	1692	;# 
  1457     100C                     FVRCON          equ	4108	;# 
  1458     100D                     CPCON           equ	4109	;# 
  1459     101F                     ZCDCON          equ	4127	;# 
  1460     108C                     CM1CON0         equ	4236	;# 
  1461     108D                     CM1CON1         equ	4237	;# 
  1462     108E                     CM1NCH          equ	4238	;# 
  1463     108F                     CM1PCH          equ	4239	;# 
  1464     109F                     CMOUT           equ	4255	;# 
  1465     109F                     CMSTAT          equ	4255	;# 
  1466     110C                     DAC1CON         equ	4364	;# 
  1467     110D                     DAC1DATL        equ	4365	;# 
  1468     1C8C                     NVMADR          equ	7308	;# 
  1469     1C8C                     NVMADRL         equ	7308	;# 
  1470     1C8D                     NVMADRH         equ	7309	;# 
  1471     1C8E                     NVMDAT          equ	7310	;# 
  1472     1C8E                     NVMDATL         equ	7310	;# 
  1473     1C8F                     NVMDATH         equ	7311	;# 
  1474     1C90                     NVMCON1         equ	7312	;# 
  1475     1C91                     NVMCON2         equ	7313	;# 
  1476     1D0C                     ADLTH           equ	7436	;# 
  1477     1D0C                     ADLTHL          equ	7436	;# 
  1478     1D0D                     ADLTHH          equ	7437	;# 
  1479     1D0E                     ADUTH           equ	7438	;# 
  1480     1D0E                     ADUTHL          equ	7438	;# 
  1481     1D0F                     ADUTHH          equ	7439	;# 
  1482     1D10                     ADERR           equ	7440	;# 
  1483     1D10                     ADERRL          equ	7440	;# 
  1484     1D11                     ADERRH          equ	7441	;# 
  1485     1D12                     ADSTPT          equ	7442	;# 
  1486     1D12                     ADSTPTL         equ	7442	;# 
  1487     1D13                     ADSTPTH         equ	7443	;# 
  1488     1D14                     ADFLTR          equ	7444	;# 
  1489     1D14                     ADFLTRL         equ	7444	;# 
  1490     1D15                     ADFLTRH         equ	7445	;# 
  1491     1D16                     ADACC           equ	7446	;# 
  1492     1D16                     ADACCL          equ	7446	;# 
  1493     1D17                     ADACCH          equ	7447	;# 
  1494     1D18                     ADACCU          equ	7448	;# 
  1495     1D19                     ADCNT           equ	7449	;# 
  1496     1D1A                     ADRPT           equ	7450	;# 
  1497     1D1B                     ADPREV          equ	7451	;# 
  1498     1D1B                     ADPREVL         equ	7451	;# 
  1499     1D1C                     ADPREVH         equ	7452	;# 
  1500     1D1D                     ADRES           equ	7453	;# 
  1501     1D1D                     ADRESL          equ	7453	;# 
  1502     1D1E                     ADRESH          equ	7454	;# 
  1503     1D1F                     ADPCH           equ	7455	;# 
  1504     1D21                     ADACQ           equ	7457	;# 
  1505     1D21                     ADACQL          equ	7457	;# 
  1506     1D22                     ADACQH          equ	7458	;# 
  1507     1D23                     ADCAP           equ	7459	;# 
  1508     1D24                     ADPRE           equ	7460	;# 
  1509     1D24                     ADPREL          equ	7460	;# 
  1510     1D25                     ADPREH          equ	7461	;# 
  1511     1D26                     ADCON0          equ	7462	;# 
  1512     1D27                     ADCON1          equ	7463	;# 
  1513     1D28                     ADCON2          equ	7464	;# 
  1514     1D29                     ADCON3          equ	7465	;# 
  1515     1D2A                     ADSTAT          equ	7466	;# 
  1516     1D2B                     ADREF           equ	7467	;# 
  1517     1D2C                     ADACT           equ	7468	;# 
  1518     1D2D                     ADCLK           equ	7469	;# 
  1519     1D2E                     ADCG1A          equ	7470	;# 
  1520     1D8C                     RA0PPS          equ	7564	;# 
  1521     1D8D                     RA1PPS          equ	7565	;# 
  1522     1D8E                     RA2PPS          equ	7566	;# 
  1523     1D90                     RA4PPS          equ	7568	;# 
  1524     1D91                     RA5PPS          equ	7569	;# 
  1525     1E0C                     PPSLOCK         equ	7692	;# 
  1526     1E0D                     INTPPS          equ	7693	;# 
  1527     1E0E                     T0CKIPPS        equ	7694	;# 
  1528     1E0F                     T1CKIPPS        equ	7695	;# 
  1529     1E10                     T1GPPS          equ	7696	;# 
  1530     1E11                     T3CKIPPS        equ	7697	;# 
  1531     1E12                     T3GPPS          equ	7698	;# 
  1532     1E19                     T2INPPS         equ	7705	;# 
  1533     1E1A                     T4INPPS         equ	7706	;# 
  1534     1E1B                     T6INPPS         equ	7707	;# 
  1535     1E1E                     CCP1PPS         equ	7710	;# 
  1536     1E1F                     CCP2PPS         equ	7711	;# 
  1537     1E39                     CWG1PPS         equ	7737	;# 
  1538     1E3D                     CLCIN0PPS       equ	7741	;# 
  1539     1E3E                     CLCIN1PPS       equ	7742	;# 
  1540     1E3F                     CLCIN2PPS       equ	7743	;# 
  1541     1E40                     CLCIN3PPS       equ	7744	;# 
  1542     1E41                     RX1PPS          equ	7745	;# 
  1543     1E41                     RX1DTPPS        equ	7745	;# 
  1544     1E42                     CK1PPS          equ	7746	;# 
  1545     1E42                     TX1CKPPS        equ	7746	;# 
  1546     1E43                     RX2PPS          equ	7747	;# 
  1547     1E43                     RX2DTPPS        equ	7747	;# 
  1548     1E44                     CK2PPS          equ	7748	;# 
  1549     1E44                     TX2CKPPS        equ	7748	;# 
  1550     1E47                     SSP1CLKPPS      equ	7751	;# 
  1551     1E48                     SSP1DATPPS      equ	7752	;# 
  1552     1E49                     SSP1SSPPS       equ	7753	;# 
  1553     1E4A                     SSP2CLKPPS      equ	7754	;# 
  1554     1E4B                     SSP2DATPPS      equ	7755	;# 
  1555     1E4C                     SSP2SSPPS       equ	7756	;# 
  1556     1E50                     ADACTPPS        equ	7760	;# 
  1557     1E8C                     ANSELA          equ	7820	;# 
  1558     1E8D                     WPUA            equ	7821	;# 
  1559     1E8E                     ODCONA          equ	7822	;# 
  1560     1E8F                     SLRCONA         equ	7823	;# 
  1561     1E90                     INLVLA          equ	7824	;# 
  1562     1E91                     IOCAP           equ	7825	;# 
  1563     1E92                     IOCAN           equ	7826	;# 
  1564     1E93                     IOCAF           equ	7827	;# 
  1565     1EE1                     RA1I2C          equ	7905	;# 
  1566     1EE2                     RA2I2C          equ	7906	;# 
  1567     1F0C                     UMTOAP          equ	7948	;# 
  1568     1F0D                     UMTOAL          equ	7949	;# 
  1569     1F0E                     UMTOAH          equ	7950	;# 
  1570     1FE4                     STATUS_SHAD     equ	8164	;# 
  1571     1FE5                     WREG_SHAD       equ	8165	;# 
  1572     1FE6                     BSR_SHAD        equ	8166	;# 
  1573     1FE7                     PCLATH_SHAD     equ	8167	;# 
  1574     1FE8                     FSR0_SHAD       equ	8168	;# 
  1575     1FE8                     FSR0L_SHAD      equ	8168	;# 
  1576     1FE9                     FSR0H_SHAD      equ	8169	;# 
  1577     1FEA                     FSR1_SHAD       equ	8170	;# 
  1578     1FEA                     FSR1L_SHAD      equ	8170	;# 
  1579     1FEB                     FSR1H_SHAD      equ	8171	;# 
  1580     1FED                     STKPTR          equ	8173	;# 
  1581     1FEE                     TOSL            equ	8174	;# 
  1582     1FEF                     TOSH            equ	8175	;# 
  1583     0012                     _TRISAbits      set	18
  1584     0012                     _TRISA          set	18
  1585     0018                     _LATA           set	24
  1586     0018                     _LATAbits       set	24
  1587     005F                     _GIE            set	95
  1588     005E                     _PEIE           set	94
  1589     00C2                     _LATA2          set	194
  1590     04B5                     _TMR0IE         set	1205
  1591     0465                     _TMR0IF         set	1125
  1592     0483                     _ADIF           set	1155
  1593     019C                     _TMR0L          set	412
  1594     019D                     _TMR0H          set	413
  1595     019F                     _T0CON1         set	415
  1596     019E                     _T0CON0         set	414
  1597     019C                     _TMR0           set	412
  1598     100C                     _FVRCONbits     set	4108
  1599     108C                     _CM1CON0        set	4236
  1600     110C                     _DAC1CONbits    set	4364
  1601     1D21                     _ADACQ          set	7457
  1602     1D1D                     _ADRES          set	7453
  1603     1D27                     _ADCON1bits     set	7463
  1604     1D1F                     _ADPCH          set	7455
  1605     1D26                     _ADCON0bits     set	7462
  1606     1D26                     _ADCON0         set	7462
  1607     1E8C                     _ANSELAbits     set	7820
  1608     1E8D                     _WPUA           set	7821
  1609     1E8C                     _ANSELA         set	7820
  1610                           
  1611                           	psect	cinit
  1612     001E                     start_initialization:	
  1613                           ; #config settings
  1614                           
  1615     001E                     __initialization:
  1616                           
  1617                           ; Clear objects allocated to COMMON
  1618     001E  01FD               	clrf	__pbssCOMMON& (0+127)
  1619                           
  1620                           ; Clear objects allocated to BANK0
  1621     001F  3020               	movlw	low __pbssBANK0
  1622     0020  0084               	movwf	4
  1623     0021  3000               	movlw	high __pbssBANK0
  1624     0022  0085               	movwf	5
  1625     0023  3042               	movlw	66
  1626     0024  3184  2455  3180   	fcall	clear_ram0
  1627     0027                     end_of_initialization:	
  1628                           ;End of C runtime variable initialization code
  1629                           
  1630     0027                     __end_of__initialization:
  1631     0027  107E               	bcf	int$flags,0	;clear compiler interrupt flag (level 1)
  1632     0028  0140               	movlb	0
  1633     0029  3184  2C28         	ljmp	_main	;jump to C main() function
  1634                           
  1635                           	psect	bssCOMMON
  1636     007D                     __pbssCOMMON:
  1637     007D                     MedianFilter@numberOfElement:
  1638     007D                     	ds	1
  1639                           
  1640                           	psect	bssBANK0
  1641     0020                     __pbssBANK0:
  1642     0020                     _beepsQueue:
  1643     0020                     	ds	15
  1644     002F                     BeepsStateMachine@stateMachineDuration:
  1645     002F                     	ds	2
  1646     0031                     _cnt0:
  1647     0031                     	ds	2
  1648     0033                     ADCProcessing@adcState:
  1649     0033                     	ds	1
  1650     0034                     PlayAlert@soundState:
  1651     0034                     	ds	1
  1652     0035                     BeepsStateMachine@stateMachineAllowTimeout:
  1653     0035                     	ds	1
  1654     0036                     BeepsStateMachine@state:
  1655     0036                     	ds	1
  1656     0037                     _queueTail:
  1657     0037                     	ds	1
  1658     0038                     _queueHead:
  1659     0038                     	ds	1
  1660     0039                     _prmFlags:
  1661     0039                     	ds	1
  1662     003A                     _medianTemperature:
  1663     003A                     	ds	20
  1664     004E                     _medianVoltage:
  1665     004E                     	ds	20
  1666                           
  1667                           	psect	clrtext
  1668     0455                     clear_ram0:	
  1669                           ;	Called with FSR0 containing the base address, and
  1670                           ;	WREG with the size to clear
  1671                           
  1672     0455  0064               	clrwdt	;clear the watchdog before getting into this loop
  1673     0456                     clrloop0:
  1674     0456  0180               	clrf	0	;clear RAM location pointed to by FSR
  1675     0457  3101               	addfsr 0,1
  1676     0458  0B89               	decfsz	9,f	;Have we reached the end of clearing yet?
  1677     0459  2C56               	goto	clrloop0	;have we reached the end yet?
  1678     045A  3400               	retlw	0	;all done for this memory range, return
  1679                           
  1680                           	psect	cstackCOMMON
  1681     0070                     __pcstackCOMMON:
  1682     0070                     ?_InitTimer0:
  1683     0070                     ?_Init_uC:	
  1684                           ; 1 bytes @ 0x0
  1685                           
  1686     0070                     ?_ADCProcessing:	
  1687                           ; 1 bytes @ 0x0
  1688                           
  1689     0070                     ?_PlayAlert:	
  1690                           ; 1 bytes @ 0x0
  1691                           
  1692     0070                     ?_BeepsStateMachine:	
  1693                           ; 1 bytes @ 0x0
  1694                           
  1695     0070                     ?_MuxADCChannel:	
  1696                           ; 1 bytes @ 0x0
  1697                           
  1698     0070                     ?_ISR:	
  1699                           ; 1 bytes @ 0x0
  1700                           
  1701     0070                     ?___bmul:	
  1702                           ; 1 bytes @ 0x0
  1703                           
  1704     0070                     ?_MedianFilter:	
  1705                           ; 1 bytes @ 0x0
  1706                           
  1707     0070                     ?_main:	
  1708                           ; 2 bytes @ 0x0
  1709                           
  1710     0070                     ?___awmod:	
  1711                           ; 2 bytes @ 0x0
  1712                           
  1713     0070                     MuxADCChannel@channelNumber:	
  1714                           ; 2 bytes @ 0x0
  1715                           
  1716     0070                     ___bmul@multiplicand:	
  1717                           ; 1 bytes @ 0x0
  1718                           
  1719     0070                     MedianFilter@singleMeasure:	
  1720                           ; 1 bytes @ 0x0
  1721                           
  1722     0070                     ___awmod@divisor:	
  1723                           ; 2 bytes @ 0x0
  1724                           
  1725     0070                     ??_InitTimer0:	
  1726                           ; 2 bytes @ 0x0
  1727                           
  1728     0070                     ??_MuxADCChannel:	
  1729                           ; 1 bytes @ 0x0
  1730                           
  1731     0070                     ??_ISR:	
  1732                           ; 1 bytes @ 0x0
  1733                           
  1734                           
  1735                           ; 1 bytes @ 0x0
  1736     0070                     	ds	1
  1737     0071                     ___bmul@product:
  1738     0071                     ??_Init_uC:	
  1739                           ; 1 bytes @ 0x1
  1740                           
  1741     0071                     ??___bmul:	
  1742                           ; 1 bytes @ 0x1
  1743                           
  1744                           
  1745                           ; 1 bytes @ 0x1
  1746     0071                     	ds	1
  1747     0072                     MedianFilter@medianBuf:
  1748     0072                     ___bmul@multiplier:	
  1749                           ; 1 bytes @ 0x2
  1750                           
  1751     0072                     ___awmod@dividend:	
  1752                           ; 1 bytes @ 0x2
  1753                           
  1754                           
  1755                           ; 2 bytes @ 0x2
  1756     0072                     	ds	1
  1757     0073                     ??_MedianFilter:
  1758                           
  1759                           ; 1 bytes @ 0x3
  1760     0073                     	ds	1
  1761     0074                     ___awmod@counter:
  1762     0074                     ??___awmod:	
  1763                           ; 1 bytes @ 0x4
  1764                           
  1765                           
  1766                           ; 1 bytes @ 0x4
  1767     0074                     	ds	1
  1768     0075                     ___awmod@sign:
  1769                           
  1770                           ; 1 bytes @ 0x5
  1771     0075                     	ds	1
  1772     0076                     ?_EnqueueBeeps:
  1773     0076                     EnqueueBeeps@duration:	
  1774                           ; 1 bytes @ 0x6
  1775                           
  1776     0076                     ??_BeepsStateMachine:	
  1777                           ; 2 bytes @ 0x6
  1778                           
  1779                           
  1780                           ; 1 bytes @ 0x6
  1781     0076                     	ds	2
  1782     0078                     EnqueueBeeps@allowTimeout:
  1783                           
  1784                           ; 1 bytes @ 0x8
  1785     0078                     	ds	1
  1786     0079                     MedianFilter@temp:
  1787     0079                     ??_PlayAlert:	
  1788                           ; 2 bytes @ 0x9
  1789                           
  1790     0079                     ??_EnqueueBeeps:	
  1791                           ; 1 bytes @ 0x9
  1792                           
  1793                           
  1794                           ; 1 bytes @ 0x9
  1795     0079                     	ds	2
  1796     007B                     MedianFilter@cnt:
  1797                           
  1798                           ; 1 bytes @ 0xB
  1799     007B                     	ds	1
  1800     007C                     MedianFilter@cnt_212:
  1801                           
  1802                           ; 1 bytes @ 0xC
  1803     007C                     	ds	1
  1804     007D                     ??_ADCProcessing:
  1805     007D                     ??_main:	
  1806                           ; 1 bytes @ 0xD
  1807                           
  1808                           
  1809                           	psect	cstackBANK0
  1810     0062                     __pcstackBANK0:	
  1811                           ; 1 bytes @ 0xD
  1812                           
  1813     0062                     PlayAlert@totalBeeps:
  1814     0062                     ADCProcessing@newValue:	
  1815                           ; 1 bytes @ 0x0
  1816                           
  1817                           
  1818                           ; 2 bytes @ 0x0
  1819     0062                     	ds	1
  1820     0063                     PlayAlert@i:
  1821                           
  1822                           ; 1 bytes @ 0x1
  1823     0063                     	ds	1
  1824     0064                     PlayAlert@i_83:
  1825     0064                     ADCProcessing@adcValue:	
  1826                           ; 1 bytes @ 0x2
  1827                           
  1828                           
  1829                           ; 2 bytes @ 0x2
  1830     0064                     	ds	1
  1831     0065                     PlayAlert@howMuchTimesPlayLong:
  1832                           
  1833                           ; 1 bytes @ 0x3
  1834     0065                     	ds	1
  1835     0066                     PlayAlert@howMuchTimesPlayShort:
  1836                           
  1837                           ; 1 bytes @ 0x4
  1838     0066                     	ds	1
  1839                           
  1840                           	psect	maintext
  1841     0428                     __pmaintext:	
  1842 ;;
  1843 ;;Main: autosize = 0, tempsize = 0, incstack = 0, save=0
  1844 ;;
  1845 ;; *************** function _main *****************
  1846 ;; Defined at:
  1847 ;;		line 72 in file "main.c"
  1848 ;; Parameters:    Size  Location     Type
  1849 ;;		None
  1850 ;; Auto vars:     Size  Location     Type
  1851 ;;		None
  1852 ;; Return value:  Size  Location     Type
  1853 ;;                  2   14[None  ] int 
  1854 ;; Registers used:
  1855 ;;		wreg, fsr0l, fsr0h, fsr1l, fsr1h, status,2, status,0, pclath, cstack
  1856 ;; Tracked objects:
  1857 ;;		On entry : B3F/0
  1858 ;;		On exit  : 0/0
  1859 ;;		Unchanged: 0/0
  1860 ;; Data sizes:     COMMON   BANK0   BANK1   BANK2   BANK3   BANK4   BANK5   BANK6   BANK7   BANK8   BANK9  BANK10  BANK1
      +1  BANK12
  1861 ;;      Params:         0       0       0       0       0       0       0       0       0       0       0       0       
      +0       0
  1862 ;;      Locals:         0       0       0       0       0       0       0       0       0       0       0       0       
      +0       0
  1863 ;;      Temps:          0       0       0       0       0       0       0       0       0       0       0       0       
      +0       0
  1864 ;;      Totals:         0       0       0       0       0       0       0       0       0       0       0       0       
      +0       0
  1865 ;;Total ram usage:        0 bytes
  1866 ;; Hardware stack levels required when called: 4
  1867 ;; This function calls:
  1868 ;;		_ADCProcessing
  1869 ;;		_BeepsStateMachine
  1870 ;;		_InitTimer0
  1871 ;;		_Init_uC
  1872 ;;		_PlayAlert
  1873 ;; This function is called by:
  1874 ;;		Startup code after reset
  1875 ;; This function uses a non-reentrant model
  1876 ;;
  1877                           
  1878     0428                     _main:	
  1879                           ;psect for function _main
  1880                           
  1881     0428                     l1460:	
  1882                           ;incstack = 0
  1883                           ; Regs used in _main: [wreg-fsr1h+status,2+status,0+pclath+cstack]
  1884                           
  1885     0428  3184  244A  3184   	fcall	_InitTimer0
  1886     042B                     l1462:
  1887     042B  3183  23E5  3184   	fcall	_Init_uC
  1888     042E                     l1464:
  1889     042E  3181  2168  3184   	fcall	_ADCProcessing
  1890     0431                     l1466:
  1891     0431  3182  2220  3184   	fcall	_PlayAlert
  1892     0434                     l1468:
  1893     0434  3182  22CE  3184   	fcall	_BeepsStateMachine
  1894     0437  2C2E               	goto	l1464
  1895     0438  3180  281C         	ljmp	start
  1896     043A                     __end_of_main:
  1897                           
  1898                           	psect	text1
  1899     0220                     __ptext1:	
  1900 ;; *************** function _PlayAlert *****************
  1901 ;; Defined at:
  1902 ;;		line 163 in file "sounds.c"
  1903 ;; Parameters:    Size  Location     Type
  1904 ;;		None
  1905 ;; Auto vars:     Size  Location     Type
  1906 ;;  i               1    2[BANK0 ] unsigned char 
  1907 ;;  i               1    1[BANK0 ] unsigned char 
  1908 ;;  howMuchTimes    1    4[BANK0 ] unsigned char 
  1909 ;;  howMuchTimes    1    3[BANK0 ] unsigned char 
  1910 ;;  totalBeeps      1    0[BANK0 ] unsigned char 
  1911 ;; Return value:  Size  Location     Type
  1912 ;;                  1    wreg      void 
  1913 ;; Registers used:
  1914 ;;		wreg, fsr0l, fsr0h, fsr1l, fsr1h, status,2, status,0, pclath, cstack
  1915 ;; Tracked objects:
  1916 ;;		On entry : 0/0
  1917 ;;		On exit  : 0/0
  1918 ;;		Unchanged: 0/0
  1919 ;; Data sizes:     COMMON   BANK0   BANK1   BANK2   BANK3   BANK4   BANK5   BANK6   BANK7   BANK8   BANK9  BANK10  BANK1
      +1  BANK12
  1920 ;;      Params:         0       0       0       0       0       0       0       0       0       0       0       0       
      +0       0
  1921 ;;      Locals:         0       5       0       0       0       0       0       0       0       0       0       0       
      +0       0
  1922 ;;      Temps:          4       0       0       0       0       0       0       0       0       0       0       0       
      +0       0
  1923 ;;      Totals:         4       5       0       0       0       0       0       0       0       0       0       0       
      +0       0
  1924 ;;Total ram usage:        9 bytes
  1925 ;; Hardware stack levels used: 1
  1926 ;; Hardware stack levels required when called: 3
  1927 ;; This function calls:
  1928 ;;		_EnqueueBeeps
  1929 ;; This function is called by:
  1930 ;;		_main
  1931 ;; This function uses a non-reentrant model
  1932 ;;
  1933                           
  1934     0220                     _PlayAlert:	
  1935                           ;psect for function _PlayAlert
  1936                           
  1937     0220                     l1356:	
  1938                           ;incstack = 0
  1939                           ; Regs used in _PlayAlert: [wreg-fsr1h+status,2+status,0+pclath+cstack]
  1940                           
  1941                           
  1942                           ;sounds.c: 165:    uint8_t howMuchTimesPlayShort = 0;
  1943     0220  0140               	movlb	0	; select bank0
  1944     0221  01E6               	clrf	PlayAlert@howMuchTimesPlayShort
  1945                           
  1946                           ;sounds.c: 166:    uint8_t howMuchTimesPlayLong = 0;
  1947     0222  01E5               	clrf	PlayAlert@howMuchTimesPlayLong
  1948                           
  1949                           ;sounds.c: 168:    static uint8_t soundState = 0;;sounds.c: 170:    switch (soundState){
  1950     0223  2A5E               	goto	l1386
  1951     0224                     l63:	
  1952                           ;sounds.c: 171:      case 0:
  1953                           
  1954                           
  1955                           ;sounds.c: 172:       if (prmFlags.errorUnderVoltage){
  1956     0224  1C39               	btfss	_prmFlags,0	;volatile
  1957     0225  2A27               	goto	u971
  1958     0226  2A28               	goto	u970
  1959     0227                     u971:
  1960     0227  2A2C               	goto	l64
  1961     0228                     u970:
  1962     0228                     l1358:
  1963                           
  1964                           ;sounds.c: 173:         howMuchTimesPlayShort = 2;
  1965     0228  3002               	movlw	2
  1966     0229  00E6               	movwf	PlayAlert@howMuchTimesPlayShort
  1967                           
  1968                           ;sounds.c: 174:         howMuchTimesPlayLong = 1;
  1969     022A  3001               	movlw	1
  1970     022B  00E5               	movwf	PlayAlert@howMuchTimesPlayLong
  1971     022C                     l64:	
  1972                           ;sounds.c: 175:         }
  1973                           
  1974                           
  1975                           ;sounds.c: 176:       if (!prmFlags.alarmState) soundState = 1;
  1976     022C  19B9               	btfsc	_prmFlags,3	;volatile
  1977     022D  2A2F               	goto	u981
  1978     022E  2A30               	goto	u980
  1979     022F                     u981:
  1980     022F  2A6C               	goto	l1388
  1981     0230                     u980:
  1982     0230                     l1360:
  1983     0230  3001               	movlw	1
  1984     0231  00B4               	movwf	PlayAlert@soundState
  1985     0232  2A6C               	goto	l1388
  1986     0233                     l67:	
  1987                           ;sounds.c: 179:      case 1:
  1988                           
  1989                           
  1990                           ;sounds.c: 180:      if (prmFlags.errorOverVoltage) {
  1991     0233  1CB9               	btfss	_prmFlags,1	;volatile
  1992     0234  2A36               	goto	u991
  1993     0235  2A37               	goto	u990
  1994     0236                     u991:
  1995     0236  2A3B               	goto	l68
  1996     0237                     u990:
  1997     0237                     l1362:
  1998                           
  1999                           ;sounds.c: 181:          howMuchTimesPlayShort = 2;
  2000     0237  3002               	movlw	2
  2001     0238  00E6               	movwf	PlayAlert@howMuchTimesPlayShort
  2002                           
  2003                           ;sounds.c: 182:          howMuchTimesPlayLong = 2;
  2004     0239  3002               	movlw	2
  2005     023A  00E5               	movwf	PlayAlert@howMuchTimesPlayLong
  2006     023B                     l68:	
  2007                           ;sounds.c: 183:   }
  2008                           
  2009                           
  2010                           ;sounds.c: 184:       if (!prmFlags.alarmState) soundState = 2;
  2011     023B  19B9               	btfsc	_prmFlags,3	;volatile
  2012     023C  2A3E               	goto	u1001
  2013     023D  2A3F               	goto	u1000
  2014     023E                     u1001:
  2015     023E  2A6C               	goto	l1388
  2016     023F                     u1000:
  2017     023F                     l1364:
  2018     023F  3002               	movlw	2
  2019     0240  00B4               	movwf	PlayAlert@soundState
  2020     0241  2A6C               	goto	l1388
  2021     0242                     l70:	
  2022                           ;sounds.c: 187:      case 2:
  2023                           
  2024                           
  2025                           ;sounds.c: 188:      if (prmFlags.errorHighTemperature){
  2026     0242  1D39               	btfss	_prmFlags,2	;volatile
  2027     0243  2A45               	goto	u1011
  2028     0244  2A46               	goto	u1010
  2029     0245                     u1011:
  2030     0245  2A49               	goto	l1370
  2031     0246                     u1010:
  2032     0246                     l1366:
  2033                           
  2034                           ;sounds.c: 189:        howMuchTimesPlayShort = 3;
  2035     0246  3003               	movlw	3
  2036     0247  00E6               	movwf	PlayAlert@howMuchTimesPlayShort
  2037     0248                     l1368:
  2038                           
  2039                           ;sounds.c: 190:        howMuchTimesPlayLong = 0;
  2040     0248  01E5               	clrf	PlayAlert@howMuchTimesPlayLong
  2041     0249                     l1370:
  2042                           
  2043                           ;sounds.c: 192:       if (!prmFlags.alarmState) soundState = 3;
  2044     0249  19B9               	btfsc	_prmFlags,3	;volatile
  2045     024A  2A4C               	goto	u1021
  2046     024B  2A4D               	goto	u1020
  2047     024C                     u1021:
  2048     024C  2A6C               	goto	l1388
  2049     024D                     u1020:
  2050     024D                     l1372:
  2051     024D  3003               	movlw	3
  2052     024E  00B4               	movwf	PlayAlert@soundState
  2053     024F  2A6C               	goto	l1388
  2054     0250                     l73:	
  2055                           ;sounds.c: 195:      case 3:
  2056                           
  2057                           
  2058                           ;sounds.c: 196:       if (prmFlags.playLong){
  2059     0250  1E39               	btfss	_prmFlags,4	;volatile
  2060     0251  2A53               	goto	u1031
  2061     0252  2A54               	goto	u1030
  2062     0253                     u1031:
  2063     0253  2A57               	goto	l1378
  2064     0254                     u1030:
  2065     0254                     l1374:
  2066                           
  2067                           ;sounds.c: 197:        howMuchTimesPlayShort = 0;
  2068     0254  01E6               	clrf	PlayAlert@howMuchTimesPlayShort
  2069     0255                     l1376:
  2070                           
  2071                           ;sounds.c: 198:        howMuchTimesPlayLong = 1;
  2072     0255  3001               	movlw	1
  2073     0256  00E5               	movwf	PlayAlert@howMuchTimesPlayLong
  2074     0257                     l1378:
  2075                           
  2076                           ;sounds.c: 200:       if (!prmFlags.alarmState) {
  2077     0257  19B9               	btfsc	_prmFlags,3	;volatile
  2078     0258  2A5A               	goto	u1041
  2079     0259  2A5B               	goto	u1040
  2080     025A                     u1041:
  2081     025A  2A6C               	goto	l1388
  2082     025B                     u1040:
  2083     025B                     l1380:
  2084                           
  2085                           ;sounds.c: 201:        soundState = 0;
  2086     025B  01B4               	clrf	PlayAlert@soundState
  2087     025C                     l1382:
  2088                           
  2089                           ;sounds.c: 202:        prmFlags.playLong = 0;
  2090     025C  1239               	bcf	_prmFlags,4	;volatile
  2091     025D  2A6C               	goto	l1388
  2092     025E                     l1386:
  2093     025E  0834               	movf	PlayAlert@soundState,w
  2094                           
  2095                           ; Switch size 1, requested type "simple"
  2096                           ; Number of cases is 4, Range of values is 0 to 3
  2097                           ; switch strategies available:
  2098                           ; Name         Instructions Cycles
  2099                           ; simple_byte           13     7 (average)
  2100                           ; direct_byte           14     6 (fixed)
  2101                           ; jumptable            260     6 (fixed)
  2102                           ;	Chosen strategy is simple_byte
  2103     025F  3A00               	xorlw	0	; case 0
  2104     0260  1903               	skipnz
  2105     0261  2A24               	goto	l63
  2106     0262  3A01               	xorlw	1	; case 1
  2107     0263  1903               	skipnz
  2108     0264  2A33               	goto	l67
  2109     0265  3A03               	xorlw	3	; case 2
  2110     0266  1903               	skipnz
  2111     0267  2A42               	goto	l70
  2112     0268  3A01               	xorlw	1	; case 3
  2113     0269  1903               	skipnz
  2114     026A  2A50               	goto	l73
  2115     026B  2A6C               	goto	l1388
  2116     026C                     l1388:
  2117                           
  2118                           ;sounds.c: 210:     totalBeeps = howMuchTimesPlayShort + howMuchTimesPlayLong;
  2119     026C  0866               	movf	PlayAlert@howMuchTimesPlayShort,w
  2120     026D  0765               	addwf	PlayAlert@howMuchTimesPlayLong,w
  2121     026E  00E2               	movwf	PlayAlert@totalBeeps
  2122     026F                     l1390:
  2123                           
  2124                           ;sounds.c: 213:     for (uint8_t i = 0; i < howMuchTimesPlayShort; i++) {
  2125     026F  01E3               	clrf	PlayAlert@i
  2126     0270  2A94               	goto	l1400
  2127     0271                     l1392:
  2128                           
  2129                           ;sounds.c: 214:         if (i == (totalBeeps - 1)) {
  2130     0271  0862               	movf	PlayAlert@totalBeeps,w
  2131     0272  3EFF               	addlw	255
  2132     0273  00F9               	movwf	??_PlayAlert
  2133     0274  30FF               	movlw	255
  2134     0275  1803               	skipnc
  2135     0276  3000               	movlw	0
  2136     0277  00FA               	movwf	??_PlayAlert+1
  2137     0278  0863               	movf	PlayAlert@i,w
  2138     0279  0679               	xorwf	??_PlayAlert,w
  2139     027A  047A               	iorwf	??_PlayAlert+1,w
  2140     027B  1D03               	skipz
  2141     027C  2A7E               	goto	u1051
  2142     027D  2A7F               	goto	u1050
  2143     027E                     u1051:
  2144     027E  2A89               	goto	l1396
  2145     027F                     u1050:
  2146     027F                     l1394:
  2147                           
  2148                           ;sounds.c: 215:             EnqueueBeeps(120, 1);
  2149     027F  3078               	movlw	120
  2150     0280  00F6               	movwf	EnqueueBeeps@duration
  2151     0281  3000               	movlw	0
  2152     0282  00F7               	movwf	EnqueueBeeps@duration+1
  2153     0283  01F8               	clrf	EnqueueBeeps@allowTimeout
  2154     0284  0AF8               	incf	EnqueueBeeps@allowTimeout,f
  2155     0285  3183  23A2  3182   	fcall	_EnqueueBeeps
  2156                           
  2157                           ;sounds.c: 216:         } else {
  2158     0288  2A91               	goto	l1398
  2159     0289                     l1396:
  2160                           
  2161                           ;sounds.c: 217:             EnqueueBeeps(120, 0);
  2162     0289  3078               	movlw	120
  2163     028A  00F6               	movwf	EnqueueBeeps@duration
  2164     028B  3000               	movlw	0
  2165     028C  00F7               	movwf	EnqueueBeeps@duration+1
  2166     028D  01F8               	clrf	EnqueueBeeps@allowTimeout
  2167     028E  3183  23A2  3182   	fcall	_EnqueueBeeps
  2168     0291                     l1398:
  2169                           
  2170                           ;sounds.c: 219:     }
  2171     0291  3001               	movlw	1
  2172     0292  0140               	movlb	0	; select bank0
  2173     0293  07E3               	addwf	PlayAlert@i,f
  2174     0294                     l1400:
  2175     0294  0866               	movf	PlayAlert@howMuchTimesPlayShort,w
  2176     0295  0263               	subwf	PlayAlert@i,w
  2177     0296  1C03               	skipc
  2178     0297  2A99               	goto	u1061
  2179     0298  2A9A               	goto	u1060
  2180     0299                     u1061:
  2181     0299  2A71               	goto	l1392
  2182     029A                     u1060:
  2183     029A                     l1402:
  2184                           
  2185                           ;sounds.c: 222:     for (uint8_t i = 0; i < howMuchTimesPlayLong; i++) {
  2186     029A  01E4               	clrf	PlayAlert@i_83
  2187     029B  2AC7               	goto	l1412
  2188     029C                     l1404:
  2189                           
  2190                           ;sounds.c: 223:         if ((howMuchTimesPlayShort + i) == totalBeeps - 1) {
  2191     029C  0862               	movf	PlayAlert@totalBeeps,w
  2192     029D  3EFF               	addlw	255
  2193     029E  00F9               	movwf	??_PlayAlert
  2194     029F  30FF               	movlw	255
  2195     02A0  1803               	skipnc
  2196     02A1  3000               	movlw	0
  2197     02A2  00FA               	movwf	??_PlayAlert+1
  2198     02A3  0866               	movf	PlayAlert@howMuchTimesPlayShort,w
  2199     02A4  0764               	addwf	PlayAlert@i_83,w
  2200     02A5  00FB               	movwf	??_PlayAlert+2
  2201     02A6  01FC               	clrf	??_PlayAlert+3
  2202     02A7  0DFC               	rlf	??_PlayAlert+3,f
  2203     02A8  087A               	movf	??_PlayAlert+1,w
  2204     02A9  067C               	xorwf	??_PlayAlert+3,w
  2205     02AA  1D03               	skipz
  2206     02AB  2AAE               	goto	u1075
  2207     02AC  0879               	movf	??_PlayAlert,w
  2208     02AD  067B               	xorwf	??_PlayAlert+2,w
  2209     02AE                     u1075:
  2210     02AE  1D03               	skipz
  2211     02AF  2AB1               	goto	u1071
  2212     02B0  2AB2               	goto	u1070
  2213     02B1                     u1071:
  2214     02B1  2ABC               	goto	l1408
  2215     02B2                     u1070:
  2216     02B2                     l1406:
  2217                           
  2218                           ;sounds.c: 224:             EnqueueBeeps(300, 1);
  2219     02B2  302C               	movlw	44
  2220     02B3  00F6               	movwf	EnqueueBeeps@duration
  2221     02B4  3001               	movlw	1
  2222     02B5  00F7               	movwf	EnqueueBeeps@duration+1
  2223     02B6  01F8               	clrf	EnqueueBeeps@allowTimeout
  2224     02B7  0AF8               	incf	EnqueueBeeps@allowTimeout,f
  2225     02B8  3183  23A2  3182   	fcall	_EnqueueBeeps
  2226                           
  2227                           ;sounds.c: 225:         } else {
  2228     02BB  2AC4               	goto	l1410
  2229     02BC                     l1408:
  2230                           
  2231                           ;sounds.c: 226:             EnqueueBeeps(300, 0);
  2232     02BC  302C               	movlw	44
  2233     02BD  00F6               	movwf	EnqueueBeeps@duration
  2234     02BE  3001               	movlw	1
  2235     02BF  00F7               	movwf	EnqueueBeeps@duration+1
  2236     02C0  01F8               	clrf	EnqueueBeeps@allowTimeout
  2237     02C1  3183  23A2  3182   	fcall	_EnqueueBeeps
  2238     02C4                     l1410:
  2239                           
  2240                           ;sounds.c: 228:     }
  2241     02C4  3001               	movlw	1
  2242     02C5  0140               	movlb	0	; select bank0
  2243     02C6  07E4               	addwf	PlayAlert@i_83,f
  2244     02C7                     l1412:
  2245     02C7  0865               	movf	PlayAlert@howMuchTimesPlayLong,w
  2246     02C8  0264               	subwf	PlayAlert@i_83,w
  2247     02C9  1C03               	skipc
  2248     02CA  2ACC               	goto	u1081
  2249     02CB  2ACD               	goto	u1080
  2250     02CC                     u1081:
  2251     02CC  2A9C               	goto	l1404
  2252     02CD                     u1080:
  2253     02CD                     l87:
  2254     02CD  0008               	return
  2255     02CE                     __end_of_PlayAlert:
  2256                           
  2257                           	psect	text2
  2258     03A2                     __ptext2:	
  2259 ;; *************** function _EnqueueBeeps *****************
  2260 ;; Defined at:
  2261 ;;		line 65 in file "sounds.c"
  2262 ;; Parameters:    Size  Location     Type
  2263 ;;  duration        2    6[COMMON] unsigned short 
  2264 ;;  allowTimeout    1    8[COMMON] unsigned char 
  2265 ;; Auto vars:     Size  Location     Type
  2266 ;;		None
  2267 ;; Return value:  Size  Location     Type
  2268 ;;                  1    wreg      void 
  2269 ;; Registers used:
  2270 ;;		wreg, fsr1l, fsr1h, status,2, status,0, pclath, cstack
  2271 ;; Tracked objects:
  2272 ;;		On entry : 0/0
  2273 ;;		On exit  : 0/0
  2274 ;;		Unchanged: 0/0
  2275 ;; Data sizes:     COMMON   BANK0   BANK1   BANK2   BANK3   BANK4   BANK5   BANK6   BANK7   BANK8   BANK9  BANK10  BANK1
      +1  BANK12
  2276 ;;      Params:         3       0       0       0       0       0       0       0       0       0       0       0       
      +0       0
  2277 ;;      Locals:         0       0       0       0       0       0       0       0       0       0       0       0       
      +0       0
  2278 ;;      Temps:          0       0       0       0       0       0       0       0       0       0       0       0       
      +0       0
  2279 ;;      Totals:         3       0       0       0       0       0       0       0       0       0       0       0       
      +0       0
  2280 ;;Total ram usage:        3 bytes
  2281 ;; Hardware stack levels used: 1
  2282 ;; Hardware stack levels required when called: 2
  2283 ;; This function calls:
  2284 ;;		___awmod
  2285 ;;		___bmul
  2286 ;; This function is called by:
  2287 ;;		_PlayAlert
  2288 ;; This function uses a non-reentrant model
  2289 ;;
  2290                           
  2291     03A2                     _EnqueueBeeps:	
  2292                           ;psect for function _EnqueueBeeps
  2293                           
  2294     03A2                     l1184:	
  2295                           ;incstack = 0
  2296                           ; Regs used in _EnqueueBeeps: [wreg+fsr1l+fsr1h+status,2+status,0+pclath+cstack]
  2297                           
  2298                           
  2299                           ;sounds.c: 67:     if ((queueTail + 1) % 5 != queueHead) {
  2300     03A2  3005               	movlw	5
  2301     03A3  00F0               	movwf	___awmod@divisor
  2302     03A4  3000               	movlw	0
  2303     03A5  00F1               	movwf	___awmod@divisor+1
  2304     03A6  0140               	movlb	0	; select bank0
  2305     03A7  0837               	movf	_queueTail,w
  2306     03A8  3E01               	addlw	1
  2307     03A9  00F2               	movwf	___awmod@dividend
  2308     03AA  3000               	movlw	0
  2309     03AB  1803               	skipnc
  2310     03AC  3001               	movlw	1
  2311     03AD  00F3               	movwf	___awmod@dividend+1
  2312     03AE  3183  2351  3183   	fcall	___awmod
  2313     03B1  0140               	movlb	0	; select bank0
  2314     03B2  0838               	movf	_queueHead,w
  2315     03B3  0670               	xorwf	?___awmod,w
  2316     03B4  0471               	iorwf	?___awmod+1,w
  2317     03B5  1903               	skipnz
  2318     03B6  2BB8               	goto	u631
  2319     03B7  2BB9               	goto	u630
  2320     03B8                     u631:
  2321     03B8  2BE4               	goto	l34
  2322     03B9                     u630:
  2323     03B9                     l1186:
  2324                           
  2325                           ;sounds.c: 69:         beepsQueue[queueTail].duration = duration;
  2326     03B9  3003               	movlw	3
  2327     03BA  00F0               	movwf	___bmul@multiplicand
  2328     03BB  0837               	movf	_queueTail,w
  2329     03BC  3184  2415  3183   	fcall	___bmul
  2330     03BF  3E20               	addlw	(low (_beepsQueue| 0))& (0+255)
  2331     03C0  0086               	movwf	6
  2332     03C1  0187               	clrf	7
  2333     03C2  0876               	movf	EnqueueBeeps@duration,w
  2334     03C3  3FC0               	movwi [0]fsr1
  2335     03C4  0877               	movf	EnqueueBeeps@duration+1,w
  2336     03C5  3FC1               	movwi [1]fsr1
  2337                           
  2338                           ;sounds.c: 70:         beepsQueue[queueTail].allowTimeout = allowTimeout;
  2339     03C6  3003               	movlw	3
  2340     03C7  00F0               	movwf	___bmul@multiplicand
  2341     03C8  0140               	movlb	0	; select bank0
  2342     03C9  0837               	movf	_queueTail,w
  2343     03CA  3184  2415  3183   	fcall	___bmul
  2344     03CD  3E22               	addlw	(low ((_beepsQueue| 0+2)))& (0+255)
  2345     03CE  0086               	movwf	6
  2346     03CF  0187               	clrf	7
  2347     03D0  0878               	movf	EnqueueBeeps@allowTimeout,w
  2348     03D1  0081               	movwf	1
  2349     03D2                     l1188:
  2350                           
  2351                           ;sounds.c: 71:         queueTail = (queueTail + 1) % 5;
  2352     03D2  3005               	movlw	5
  2353     03D3  00F0               	movwf	___awmod@divisor
  2354     03D4  3000               	movlw	0
  2355     03D5  00F1               	movwf	___awmod@divisor+1
  2356     03D6  0140               	movlb	0	; select bank0
  2357     03D7  0837               	movf	_queueTail,w
  2358     03D8  3E01               	addlw	1
  2359     03D9  00F2               	movwf	___awmod@dividend
  2360     03DA  3000               	movlw	0
  2361     03DB  1803               	skipnc
  2362     03DC  3001               	movlw	1
  2363     03DD  00F3               	movwf	___awmod@dividend+1
  2364     03DE  3183  2351  3183   	fcall	___awmod
  2365     03E1  0870               	movf	?___awmod,w
  2366     03E2  0140               	movlb	0	; select bank0
  2367     03E3  00B7               	movwf	_queueTail
  2368     03E4                     l34:
  2369     03E4  0008               	return
  2370     03E5                     __end_of_EnqueueBeeps:
  2371                           
  2372                           	psect	text3
  2373     03E5                     __ptext3:	
  2374 ;; *************** function _Init_uC *****************
  2375 ;; Defined at:
  2376 ;;		line 58 in file "initPeriphery.c"
  2377 ;; Parameters:    Size  Location     Type
  2378 ;;		None
  2379 ;; Auto vars:     Size  Location     Type
  2380 ;;		None
  2381 ;; Return value:  Size  Location     Type
  2382 ;;                  1    wreg      void 
  2383 ;; Registers used:
  2384 ;;		wreg, status,2, status,0, pclath, cstack
  2385 ;; Tracked objects:
  2386 ;;		On entry : 0/0
  2387 ;;		On exit  : 0/0
  2388 ;;		Unchanged: 0/0
  2389 ;; Data sizes:     COMMON   BANK0   BANK1   BANK2   BANK3   BANK4   BANK5   BANK6   BANK7   BANK8   BANK9  BANK10  BANK1
      +1  BANK12
  2390 ;;      Params:         0       0       0       0       0       0       0       0       0       0       0       0       
      +0       0
  2391 ;;      Locals:         0       0       0       0       0       0       0       0       0       0       0       0       
      +0       0
  2392 ;;      Temps:          0       0       0       0       0       0       0       0       0       0       0       0       
      +0       0
  2393 ;;      Totals:         0       0       0       0       0       0       0       0       0       0       0       0       
      +0       0
  2394 ;;Total ram usage:        0 bytes
  2395 ;; Hardware stack levels used: 1
  2396 ;; Hardware stack levels required when called: 2
  2397 ;; This function calls:
  2398 ;;		_MuxADCChannel
  2399 ;; This function is called by:
  2400 ;;		_main
  2401 ;; This function uses a non-reentrant model
  2402 ;;
  2403                           
  2404     03E5                     _Init_uC:	
  2405                           ;psect for function _Init_uC
  2406                           
  2407     03E5                     l1258:	
  2408                           ;incstack = 0
  2409                           ; Regs used in _Init_uC: [wreg+status,2+status,0+pclath+cstack]
  2410                           
  2411                           
  2412                           ;initPeriphery.c: 59:     CM1CON0 = 0x00 ;
  2413     03E5  0161               	movlb	33	; select bank33
  2414     03E6  018C               	clrf	12	;volatile
  2415     03E7                     l1260:
  2416                           
  2417                           ;initPeriphery.c: 60:     FVRCONbits.EN = 0;
  2418     03E7  0160               	movlb	32	; select bank32
  2419     03E8  138C               	bcf	12,7	;volatile
  2420     03E9                     l1262:
  2421                           
  2422                           ;initPeriphery.c: 61:     DAC1CONbits.EN = 0;
  2423     03E9  0162               	movlb	34	; select bank34
  2424     03EA  138C               	bcf	12,7	;volatile
  2425                           
  2426                           ;initPeriphery.c: 64:     LATA = 0x00;
  2427     03EB  0140               	movlb	0	; select bank0
  2428     03EC  0198               	clrf	24	;volatile
  2429                           
  2430                           ;initPeriphery.c: 65:     ANSELA = 0x00;
  2431     03ED  017D               	movlb	61	; select bank61
  2432     03EE  018C               	clrf	12	;volatile
  2433                           
  2434                           ;initPeriphery.c: 66:     TRISA = 0x00;
  2435     03EF  0140               	movlb	0	; select bank0
  2436     03F0  0192               	clrf	18	;volatile
  2437                           
  2438                           ;initPeriphery.c: 67:     WPUA = 0x00;
  2439     03F1  017D               	movlb	61	; select bank61
  2440     03F2  018D               	clrf	13	;volatile
  2441     03F3                     l1264:
  2442                           
  2443                           ;initPeriphery.c: 70:     LATAbits.LATA2 = 0;
  2444     03F3  0140               	movlb	0	; select bank0
  2445     03F4  1118               	bcf	24,2	;volatile
  2446     03F5                     l1266:
  2447                           
  2448                           ;initPeriphery.c: 73:     LATAbits.LATA5 = 1;
  2449     03F5  1698               	bsf	24,5	;volatile
  2450     03F6                     l1268:
  2451                           
  2452                           ;initPeriphery.c: 77:     LATAbits.LATA4 = 1;
  2453     03F6  1618               	bsf	24,4	;volatile
  2454     03F7                     l1270:
  2455                           
  2456                           ;initPeriphery.c: 80:     ADCON0bits.FM = 1;
  2457     03F7  017A               	movlb	58	; select bank58
  2458     03F8  0826               	movf	38,w	;volatile
  2459     03F9  39F3               	andlw	-13
  2460     03FA  3804               	iorlw	4
  2461     03FB  00A6               	movwf	38	;volatile
  2462     03FC                     l1272:
  2463                           
  2464                           ;initPeriphery.c: 81:     ADCON0bits.CS = 1;
  2465     03FC  1626               	bsf	38,4	;volatile
  2466     03FD                     l1274:
  2467                           
  2468                           ;initPeriphery.c: 83:     TRISAbits.TRISA0 = 1;
  2469     03FD  0140               	movlb	0	; select bank0
  2470     03FE  1412               	bsf	18,0	;volatile
  2471     03FF                     l1276:
  2472                           
  2473                           ;initPeriphery.c: 84:     ANSELAbits.ANSELA0 = 1;
  2474     03FF  017D               	movlb	61	; select bank61
  2475     0400  140C               	bsf	12,0	;volatile
  2476     0401                     l1278:
  2477                           
  2478                           ;initPeriphery.c: 86:     TRISAbits.TRISA1 = 1;
  2479     0401  0140               	movlb	0	; select bank0
  2480     0402  1492               	bsf	18,1	;volatile
  2481     0403                     l1280:
  2482                           
  2483                           ;initPeriphery.c: 87:     ANSELAbits.ANSELA1 = 1;
  2484     0403  017D               	movlb	61	; select bank61
  2485     0404  148C               	bsf	12,1	;volatile
  2486     0405                     l1282:
  2487                           
  2488                           ;initPeriphery.c: 89:     ADCON1bits.ADDSEN = 1;
  2489     0405  017A               	movlb	58	; select bank58
  2490     0406  1427               	bsf	39,0	;volatile
  2491     0407                     l1284:
  2492                           
  2493                           ;initPeriphery.c: 90:     ADACQ = 32;
  2494     0407  3000               	movlw	0
  2495     0408  00A2               	movwf	34	;volatile
  2496     0409  3020               	movlw	32
  2497     040A  00A1               	movwf	33	;volatile
  2498     040B                     l1286:
  2499                           
  2500                           ;initPeriphery.c: 91:     ADCON0bits.ON = 1;
  2501     040B  17A6               	bsf	38,7	;volatile
  2502     040C                     l1288:
  2503                           
  2504                           ;initPeriphery.c: 93:     PEIE = 1;
  2505     040C  170B               	bsf	11,6	;volatile
  2506     040D                     l1290:
  2507                           
  2508                           ;initPeriphery.c: 94:     GIE = 1;
  2509     040D  178B               	bsf	11,7	;volatile
  2510     040E                     l1292:
  2511                           
  2512                           ;initPeriphery.c: 98:     prmFlags.playLong = 1;
  2513     040E  0140               	movlb	0	; select bank0
  2514     040F  1639               	bsf	_prmFlags,4	;volatile
  2515     0410                     l1294:
  2516                           
  2517                           ;initPeriphery.c: 100:     MuxADCChannel(ADC_CHANNEL1);
  2518     0410  3001               	movlw	1
  2519     0411  3184  243A  3183   	fcall	_MuxADCChannel
  2520     0414                     l218:
  2521     0414  0008               	return
  2522     0415                     __end_of_Init_uC:
  2523                           
  2524                           	psect	text4
  2525     044A                     __ptext4:	
  2526 ;; *************** function _InitTimer0 *****************
  2527 ;; Defined at:
  2528 ;;		line 46 in file "initPeriphery.c"
  2529 ;; Parameters:    Size  Location     Type
  2530 ;;		None
  2531 ;; Auto vars:     Size  Location     Type
  2532 ;;		None
  2533 ;; Return value:  Size  Location     Type
  2534 ;;                  1    wreg      void 
  2535 ;; Registers used:
  2536 ;;		status,2
  2537 ;; Tracked objects:
  2538 ;;		On entry : 0/0
  2539 ;;		On exit  : 0/0
  2540 ;;		Unchanged: 0/0
  2541 ;; Data sizes:     COMMON   BANK0   BANK1   BANK2   BANK3   BANK4   BANK5   BANK6   BANK7   BANK8   BANK9  BANK10  BANK1
      +1  BANK12
  2542 ;;      Params:         0       0       0       0       0       0       0       0       0       0       0       0       
      +0       0
  2543 ;;      Locals:         0       0       0       0       0       0       0       0       0       0       0       0       
      +0       0
  2544 ;;      Temps:          0       0       0       0       0       0       0       0       0       0       0       0       
      +0       0
  2545 ;;      Totals:         0       0       0       0       0       0       0       0       0       0       0       0       
      +0       0
  2546 ;;Total ram usage:        0 bytes
  2547 ;; Hardware stack levels used: 1
  2548 ;; Hardware stack levels required when called: 1
  2549 ;; This function calls:
  2550 ;;		Nothing
  2551 ;; This function is called by:
  2552 ;;		_main
  2553 ;; This function uses a non-reentrant model
  2554 ;;
  2555                           
  2556     044A                     _InitTimer0:	
  2557                           ;psect for function _InitTimer0
  2558                           
  2559     044A                     l902:	
  2560                           ;incstack = 0
  2561                           ; Regs used in _InitTimer0: [status,2]
  2562                           
  2563                           
  2564                           ;initPeriphery.c: 48:     T0CON0 = 0b10000000;
  2565     044A  3080               	movlw	128
  2566     044B  0143               	movlb	3	; select bank3
  2567     044C  009E               	movwf	30	;volatile
  2568                           
  2569                           ;initPeriphery.c: 49:     T0CON1 = 0b01000101;
  2570     044D  3045               	movlw	69
  2571     044E  009F               	movwf	31	;volatile
  2572     044F                     l904:
  2573                           
  2574                           ;initPeriphery.c: 51:     TMR0H = 0;
  2575     044F  019D               	clrf	29	;volatile
  2576                           
  2577                           ;initPeriphery.c: 52:     TMR0L = 0;
  2578     0450  019C               	clrf	28	;volatile
  2579     0451                     l906:
  2580                           
  2581                           ;initPeriphery.c: 53:     TMR0IF = 0;
  2582     0451  0141               	movlb	1	; select bank1
  2583     0452  128C               	bcf	12,5	;volatile
  2584     0453                     l908:
  2585                           
  2586                           ;initPeriphery.c: 54:     TMR0IE = 1;
  2587     0453  1696               	bsf	22,5	;volatile
  2588     0454                     l215:
  2589     0454  0008               	return
  2590     0455                     __end_of_InitTimer0:
  2591                           
  2592                           	psect	text5
  2593     02CE                     __ptext5:	
  2594 ;; *************** function _BeepsStateMachine *****************
  2595 ;; Defined at:
  2596 ;;		line 92 in file "sounds.c"
  2597 ;; Parameters:    Size  Location     Type
  2598 ;;		None
  2599 ;; Auto vars:     Size  Location     Type
  2600 ;;		None
  2601 ;; Return value:  Size  Location     Type
  2602 ;;                  1    wreg      void 
  2603 ;; Registers used:
  2604 ;;		wreg, fsr0l, fsr0h, fsr1l, fsr1h, status,2, status,0, pclath, cstack
  2605 ;; Tracked objects:
  2606 ;;		On entry : 0/0
  2607 ;;		On exit  : 0/0
  2608 ;;		Unchanged: 0/0
  2609 ;; Data sizes:     COMMON   BANK0   BANK1   BANK2   BANK3   BANK4   BANK5   BANK6   BANK7   BANK8   BANK9  BANK10  BANK1
      +1  BANK12
  2610 ;;      Params:         0       0       0       0       0       0       0       0       0       0       0       0       
      +0       0
  2611 ;;      Locals:         0       0       0       0       0       0       0       0       0       0       0       0       
      +0       0
  2612 ;;      Temps:          0       0       0       0       0       0       0       0       0       0       0       0       
      +0       0
  2613 ;;      Totals:         0       0       0       0       0       0       0       0       0       0       0       0       
      +0       0
  2614 ;;Total ram usage:        0 bytes
  2615 ;; Hardware stack levels used: 1
  2616 ;; Hardware stack levels required when called: 2
  2617 ;; This function calls:
  2618 ;;		___awmod
  2619 ;;		___bmul
  2620 ;; This function is called by:
  2621 ;;		_main
  2622 ;; This function uses a non-reentrant model
  2623 ;;
  2624                           
  2625     02CE                     _BeepsStateMachine:	
  2626                           ;psect for function _BeepsStateMachine
  2627                           
  2628     02CE                     l1414:	
  2629                           ;incstack = 0
  2630                           ; Regs used in _BeepsStateMachine: [wreg-fsr1h+status,2+status,0+pclath+cstack]
  2631                           
  2632                           
  2633                           ;sounds.c: 94:     static uint8_t state = 0;;sounds.c: 95:     static uint16_t stateMach
      +                          ineDuration = 0;;sounds.c: 96:     static uint8_t stateMachineAllowTimeout = 0;;sounds.c
      +                          : 98:     switch(state){
  2634     02CE  2B41               	goto	l1458
  2635     02CF                     l1416:
  2636                           
  2637                           ;sounds.c: 100:         if (queueHead != queueTail) {
  2638     02CF  0838               	movf	_queueHead,w
  2639     02D0  0637               	xorwf	_queueTail,w
  2640     02D1  1903               	skipnz
  2641     02D2  2AD4               	goto	u1091
  2642     02D3  2AD5               	goto	u1090
  2643     02D4                     u1091:
  2644     02D4  2B50               	goto	l57
  2645     02D5                     u1090:
  2646     02D5                     l1418:
  2647                           
  2648                           ;sounds.c: 101:                 stateMachineDuration = beepsQueue[queueHead].duration;
  2649     02D5  3003               	movlw	3
  2650     02D6  00F0               	movwf	___bmul@multiplicand
  2651     02D7  0838               	movf	_queueHead,w
  2652     02D8  3184  2415  3182   	fcall	___bmul
  2653     02DB  3E20               	addlw	(low (_beepsQueue| 0))& (0+255)
  2654     02DC  0086               	movwf	6
  2655     02DD  0187               	clrf	7
  2656     02DE  3F40               	moviw [0]fsr1
  2657     02DF  0140               	movlb	0	; select bank0
  2658     02E0  00AF               	movwf	BeepsStateMachine@stateMachineDuration
  2659     02E1  3F41               	moviw [1]fsr1
  2660     02E2  00B0               	movwf	BeepsStateMachine@stateMachineDuration+1
  2661                           
  2662                           ;sounds.c: 102:                 stateMachineAllowTimeout = beepsQueue[queueHead].allowTi
      +                          meout;
  2663     02E3  3003               	movlw	3
  2664     02E4  00F0               	movwf	___bmul@multiplicand
  2665     02E5  0838               	movf	_queueHead,w
  2666     02E6  3184  2415  3182   	fcall	___bmul
  2667     02E9  3E22               	addlw	(low ((_beepsQueue| 0+2)))& (0+255)
  2668     02EA  0086               	movwf	6
  2669     02EB  0187               	clrf	7
  2670     02EC  0801               	movf	1,w
  2671     02ED  0140               	movlb	0	; select bank0
  2672     02EE  00B5               	movwf	BeepsStateMachine@stateMachineAllowTimeout
  2673     02EF                     l1420:
  2674                           
  2675                           ;sounds.c: 103:                 queueHead = (queueHead + 1) % 5;
  2676     02EF  3005               	movlw	5
  2677     02F0  00F0               	movwf	___awmod@divisor
  2678     02F1  3000               	movlw	0
  2679     02F2  00F1               	movwf	___awmod@divisor+1
  2680     02F3  0838               	movf	_queueHead,w
  2681     02F4  3E01               	addlw	1
  2682     02F5  00F2               	movwf	___awmod@dividend
  2683     02F6  3000               	movlw	0
  2684     02F7  1803               	skipnc
  2685     02F8  3001               	movlw	1
  2686     02F9  00F3               	movwf	___awmod@dividend+1
  2687     02FA  3183  2351  3182   	fcall	___awmod
  2688     02FD  0870               	movf	?___awmod,w
  2689     02FE  0140               	movlb	0	; select bank0
  2690     02FF  00B8               	movwf	_queueHead
  2691     0300                     l1422:
  2692                           
  2693                           ;sounds.c: 104:                 LATA2 = 1;
  2694     0300  1518               	bsf	24,2	;volatile
  2695     0301                     l1424:
  2696                           
  2697                           ;sounds.c: 105:                 cnt0 = 0;
  2698     0301  01B1               	clrf	_cnt0	;volatile
  2699     0302  01B2               	clrf	_cnt0+1	;volatile
  2700     0303                     l1426:
  2701                           
  2702                           ;sounds.c: 106:                 state = 1;
  2703     0303  3001               	movlw	1
  2704     0304  00B6               	movwf	BeepsStateMachine@state
  2705     0305                     l1428:
  2706                           
  2707                           ;sounds.c: 107:           prmFlags.alarmState = 1;
  2708     0305  15B9               	bsf	_prmFlags,3	;volatile
  2709     0306  2B50               	goto	l57
  2710     0307                     l1430:
  2711                           
  2712                           ;sounds.c: 112:    if (cnt0 >= stateMachineDuration){
  2713     0307  0830               	movf	BeepsStateMachine@stateMachineDuration+1,w
  2714     0308  0232               	subwf	_cnt0+1,w	;volatile
  2715     0309  1D03               	skipz
  2716     030A  2B0D               	goto	u1105
  2717     030B  082F               	movf	BeepsStateMachine@stateMachineDuration,w
  2718     030C  0231               	subwf	_cnt0,w	;volatile
  2719     030D                     u1105:
  2720     030D  1C03               	skipc
  2721     030E  2B10               	goto	u1101
  2722     030F  2B11               	goto	u1100
  2723     0310                     u1101:
  2724     0310  2B50               	goto	l57
  2725     0311                     u1100:
  2726     0311                     l1432:
  2727                           
  2728                           ;sounds.c: 113:              cnt0 = 0;
  2729     0311  01B1               	clrf	_cnt0	;volatile
  2730     0312  01B2               	clrf	_cnt0+1	;volatile
  2731     0313                     l1434:
  2732                           
  2733                           ;sounds.c: 114:              state = 2;
  2734     0313  3002               	movlw	2
  2735     0314  00B6               	movwf	BeepsStateMachine@state
  2736     0315                     l1436:
  2737                           
  2738                           ;sounds.c: 115:              LATA2 = 0;
  2739     0315  1118               	bcf	24,2	;volatile
  2740     0316  2B50               	goto	l57
  2741     0317                     l1438:
  2742                           
  2743                           ;sounds.c: 120:           if (cnt0 >= 80){
  2744     0317  3000               	movlw	0
  2745     0318  0232               	subwf	_cnt0+1,w	;volatile
  2746     0319  3050               	movlw	80
  2747     031A  1903               	skipnz
  2748     031B  0231               	subwf	_cnt0,w	;volatile
  2749     031C  1C03               	skipc
  2750     031D  2B1F               	goto	u1111
  2751     031E  2B20               	goto	u1110
  2752     031F                     u1111:
  2753     031F  2B50               	goto	l57
  2754     0320                     u1110:
  2755     0320                     l1440:
  2756                           
  2757                           ;sounds.c: 121:              cnt0 = 0;
  2758     0320  01B1               	clrf	_cnt0	;volatile
  2759     0321  01B2               	clrf	_cnt0+1	;volatile
  2760     0322                     l1442:
  2761                           
  2762                           ;sounds.c: 122:              if (stateMachineAllowTimeout == 0){
  2763     0322  0835               	movf	BeepsStateMachine@stateMachineAllowTimeout,w
  2764     0323  1D03               	btfss	3,2
  2765     0324  2B26               	goto	u1121
  2766     0325  2B27               	goto	u1120
  2767     0326                     u1121:
  2768     0326  2B29               	goto	l1446
  2769     0327                     u1120:
  2770     0327                     l1444:
  2771                           
  2772                           ;sounds.c: 123:                  state = 0;
  2773     0327  01B6               	clrf	BeepsStateMachine@state
  2774                           
  2775                           ;sounds.c: 124:          }
  2776     0328  2B50               	goto	l57
  2777     0329                     l1446:
  2778     0329  0335               	decf	BeepsStateMachine@stateMachineAllowTimeout,w
  2779     032A  1D03               	btfss	3,2
  2780     032B  2B2D               	goto	u1131
  2781     032C  2B2E               	goto	u1130
  2782     032D                     u1131:
  2783     032D  2B50               	goto	l57
  2784     032E                     u1130:
  2785     032E                     l1448:
  2786                           
  2787                           ;sounds.c: 126:          state = 3;
  2788     032E  3003               	movlw	3
  2789     032F  00B6               	movwf	BeepsStateMachine@state
  2790     0330  2B50               	goto	l57
  2791     0331                     l1450:
  2792                           
  2793                           ;sounds.c: 132:          if (cnt0 >= 1300){
  2794     0331  3005               	movlw	5
  2795     0332  0232               	subwf	_cnt0+1,w	;volatile
  2796     0333  3014               	movlw	20
  2797     0334  1903               	skipnz
  2798     0335  0231               	subwf	_cnt0,w	;volatile
  2799     0336  1C03               	skipc
  2800     0337  2B39               	goto	u1141
  2801     0338  2B3A               	goto	u1140
  2802     0339                     u1141:
  2803     0339  2B50               	goto	l57
  2804     033A                     u1140:
  2805     033A                     l1452:
  2806                           
  2807                           ;sounds.c: 133:            cnt0 = 0;
  2808     033A  01B1               	clrf	_cnt0	;volatile
  2809     033B  01B2               	clrf	_cnt0+1	;volatile
  2810                           
  2811                           ;sounds.c: 134:            queueHead = 0;
  2812     033C  01B8               	clrf	_queueHead
  2813                           
  2814                           ;sounds.c: 135:            queueTail = 0;
  2815     033D  01B7               	clrf	_queueTail
  2816                           
  2817                           ;sounds.c: 136:         state = 0;
  2818     033E  01B6               	clrf	BeepsStateMachine@state
  2819     033F                     l1454:
  2820                           
  2821                           ;sounds.c: 137:         prmFlags.alarmState = 0;
  2822     033F  11B9               	bcf	_prmFlags,3	;volatile
  2823     0340  2B50               	goto	l57
  2824     0341                     l1458:
  2825     0341  0140               	movlb	0	; select bank0
  2826     0342  0836               	movf	BeepsStateMachine@state,w
  2827                           
  2828                           ; Switch size 1, requested type "simple"
  2829                           ; Number of cases is 4, Range of values is 0 to 3
  2830                           ; switch strategies available:
  2831                           ; Name         Instructions Cycles
  2832                           ; simple_byte           13     7 (average)
  2833                           ; direct_byte           14     6 (fixed)
  2834                           ; jumptable            260     6 (fixed)
  2835                           ;	Chosen strategy is simple_byte
  2836     0343  3A00               	xorlw	0	; case 0
  2837     0344  1903               	skipnz
  2838     0345  2ACF               	goto	l1416
  2839     0346  3A01               	xorlw	1	; case 1
  2840     0347  1903               	skipnz
  2841     0348  2B07               	goto	l1430
  2842     0349  3A03               	xorlw	3	; case 2
  2843     034A  1903               	skipnz
  2844     034B  2B17               	goto	l1438
  2845     034C  3A01               	xorlw	1	; case 3
  2846     034D  1903               	skipnz
  2847     034E  2B31               	goto	l1450
  2848     034F  2B50               	goto	l57
  2849     0350                     l57:
  2850     0350  0008               	return
  2851     0351                     __end_of_BeepsStateMachine:
  2852                           
  2853                           	psect	text6
  2854     0415                     __ptext6:	
  2855 ;; *************** function ___bmul *****************
  2856 ;; Defined at:
  2857 ;;		line 4 in file "C:\Program Files\Microchip\xc8\v3.10\pic\sources\c99\common\Umul8.c"
  2858 ;; Parameters:    Size  Location     Type
  2859 ;;  multiplier      1    wreg     unsigned char 
  2860 ;;  multiplicand    1    0[COMMON] unsigned char 
  2861 ;; Auto vars:     Size  Location     Type
  2862 ;;  multiplier      1    2[COMMON] unsigned char 
  2863 ;;  product         1    1[COMMON] unsigned char 
  2864 ;; Return value:  Size  Location     Type
  2865 ;;                  1    wreg      unsigned char 
  2866 ;; Registers used:
  2867 ;;		wreg, status,2, status,0
  2868 ;; Tracked objects:
  2869 ;;		On entry : 0/0
  2870 ;;		On exit  : 0/0
  2871 ;;		Unchanged: 0/0
  2872 ;; Data sizes:     COMMON   BANK0   BANK1   BANK2   BANK3   BANK4   BANK5   BANK6   BANK7   BANK8   BANK9  BANK10  BANK1
      +1  BANK12
  2873 ;;      Params:         1       0       0       0       0       0       0       0       0       0       0       0       
      +0       0
  2874 ;;      Locals:         2       0       0       0       0       0       0       0       0       0       0       0       
      +0       0
  2875 ;;      Temps:          0       0       0       0       0       0       0       0       0       0       0       0       
      +0       0
  2876 ;;      Totals:         3       0       0       0       0       0       0       0       0       0       0       0       
      +0       0
  2877 ;;Total ram usage:        3 bytes
  2878 ;; Hardware stack levels used: 1
  2879 ;; Hardware stack levels required when called: 1
  2880 ;; This function calls:
  2881 ;;		Nothing
  2882 ;; This function is called by:
  2883 ;;		_EnqueueBeeps
  2884 ;;		_BeepsStateMachine
  2885 ;; This function uses a non-reentrant model
  2886 ;;
  2887                           
  2888     0415                     ___bmul:	
  2889                           ;psect for function ___bmul
  2890                           
  2891                           
  2892                           ;incstack = 0
  2893                           ; Regs used in ___bmul: [wreg+status,2+status,0]
  2894                           ;___bmul@multiplier stored from wreg
  2895     0415  00F2               	movwf	___bmul@multiplier
  2896     0416                     l1132:
  2897     0416  01F1               	clrf	___bmul@product
  2898     0417                     l1134:
  2899     0417  1C72               	btfss	___bmul@multiplier,0
  2900     0418  2C1A               	goto	u521
  2901     0419  2C1B               	goto	u520
  2902     041A                     u521:
  2903     041A  2C1D               	goto	l1138
  2904     041B                     u520:
  2905     041B                     l1136:
  2906     041B  0870               	movf	___bmul@multiplicand,w
  2907     041C  07F1               	addwf	___bmul@product,f
  2908     041D                     l1138:
  2909     041D  1003               	clrc
  2910     041E  0DF0               	rlf	___bmul@multiplicand,f
  2911     041F                     l1140:
  2912     041F  1003               	clrc
  2913     0420  0CF2               	rrf	___bmul@multiplier,f
  2914     0421  0872               	movf	___bmul@multiplier,w
  2915     0422  1D03               	btfss	3,2
  2916     0423  2C25               	goto	u531
  2917     0424  2C26               	goto	u530
  2918     0425                     u531:
  2919     0425  2C17               	goto	l1134
  2920     0426                     u530:
  2921     0426                     l1142:
  2922     0426  0871               	movf	___bmul@product,w
  2923     0427                     l344:
  2924     0427  0008               	return
  2925     0428                     __end_of___bmul:
  2926                           
  2927                           	psect	text7
  2928     0351                     __ptext7:	
  2929 ;; *************** function ___awmod *****************
  2930 ;; Defined at:
  2931 ;;		line 5 in file "C:\Program Files\Microchip\xc8\v3.10\pic\sources\c99\common\awmod.c"
  2932 ;; Parameters:    Size  Location     Type
  2933 ;;  divisor         2    0[COMMON] int 
  2934 ;;  dividend        2    2[COMMON] int 
  2935 ;; Auto vars:     Size  Location     Type
  2936 ;;  sign            1    5[COMMON] unsigned char 
  2937 ;;  counter         1    4[COMMON] unsigned char 
  2938 ;; Return value:  Size  Location     Type
  2939 ;;                  2    0[COMMON] int 
  2940 ;; Registers used:
  2941 ;;		wreg, status,2, status,0
  2942 ;; Tracked objects:
  2943 ;;		On entry : 0/0
  2944 ;;		On exit  : 0/0
  2945 ;;		Unchanged: 0/0
  2946 ;; Data sizes:     COMMON   BANK0   BANK1   BANK2   BANK3   BANK4   BANK5   BANK6   BANK7   BANK8   BANK9  BANK10  BANK1
      +1  BANK12
  2947 ;;      Params:         4       0       0       0       0       0       0       0       0       0       0       0       
      +0       0
  2948 ;;      Locals:         2       0       0       0       0       0       0       0       0       0       0       0       
      +0       0
  2949 ;;      Temps:          0       0       0       0       0       0       0       0       0       0       0       0       
      +0       0
  2950 ;;      Totals:         6       0       0       0       0       0       0       0       0       0       0       0       
      +0       0
  2951 ;;Total ram usage:        6 bytes
  2952 ;; Hardware stack levels used: 1
  2953 ;; Hardware stack levels required when called: 1
  2954 ;; This function calls:
  2955 ;;		Nothing
  2956 ;; This function is called by:
  2957 ;;		_EnqueueBeeps
  2958 ;;		_BeepsStateMachine
  2959 ;; This function uses a non-reentrant model
  2960 ;;
  2961                           
  2962     0351                     ___awmod:	
  2963                           ;psect for function ___awmod
  2964                           
  2965     0351                     l1146:	
  2966                           ;incstack = 0
  2967                           ; Regs used in ___awmod: [wreg+status,2+status,0]
  2968                           
  2969     0351  01F5               	clrf	___awmod@sign
  2970     0352                     l1148:
  2971     0352  1FF3               	btfss	___awmod@dividend+1,7
  2972     0353  2B55               	goto	u541
  2973     0354  2B56               	goto	u540
  2974     0355                     u541:
  2975     0355  2B5D               	goto	l1154
  2976     0356                     u540:
  2977     0356                     l1150:
  2978     0356  09F2               	comf	___awmod@dividend,f
  2979     0357  09F3               	comf	___awmod@dividend+1,f
  2980     0358  0AF2               	incf	___awmod@dividend,f
  2981     0359  1903               	skipnz
  2982     035A  0AF3               	incf	___awmod@dividend+1,f
  2983     035B                     l1152:
  2984     035B  3001               	movlw	1
  2985     035C  00F5               	movwf	___awmod@sign
  2986     035D                     l1154:
  2987     035D  1FF1               	btfss	___awmod@divisor+1,7
  2988     035E  2B60               	goto	u551
  2989     035F  2B61               	goto	u550
  2990     0360                     u551:
  2991     0360  2B66               	goto	l1158
  2992     0361                     u550:
  2993     0361                     l1156:
  2994     0361  09F0               	comf	___awmod@divisor,f
  2995     0362  09F1               	comf	___awmod@divisor+1,f
  2996     0363  0AF0               	incf	___awmod@divisor,f
  2997     0364  1903               	skipnz
  2998     0365  0AF1               	incf	___awmod@divisor+1,f
  2999     0366                     l1158:
  3000     0366  0870               	movf	___awmod@divisor,w
  3001     0367  0471               	iorwf	___awmod@divisor+1,w
  3002     0368  1903               	btfsc	3,2
  3003     0369  2B6B               	goto	u561
  3004     036A  2B6C               	goto	u560
  3005     036B                     u561:
  3006     036B  2B93               	goto	l1176
  3007     036C                     u560:
  3008     036C                     l1160:
  3009     036C  3001               	movlw	1
  3010     036D  00F4               	movwf	___awmod@counter
  3011     036E  2B76               	goto	l1166
  3012     036F                     l1162:
  3013     036F  3001               	movlw	1
  3014     0370                     u575:
  3015     0370  35F0               	lslf	___awmod@divisor,f
  3016     0371  0DF1               	rlf	___awmod@divisor+1,f
  3017     0372  0B89               	decfsz	9,f
  3018     0373  2B70               	goto	u575
  3019     0374                     l1164:
  3020     0374  3001               	movlw	1
  3021     0375  07F4               	addwf	___awmod@counter,f
  3022     0376                     l1166:
  3023     0376  1FF1               	btfss	___awmod@divisor+1,7
  3024     0377  2B79               	goto	u581
  3025     0378  2B7A               	goto	u580
  3026     0379                     u581:
  3027     0379  2B6F               	goto	l1162
  3028     037A                     u580:
  3029     037A                     l1168:
  3030     037A  0871               	movf	___awmod@divisor+1,w
  3031     037B  0273               	subwf	___awmod@dividend+1,w
  3032     037C  1D03               	skipz
  3033     037D  2B80               	goto	u595
  3034     037E  0870               	movf	___awmod@divisor,w
  3035     037F  0272               	subwf	___awmod@dividend,w
  3036     0380                     u595:
  3037     0380  1C03               	skipc
  3038     0381  2B83               	goto	u591
  3039     0382  2B84               	goto	u590
  3040     0383                     u591:
  3041     0383  2B88               	goto	l1172
  3042     0384                     u590:
  3043     0384                     l1170:
  3044     0384  0870               	movf	___awmod@divisor,w
  3045     0385  02F2               	subwf	___awmod@dividend,f
  3046     0386  0871               	movf	___awmod@divisor+1,w
  3047     0387  3BF3               	subwfb	___awmod@dividend+1,f
  3048     0388                     l1172:
  3049     0388  3001               	movlw	1
  3050     0389                     u605:
  3051     0389  36F1               	lsrf	___awmod@divisor+1,f
  3052     038A  0CF0               	rrf	___awmod@divisor,f
  3053     038B  0B89               	decfsz	9,f
  3054     038C  2B89               	goto	u605
  3055     038D                     l1174:
  3056     038D  3001               	movlw	1
  3057     038E  02F4               	subwf	___awmod@counter,f
  3058     038F  1D03               	btfss	3,2
  3059     0390  2B92               	goto	u611
  3060     0391  2B93               	goto	u610
  3061     0392                     u611:
  3062     0392  2B7A               	goto	l1168
  3063     0393                     u610:
  3064     0393                     l1176:
  3065     0393  0875               	movf	___awmod@sign,w
  3066     0394  1903               	btfsc	3,2
  3067     0395  2B97               	goto	u621
  3068     0396  2B98               	goto	u620
  3069     0397                     u621:
  3070     0397  2B9D               	goto	l1180
  3071     0398                     u620:
  3072     0398                     l1178:
  3073     0398  09F2               	comf	___awmod@dividend,f
  3074     0399  09F3               	comf	___awmod@dividend+1,f
  3075     039A  0AF2               	incf	___awmod@dividend,f
  3076     039B  1903               	skipnz
  3077     039C  0AF3               	incf	___awmod@dividend+1,f
  3078     039D                     l1180:
  3079     039D  0873               	movf	___awmod@dividend+1,w
  3080     039E  00F1               	movwf	?___awmod+1
  3081     039F  0872               	movf	___awmod@dividend,w
  3082     03A0  00F0               	movwf	?___awmod
  3083     03A1                     l484:
  3084     03A1  0008               	return
  3085     03A2                     __end_of___awmod:
  3086                           
  3087                           	psect	text8
  3088     0168                     __ptext8:	
  3089 ;; *************** function _ADCProcessing *****************
  3090 ;; Defined at:
  3091 ;;		line 146 in file "interrupt.c"
  3092 ;; Parameters:    Size  Location     Type
  3093 ;;		None
  3094 ;; Auto vars:     Size  Location     Type
  3095 ;;  adcValue        2    2[BANK0 ] unsigned short 
  3096 ;;  newValue        2    0[BANK0 ] unsigned short 
  3097 ;; Return value:  Size  Location     Type
  3098 ;;                  1    wreg      void 
  3099 ;; Registers used:
  3100 ;;		wreg, fsr0l, fsr0h, fsr1l, fsr1h, status,2, status,0, pclath, cstack
  3101 ;; Tracked objects:
  3102 ;;		On entry : 0/0
  3103 ;;		On exit  : 0/0
  3104 ;;		Unchanged: 0/0
  3105 ;; Data sizes:     COMMON   BANK0   BANK1   BANK2   BANK3   BANK4   BANK5   BANK6   BANK7   BANK8   BANK9  BANK10  BANK1
      +1  BANK12
  3106 ;;      Params:         0       0       0       0       0       0       0       0       0       0       0       0       
      +0       0
  3107 ;;      Locals:         0       4       0       0       0       0       0       0       0       0       0       0       
      +0       0
  3108 ;;      Temps:          0       0       0       0       0       0       0       0       0       0       0       0       
      +0       0
  3109 ;;      Totals:         0       4       0       0       0       0       0       0       0       0       0       0       
      +0       0
  3110 ;;Total ram usage:        4 bytes
  3111 ;; Hardware stack levels used: 1
  3112 ;; Hardware stack levels required when called: 2
  3113 ;; This function calls:
  3114 ;;		_MedianFilter
  3115 ;;		_MuxADCChannel
  3116 ;; This function is called by:
  3117 ;;		_main
  3118 ;; This function uses a non-reentrant model
  3119 ;;
  3120                           
  3121     0168                     _ADCProcessing:	
  3122                           ;psect for function _ADCProcessing
  3123                           
  3124     0168                     l1296:	
  3125                           ;incstack = 0
  3126                           ; Regs used in _ADCProcessing: [wreg-fsr1h+status,2+status,0+pclath+cstack]
  3127                           
  3128                           
  3129                           ;interrupt.c: 149:    uint16_t newValue = 0;
  3130     0168  0140               	movlb	0	; select bank0
  3131     0169  01E2               	clrf	ADCProcessing@newValue
  3132     016A  01E3               	clrf	ADCProcessing@newValue+1
  3133     016B                     l1298:
  3134                           
  3135                           ;interrupt.c: 150:     static uint8_t adcState = 0;;interrupt.c: 152:     if (ADIF == 1)
      +                          {
  3136     016B  0141               	movlb	1	; select bank1
  3137     016C  1D90               	btfss	16,3	;volatile
  3138     016D  296F               	goto	u831
  3139     016E  2970               	goto	u830
  3140     016F                     u831:
  3141     016F  2A1F               	goto	l151
  3142     0170                     u830:
  3143     0170                     l1300:
  3144                           
  3145                           ;interrupt.c: 153:      newValue = ADRES;
  3146     0170  017A               	movlb	58	; select bank58
  3147     0171  081E               	movf	30,w	;volatile
  3148     0172  0140               	movlb	0	; select bank0
  3149     0173  00E3               	movwf	ADCProcessing@newValue+1
  3150     0174  017A               	movlb	58	; select bank58
  3151     0175  081D               	movf	29,w	;volatile
  3152     0176  0140               	movlb	0	; select bank0
  3153     0177  00E2               	movwf	ADCProcessing@newValue
  3154                           
  3155                           ;interrupt.c: 155:      switch (adcState){
  3156     0178  2A17               	goto	l1354
  3157     0179                     l1302:
  3158                           
  3159                           ;interrupt.c: 158:       adcValue = MedianFilter(newValue, medianVoltage);
  3160     0179  0863               	movf	ADCProcessing@newValue+1,w
  3161     017A  00F1               	movwf	MedianFilter@singleMeasure+1
  3162     017B  0862               	movf	ADCProcessing@newValue,w
  3163     017C  00F0               	movwf	MedianFilter@singleMeasure
  3164     017D  304E               	movlw	(low (_medianVoltage| 0))& (0+255)
  3165     017E  00F2               	movwf	MedianFilter@medianBuf
  3166     017F  3180  202B  3181   	fcall	_MedianFilter
  3167     0182  0871               	movf	?_MedianFilter+1,w
  3168     0183  0140               	movlb	0	; select bank0
  3169     0184  00E5               	movwf	ADCProcessing@adcValue+1
  3170     0185  0870               	movf	?_MedianFilter,w
  3171     0186  00E4               	movwf	ADCProcessing@adcValue
  3172     0187                     l1304:
  3173                           
  3174                           ;interrupt.c: 160:    if ((adcValue > 96) && (adcValue < 148)){
  3175     0187  3000               	movlw	0
  3176     0188  0265               	subwf	ADCProcessing@adcValue+1,w
  3177     0189  3061               	movlw	97
  3178     018A  1903               	skipnz
  3179     018B  0264               	subwf	ADCProcessing@adcValue,w
  3180     018C  1C03               	skipc
  3181     018D  298F               	goto	u841
  3182     018E  2990               	goto	u840
  3183     018F                     u841:
  3184     018F  29A3               	goto	l1312
  3185     0190                     u840:
  3186     0190                     l1306:
  3187     0190  3000               	movlw	0
  3188     0191  0265               	subwf	ADCProcessing@adcValue+1,w
  3189     0192  3094               	movlw	148
  3190     0193  1903               	skipnz
  3191     0194  0264               	subwf	ADCProcessing@adcValue,w
  3192     0195  1803               	skipnc
  3193     0196  2998               	goto	u851
  3194     0197  2999               	goto	u850
  3195     0198                     u851:
  3196     0198  29A3               	goto	l1312
  3197     0199                     u850:
  3198     0199                     l1308:
  3199                           
  3200                           ;interrupt.c: 161:       if(prmFlags.errorHighTemperature == 0) LATAbits.LATA5 = 0;
  3201     0199  1939               	btfsc	_prmFlags,2	;volatile
  3202     019A  299C               	goto	u861
  3203     019B  299D               	goto	u860
  3204     019C                     u861:
  3205     019C  299F               	goto	l133
  3206     019D                     u860:
  3207     019D                     l1310:
  3208     019D  1298               	bcf	24,5	;volatile
  3209     019E  29A0               	goto	l134
  3210     019F                     l133:	
  3211                           ;interrupt.c: 162:        else LATAbits.LATA5 = 1;
  3212                           
  3213     019F  1698               	bsf	24,5	;volatile
  3214     01A0                     l134:
  3215                           
  3216                           ;interrupt.c: 163:        prmFlags.errorUnderVoltage = 0;
  3217     01A0  1039               	bcf	_prmFlags,0	;volatile
  3218                           
  3219                           ;interrupt.c: 164:           prmFlags.errorOverVoltage = 0;
  3220     01A1  10B9               	bcf	_prmFlags,1	;volatile
  3221                           
  3222                           ;interrupt.c: 165:            }
  3223     01A2  29BA               	goto	l1320
  3224     01A3                     l1312:
  3225     01A3  3000               	movlw	0
  3226     01A4  0265               	subwf	ADCProcessing@adcValue+1,w
  3227     01A5  3061               	movlw	97
  3228     01A6  1903               	skipnz
  3229     01A7  0264               	subwf	ADCProcessing@adcValue,w
  3230     01A8  1803               	skipnc
  3231     01A9  29AB               	goto	u871
  3232     01AA  29AC               	goto	u870
  3233     01AB                     u871:
  3234     01AB  29AF               	goto	l1316
  3235     01AC                     u870:
  3236     01AC                     l1314:
  3237                           
  3238                           ;interrupt.c: 167:           LATAbits.LATA5 = 1;
  3239     01AC  1698               	bsf	24,5	;volatile
  3240                           
  3241                           ;interrupt.c: 168:        prmFlags.errorUnderVoltage = 1;
  3242     01AD  1439               	bsf	_prmFlags,0	;volatile
  3243                           
  3244                           ;interrupt.c: 169:   }
  3245     01AE  29BA               	goto	l1320
  3246     01AF                     l1316:
  3247     01AF  3000               	movlw	0
  3248     01B0  0265               	subwf	ADCProcessing@adcValue+1,w
  3249     01B1  3094               	movlw	148
  3250     01B2  1903               	skipnz
  3251     01B3  0264               	subwf	ADCProcessing@adcValue,w
  3252     01B4  1C03               	skipc
  3253     01B5  29B7               	goto	u881
  3254     01B6  29B8               	goto	u880
  3255     01B7                     u881:
  3256     01B7  29BA               	goto	l1320
  3257     01B8                     u880:
  3258     01B8                     l1318:
  3259                           
  3260                           ;interrupt.c: 173:        LATAbits.LATA5 = 1;
  3261     01B8  1698               	bsf	24,5	;volatile
  3262                           
  3263                           ;interrupt.c: 174:     prmFlags.errorOverVoltage = 1;
  3264     01B9  14B9               	bsf	_prmFlags,1	;volatile
  3265     01BA                     l1320:
  3266                           
  3267                           ;interrupt.c: 177:       MuxADCChannel(ADC_CHANNEL0);
  3268     01BA  3000               	movlw	0
  3269     01BB  3184  243A  3181   	fcall	_MuxADCChannel
  3270     01BE                     l1322:
  3271                           
  3272                           ;interrupt.c: 178:    adcState = 1;
  3273     01BE  3001               	movlw	1
  3274     01BF  0140               	movlb	0	; select bank0
  3275     01C0  00B3               	movwf	ADCProcessing@adcState
  3276                           
  3277                           ;interrupt.c: 179:       break;
  3278     01C1  2A1F               	goto	l151
  3279     01C2                     l1324:
  3280                           
  3281                           ;interrupt.c: 185:         adcValue = MedianFilter(newValue, medianTemperature);
  3282     01C2  0863               	movf	ADCProcessing@newValue+1,w
  3283     01C3  00F1               	movwf	MedianFilter@singleMeasure+1
  3284     01C4  0862               	movf	ADCProcessing@newValue,w
  3285     01C5  00F0               	movwf	MedianFilter@singleMeasure
  3286     01C6  303A               	movlw	(low (_medianTemperature| 0))& (0+255)
  3287     01C7  00F2               	movwf	MedianFilter@medianBuf
  3288     01C8  3180  202B  3181   	fcall	_MedianFilter
  3289     01CB  0871               	movf	?_MedianFilter+1,w
  3290     01CC  0140               	movlb	0	; select bank0
  3291     01CD  00E5               	movwf	ADCProcessing@adcValue+1
  3292     01CE  0870               	movf	?_MedianFilter,w
  3293     01CF  00E4               	movwf	ADCProcessing@adcValue
  3294     01D0                     l1326:
  3295                           
  3296                           ;interrupt.c: 195:               if (adcValue < 930){
  3297     01D0  3003               	movlw	3
  3298     01D1  0265               	subwf	ADCProcessing@adcValue+1,w
  3299     01D2  30A2               	movlw	162
  3300     01D3  1903               	skipnz
  3301     01D4  0264               	subwf	ADCProcessing@adcValue,w
  3302     01D5  1803               	skipnc
  3303     01D6  29D8               	goto	u891
  3304     01D7  29D9               	goto	u890
  3305     01D8                     u891:
  3306     01D8  29E6               	goto	l1334
  3307     01D9                     u890:
  3308     01D9                     l1328:
  3309                           
  3310                           ;interrupt.c: 197:               if((prmFlags.errorUnderVoltage == 0) && (prmFlags.error
      +                          OverVoltage == 0)) LATAbits.LATA5 = 0;
  3311     01D9  1839               	btfsc	_prmFlags,0	;volatile
  3312     01DA  29DC               	goto	u901
  3313     01DB  29DD               	goto	u900
  3314     01DC                     u901:
  3315     01DC  29E3               	goto	l142
  3316     01DD                     u900:
  3317     01DD                     l1330:
  3318     01DD  18B9               	btfsc	_prmFlags,1	;volatile
  3319     01DE  29E0               	goto	u911
  3320     01DF  29E1               	goto	u910
  3321     01E0                     u911:
  3322     01E0  29E3               	goto	l142
  3323     01E1                     u910:
  3324     01E1                     l1332:
  3325     01E1  1298               	bcf	24,5	;volatile
  3326     01E2  29E4               	goto	l143
  3327     01E3                     l142:	
  3328                           ;interrupt.c: 198:           else LATAbits.LATA5 = 1;
  3329                           
  3330     01E3  1698               	bsf	24,5	;volatile
  3331     01E4                     l143:
  3332                           
  3333                           ;interrupt.c: 200:        prmFlags.errorHighTemperature = 0;
  3334     01E4  1139               	bcf	_prmFlags,2	;volatile
  3335                           
  3336                           ;interrupt.c: 201:                        }
  3337     01E5  2A10               	goto	l1348
  3338     01E6                     l1334:
  3339     01E6  3003               	movlw	3
  3340     01E7  0265               	subwf	ADCProcessing@adcValue+1,w
  3341     01E8  30A3               	movlw	163
  3342     01E9  1903               	skipnz
  3343     01EA  0264               	subwf	ADCProcessing@adcValue,w
  3344     01EB  1C03               	skipc
  3345     01EC  29EE               	goto	u921
  3346     01ED  29EF               	goto	u920
  3347     01EE                     u921:
  3348     01EE  2A05               	goto	l1344
  3349     01EF                     u920:
  3350     01EF                     l1336:
  3351     01EF  3003               	movlw	3
  3352     01F0  0265               	subwf	ADCProcessing@adcValue+1,w
  3353     01F1  30CA               	movlw	202
  3354     01F2  1903               	skipnz
  3355     01F3  0264               	subwf	ADCProcessing@adcValue,w
  3356     01F4  1803               	skipnc
  3357     01F5  29F7               	goto	u931
  3358     01F6  29F8               	goto	u930
  3359     01F7                     u931:
  3360     01F7  2A05               	goto	l1344
  3361     01F8                     u930:
  3362     01F8                     l1338:
  3363                           
  3364                           ;interrupt.c: 204:              if((prmFlags.errorUnderVoltage == 0) && (prmFlags.errorO
      +                          verVoltage == 0)) LATAbits.LATA5 = 0;
  3365     01F8  1839               	btfsc	_prmFlags,0	;volatile
  3366     01F9  29FB               	goto	u941
  3367     01FA  29FC               	goto	u940
  3368     01FB                     u941:
  3369     01FB  2A02               	goto	l146
  3370     01FC                     u940:
  3371     01FC                     l1340:
  3372     01FC  18B9               	btfsc	_prmFlags,1	;volatile
  3373     01FD  29FF               	goto	u951
  3374     01FE  2A00               	goto	u950
  3375     01FF                     u951:
  3376     01FF  2A02               	goto	l146
  3377     0200                     u950:
  3378     0200                     l1342:
  3379     0200  1298               	bcf	24,5	;volatile
  3380     0201  2A03               	goto	l147
  3381     0202                     l146:	
  3382                           ;interrupt.c: 205:           else LATAbits.LATA5 = 1;
  3383                           
  3384     0202  1698               	bsf	24,5	;volatile
  3385     0203                     l147:
  3386                           
  3387                           ;interrupt.c: 207:        prmFlags.errorHighTemperature = 0;
  3388     0203  1139               	bcf	_prmFlags,2	;volatile
  3389                           
  3390                           ;interrupt.c: 208:                        }
  3391     0204  2A10               	goto	l1348
  3392     0205                     l1344:
  3393     0205  3003               	movlw	3
  3394     0206  0265               	subwf	ADCProcessing@adcValue+1,w
  3395     0207  30CB               	movlw	203
  3396     0208  1903               	skipnz
  3397     0209  0264               	subwf	ADCProcessing@adcValue,w
  3398     020A  1C03               	skipc
  3399     020B  2A0D               	goto	u961
  3400     020C  2A0E               	goto	u960
  3401     020D                     u961:
  3402     020D  2A10               	goto	l1348
  3403     020E                     u960:
  3404     020E                     l1346:
  3405                           
  3406                           ;interrupt.c: 211:              LATAbits.LATA5 = 1;
  3407     020E  1698               	bsf	24,5	;volatile
  3408                           
  3409                           ;interrupt.c: 212:                 prmFlags.errorHighTemperature = 1;
  3410     020F  1539               	bsf	_prmFlags,2	;volatile
  3411     0210                     l1348:
  3412                           
  3413                           ;interrupt.c: 216:      MuxADCChannel(ADC_CHANNEL1);
  3414     0210  3001               	movlw	1
  3415     0211  3184  243A  3181   	fcall	_MuxADCChannel
  3416     0214                     l1350:
  3417                           
  3418                           ;interrupt.c: 217:      adcState = 0;
  3419     0214  0140               	movlb	0	; select bank0
  3420     0215  01B3               	clrf	ADCProcessing@adcState
  3421                           
  3422                           ;interrupt.c: 218:  break;
  3423     0216  2A1F               	goto	l151
  3424     0217                     l1354:
  3425     0217  0833               	movf	ADCProcessing@adcState,w
  3426                           
  3427                           ; Switch size 1, requested type "simple"
  3428                           ; Number of cases is 2, Range of values is 0 to 1
  3429                           ; switch strategies available:
  3430                           ; Name         Instructions Cycles
  3431                           ; simple_byte            7     4 (average)
  3432                           ; direct_byte           10     6 (fixed)
  3433                           ; jumptable            260     6 (fixed)
  3434                           ;	Chosen strategy is simple_byte
  3435     0218  3A00               	xorlw	0	; case 0
  3436     0219  1903               	skipnz
  3437     021A  2979               	goto	l1302
  3438     021B  3A01               	xorlw	1	; case 1
  3439     021C  1903               	skipnz
  3440     021D  29C2               	goto	l1324
  3441     021E  2A1F               	goto	l151
  3442     021F                     l151:
  3443     021F  0008               	return
  3444     0220                     __end_of_ADCProcessing:
  3445                           
  3446                           	psect	text9
  3447     043A                     __ptext9:	
  3448 ;; *************** function _MuxADCChannel *****************
  3449 ;; Defined at:
  3450 ;;		line 79 in file "interrupt.c"
  3451 ;; Parameters:    Size  Location     Type
  3452 ;;  channelNumbe    1    wreg     enum E6501
  3453 ;; Auto vars:     Size  Location     Type
  3454 ;;  channelNumbe    1    0[COMMON] enum E6501
  3455 ;; Return value:  Size  Location     Type
  3456 ;;                  1    wreg      void 
  3457 ;; Registers used:
  3458 ;;		wreg, status,2, status,0
  3459 ;; Tracked objects:
  3460 ;;		On entry : 0/0
  3461 ;;		On exit  : 0/0
  3462 ;;		Unchanged: 0/0
  3463 ;; Data sizes:     COMMON   BANK0   BANK1   BANK2   BANK3   BANK4   BANK5   BANK6   BANK7   BANK8   BANK9  BANK10  BANK1
      +1  BANK12
  3464 ;;      Params:         0       0       0       0       0       0       0       0       0       0       0       0       
      +0       0
  3465 ;;      Locals:         1       0       0       0       0       0       0       0       0       0       0       0       
      +0       0
  3466 ;;      Temps:          0       0       0       0       0       0       0       0       0       0       0       0       
      +0       0
  3467 ;;      Totals:         1       0       0       0       0       0       0       0       0       0       0       0       
      +0       0
  3468 ;;Total ram usage:        1 bytes
  3469 ;; Hardware stack levels used: 1
  3470 ;; Hardware stack levels required when called: 1
  3471 ;; This function calls:
  3472 ;;		Nothing
  3473 ;; This function is called by:
  3474 ;;		_ADCProcessing
  3475 ;;		_Init_uC
  3476 ;; This function uses a non-reentrant model
  3477 ;;
  3478                           
  3479     043A                     _MuxADCChannel:	
  3480                           ;psect for function _MuxADCChannel
  3481                           
  3482                           
  3483                           ;incstack = 0
  3484                           ; Regs used in _MuxADCChannel: [wreg+status,2+status,0]
  3485                           ;MuxADCChannel@channelNumber stored from wreg
  3486     043A  00F0               	movwf	MuxADCChannel@channelNumber
  3487     043B                     l1190:
  3488                           
  3489                           ;interrupt.c: 80:     ADCON0 = 0x00;
  3490     043B  017A               	movlb	58	; select bank58
  3491     043C  01A6               	clrf	38	;volatile
  3492     043D                     l1192:
  3493                           
  3494                           ;interrupt.c: 81:     ADCON0bits.FM = 1;
  3495     043D  0826               	movf	38,w	;volatile
  3496     043E  39F3               	andlw	-13
  3497     043F  3804               	iorlw	4
  3498     0440  00A6               	movwf	38	;volatile
  3499     0441                     l1194:
  3500                           
  3501                           ;interrupt.c: 82:     ADCON0bits.CS = 1;
  3502     0441  1626               	bsf	38,4	;volatile
  3503     0442                     l1196:
  3504                           
  3505                           ;interrupt.c: 83:     ADCON0bits.ON = 1;
  3506     0442  17A6               	bsf	38,7	;volatile
  3507     0443                     l1198:
  3508                           
  3509                           ;interrupt.c: 84:     ADPCH = (unsigned char)channelNumber;
  3510     0443  0870               	movf	MuxADCChannel@channelNumber,w
  3511     0444  009F               	movwf	31	;volatile
  3512     0445                     l1200:
  3513                           
  3514                           ;interrupt.c: 85:     ADIF = 0;
  3515     0445  0141               	movlb	1	; select bank1
  3516     0446  1190               	bcf	16,3	;volatile
  3517     0447                     l1202:
  3518                           
  3519                           ;interrupt.c: 86:     ADCON0bits.GO = 1;
  3520     0447  017A               	movlb	58	; select bank58
  3521     0448  1426               	bsf	38,0	;volatile
  3522     0449                     l118:
  3523     0449  0008               	return
  3524     044A                     __end_of_MuxADCChannel:
  3525                           
  3526                           	psect	text10
  3527     002B                     __ptext10:	
  3528 ;; *************** function _MedianFilter *****************
  3529 ;; Defined at:
  3530 ;;		line 251 in file "interrupt.c"
  3531 ;; Parameters:    Size  Location     Type
  3532 ;;  singleMeasur    2    0[COMMON] unsigned short 
  3533 ;;  medianBuf       1    2[COMMON] PTR unsigned short 
  3534 ;;		 -> medianTemperature(20), medianVoltage(20), 
  3535 ;; Auto vars:     Size  Location     Type
  3536 ;;  cnt             1   12[COMMON] unsigned char 
  3537 ;;  cnt             1   11[COMMON] unsigned char 
  3538 ;;  temp            2    9[COMMON] unsigned short 
  3539 ;; Return value:  Size  Location     Type
  3540 ;;                  2    0[COMMON] unsigned short 
  3541 ;; Registers used:
  3542 ;;		wreg, fsr0l, fsr0h, fsr1l, fsr1h, status,2, status,0
  3543 ;; Tracked objects:
  3544 ;;		On entry : 0/0
  3545 ;;		On exit  : 0/0
  3546 ;;		Unchanged: 0/0
  3547 ;; Data sizes:     COMMON   BANK0   BANK1   BANK2   BANK3   BANK4   BANK5   BANK6   BANK7   BANK8   BANK9  BANK10  BANK1
      +1  BANK12
  3548 ;;      Params:         3       0       0       0       0       0       0       0       0       0       0       0       
      +0       0
  3549 ;;      Locals:         4       0       0       0       0       0       0       0       0       0       0       0       
      +0       0
  3550 ;;      Temps:          6       0       0       0       0       0       0       0       0       0       0       0       
      +0       0
  3551 ;;      Totals:        13       0       0       0       0       0       0       0       0       0       0       0       
      +0       0
  3552 ;;Total ram usage:       13 bytes
  3553 ;; Hardware stack levels used: 1
  3554 ;; Hardware stack levels required when called: 1
  3555 ;; This function calls:
  3556 ;;		Nothing
  3557 ;; This function is called by:
  3558 ;;		_ADCProcessing
  3559 ;; This function uses a non-reentrant model
  3560 ;;
  3561                           
  3562     002B                     _MedianFilter:	
  3563                           ;psect for function _MedianFilter
  3564                           
  3565     002B                     l1204:	
  3566                           ;incstack = 0
  3567                           ; Regs used in _MedianFilter: [wreg-fsr1h+status,2+status,0]
  3568                           
  3569     002B                     l1206:
  3570                           
  3571                           ;interrupt.c: 256:         medianBuf[numberOfElement] = singleMeasure;
  3572     002B  087D               	movf	MedianFilter@numberOfElement,w
  3573     002C  00F3               	movwf	??_MedianFilter
  3574     002D  3001               	movlw	1
  3575     002E                     u645:
  3576     002E  35F3               	lslf	??_MedianFilter,f
  3577     002F  0B89               	decfsz	9,f
  3578     0030  282E               	goto	u645
  3579     0031  0872               	movf	MedianFilter@medianBuf,w
  3580     0032  0773               	addwf	??_MedianFilter,w
  3581     0033  0086               	movwf	6
  3582     0034  0187               	clrf	7
  3583     0035  0870               	movf	MedianFilter@singleMeasure,w
  3584     0036  3FC0               	movwi [0]fsr1
  3585     0037  0871               	movf	MedianFilter@singleMeasure+1,w
  3586     0038  3FC1               	movwi [1]fsr1
  3587     0039                     l1208:
  3588                           
  3589                           ;interrupt.c: 258:         if ((numberOfElement < 10 - 1) && (medianBuf[numberOfElement]
      +                           > medianBuf[numberOfElement + 1])) {
  3590     0039  3009               	movlw	9
  3591     003A  027D               	subwf	MedianFilter@numberOfElement,w
  3592     003B  1803               	skipnc
  3593     003C  283E               	goto	u651
  3594     003D  283F               	goto	u650
  3595     003E                     u651:
  3596     003E  28C5               	goto	l1228
  3597     003F                     u650:
  3598     003F                     l1210:
  3599     003F  087D               	movf	MedianFilter@numberOfElement,w
  3600     0040  00F3               	movwf	??_MedianFilter
  3601     0041  3001               	movlw	1
  3602     0042                     u665:
  3603     0042  35F3               	lslf	??_MedianFilter,f
  3604     0043  0B89               	decfsz	9,f
  3605     0044  2842               	goto	u665
  3606     0045  0872               	movf	MedianFilter@medianBuf,w
  3607     0046  0773               	addwf	??_MedianFilter,w
  3608     0047  0086               	movwf	6
  3609     0048  0187               	clrf	7
  3610     0049  3F40               	moviw [0]fsr1
  3611     004A  00F4               	movwf	??_MedianFilter+1
  3612     004B  3F41               	moviw [1]fsr1
  3613     004C  00F5               	movwf	??_MedianFilter+2
  3614     004D  357D               	lslf	MedianFilter@numberOfElement,w
  3615     004E  0772               	addwf	MedianFilter@medianBuf,w
  3616     004F  00F6               	movwf	??_MedianFilter+3
  3617     0050  0876               	movf	??_MedianFilter+3,w
  3618     0051  3E02               	addlw	2
  3619     0052  0086               	movwf	6
  3620     0053  0187               	clrf	7
  3621     0054  3F40               	moviw [0]fsr1
  3622     0055  00F7               	movwf	??_MedianFilter+4
  3623     0056  3F41               	moviw [1]fsr1
  3624     0057  00F8               	movwf	??_MedianFilter+5
  3625     0058  0875               	movf	??_MedianFilter+2,w
  3626     0059  0278               	subwf	??_MedianFilter+5,w
  3627     005A  1D03               	skipz
  3628     005B  285E               	goto	u675
  3629     005C  0874               	movf	??_MedianFilter+1,w
  3630     005D  0277               	subwf	??_MedianFilter+4,w
  3631     005E                     u675:
  3632     005E  1803               	skipnc
  3633     005F  2861               	goto	u671
  3634     0060  2862               	goto	u670
  3635     0061                     u671:
  3636     0061  28C5               	goto	l1228
  3637     0062                     u670:
  3638     0062                     l1212:
  3639                           
  3640                           ;interrupt.c: 259:             for (uint8_t cnt = numberOfElement; cnt < 10 - 1; cnt++) 
      +                          {
  3641     0062  087D               	movf	MedianFilter@numberOfElement,w
  3642     0063  00FB               	movwf	MedianFilter@cnt
  3643     0064  3009               	movlw	9
  3644     0065  027B               	subwf	MedianFilter@cnt,w
  3645     0066  1C03               	skipc
  3646     0067  2869               	goto	u681
  3647     0068  286A               	goto	u680
  3648     0069                     u681:
  3649     0069  286B               	goto	l1216
  3650     006A                     u680:
  3651     006A  2949               	goto	l1250
  3652     006B                     l1216:
  3653                           
  3654                           ;interrupt.c: 260:                 if (medianBuf[cnt] > medianBuf[cnt + 1]) {
  3655     006B  087B               	movf	MedianFilter@cnt,w
  3656     006C  00F3               	movwf	??_MedianFilter
  3657     006D  3001               	movlw	1
  3658     006E                     u695:
  3659     006E  35F3               	lslf	??_MedianFilter,f
  3660     006F  0B89               	decfsz	9,f
  3661     0070  286E               	goto	u695
  3662     0071  0872               	movf	MedianFilter@medianBuf,w
  3663     0072  0773               	addwf	??_MedianFilter,w
  3664     0073  0086               	movwf	6
  3665     0074  0187               	clrf	7
  3666     0075  3F40               	moviw [0]fsr1
  3667     0076  00F4               	movwf	??_MedianFilter+1
  3668     0077  3F41               	moviw [1]fsr1
  3669     0078  00F5               	movwf	??_MedianFilter+2
  3670     0079  357B               	lslf	MedianFilter@cnt,w
  3671     007A  0772               	addwf	MedianFilter@medianBuf,w
  3672     007B  00F6               	movwf	??_MedianFilter+3
  3673     007C  0876               	movf	??_MedianFilter+3,w
  3674     007D  3E02               	addlw	2
  3675     007E  0086               	movwf	6
  3676     007F  0187               	clrf	7
  3677     0080  3F40               	moviw [0]fsr1
  3678     0081  00F7               	movwf	??_MedianFilter+4
  3679     0082  3F41               	moviw [1]fsr1
  3680     0083  00F8               	movwf	??_MedianFilter+5
  3681     0084  0875               	movf	??_MedianFilter+2,w
  3682     0085  0278               	subwf	??_MedianFilter+5,w
  3683     0086  1D03               	skipz
  3684     0087  288A               	goto	u705
  3685     0088  0874               	movf	??_MedianFilter+1,w
  3686     0089  0277               	subwf	??_MedianFilter+4,w
  3687     008A                     u705:
  3688     008A  1803               	skipnc
  3689     008B  288D               	goto	u701
  3690     008C  288E               	goto	u700
  3691     008D                     u701:
  3692     008D  28BC               	goto	l1224
  3693     008E                     u700:
  3694     008E                     l1218:
  3695                           
  3696                           ;interrupt.c: 261:                     temp = medianBuf[cnt];
  3697     008E  087B               	movf	MedianFilter@cnt,w
  3698     008F  00F3               	movwf	??_MedianFilter
  3699     0090  3001               	movlw	1
  3700     0091                     u715:
  3701     0091  35F3               	lslf	??_MedianFilter,f
  3702     0092  0B89               	decfsz	9,f
  3703     0093  2891               	goto	u715
  3704     0094  0872               	movf	MedianFilter@medianBuf,w
  3705     0095  0773               	addwf	??_MedianFilter,w
  3706     0096  0086               	movwf	6
  3707     0097  0187               	clrf	7
  3708     0098  3F40               	moviw [0]fsr1
  3709     0099  00F9               	movwf	MedianFilter@temp
  3710     009A  3F41               	moviw [1]fsr1
  3711     009B  00FA               	movwf	MedianFilter@temp+1
  3712     009C                     l1220:
  3713                           
  3714                           ;interrupt.c: 262:                     medianBuf[cnt] = medianBuf[cnt + 1];
  3715     009C  357B               	lslf	MedianFilter@cnt,w
  3716     009D  0772               	addwf	MedianFilter@medianBuf,w
  3717     009E  00F3               	movwf	??_MedianFilter
  3718     009F  0873               	movf	??_MedianFilter,w
  3719     00A0  3E02               	addlw	2
  3720     00A1  0086               	movwf	6
  3721     00A2  0187               	clrf	7
  3722     00A3  087B               	movf	MedianFilter@cnt,w
  3723     00A4  00F4               	movwf	??_MedianFilter+1
  3724     00A5  3001               	movlw	1
  3725     00A6                     u725:
  3726     00A6  35F4               	lslf	??_MedianFilter+1,f
  3727     00A7  0B89               	decfsz	9,f
  3728     00A8  28A6               	goto	u725
  3729     00A9  0872               	movf	MedianFilter@medianBuf,w
  3730     00AA  0774               	addwf	??_MedianFilter+1,w
  3731     00AB  0084               	movwf	4
  3732     00AC  0185               	clrf	5
  3733     00AD  3F40               	moviw [0]fsr1
  3734     00AE  3F80               	movwi [0]fsr0
  3735     00AF  3F41               	moviw [1]fsr1
  3736     00B0  3F81               	movwi [1]fsr0
  3737     00B1                     l1222:
  3738                           
  3739                           ;interrupt.c: 263:                     medianBuf[cnt + 1] = temp;
  3740     00B1  357B               	lslf	MedianFilter@cnt,w
  3741     00B2  0772               	addwf	MedianFilter@medianBuf,w
  3742     00B3  00F3               	movwf	??_MedianFilter
  3743     00B4  0873               	movf	??_MedianFilter,w
  3744     00B5  3E02               	addlw	2
  3745     00B6  0086               	movwf	6
  3746     00B7  0187               	clrf	7
  3747     00B8  0879               	movf	MedianFilter@temp,w
  3748     00B9  3FC0               	movwi [0]fsr1
  3749     00BA  087A               	movf	MedianFilter@temp+1,w
  3750     00BB  3FC1               	movwi [1]fsr1
  3751     00BC                     l1224:
  3752                           
  3753                           ;interrupt.c: 265:             }
  3754     00BC  3001               	movlw	1
  3755     00BD  07FB               	addwf	MedianFilter@cnt,f
  3756     00BE                     l1226:
  3757     00BE  3009               	movlw	9
  3758     00BF  027B               	subwf	MedianFilter@cnt,w
  3759     00C0  1C03               	skipc
  3760     00C1  28C3               	goto	u731
  3761     00C2  28C4               	goto	u730
  3762     00C3                     u731:
  3763     00C3  286B               	goto	l1216
  3764     00C4                     u730:
  3765     00C4  2949               	goto	l1250
  3766     00C5                     l1228:
  3767                           
  3768                           ;interrupt.c: 267:             if ((numberOfElement > 0) && (medianBuf[numberOfElement -
      +                           1] > medianBuf[numberOfElement])) {
  3769     00C5  087D               	movf	MedianFilter@numberOfElement,w
  3770     00C6  1903               	btfsc	3,2
  3771     00C7  28C9               	goto	u741
  3772     00C8  28CA               	goto	u740
  3773     00C9                     u741:
  3774     00C9  2949               	goto	l1250
  3775     00CA                     u740:
  3776     00CA                     l1230:
  3777     00CA  357D               	lslf	MedianFilter@numberOfElement,w
  3778     00CB  0772               	addwf	MedianFilter@medianBuf,w
  3779     00CC  00F3               	movwf	??_MedianFilter
  3780     00CD  0873               	movf	??_MedianFilter,w
  3781     00CE  3EFE               	addlw	-2
  3782     00CF  0086               	movwf	6
  3783     00D0  0187               	clrf	7
  3784     00D1  3F40               	moviw [0]fsr1
  3785     00D2  00F4               	movwf	??_MedianFilter+1
  3786     00D3  3F41               	moviw [1]fsr1
  3787     00D4  00F5               	movwf	??_MedianFilter+2
  3788     00D5  087D               	movf	MedianFilter@numberOfElement,w
  3789     00D6  00F6               	movwf	??_MedianFilter+3
  3790     00D7  3001               	movlw	1
  3791     00D8                     u755:
  3792     00D8  35F6               	lslf	??_MedianFilter+3,f
  3793     00D9  0B89               	decfsz	9,f
  3794     00DA  28D8               	goto	u755
  3795     00DB  0872               	movf	MedianFilter@medianBuf,w
  3796     00DC  0776               	addwf	??_MedianFilter+3,w
  3797     00DD  0086               	movwf	6
  3798     00DE  0187               	clrf	7
  3799     00DF  3F40               	moviw [0]fsr1
  3800     00E0  00F7               	movwf	??_MedianFilter+4
  3801     00E1  3F41               	moviw [1]fsr1
  3802     00E2  00F8               	movwf	??_MedianFilter+5
  3803     00E3  0875               	movf	??_MedianFilter+2,w
  3804     00E4  0278               	subwf	??_MedianFilter+5,w
  3805     00E5  1D03               	skipz
  3806     00E6  28E9               	goto	u765
  3807     00E7  0874               	movf	??_MedianFilter+1,w
  3808     00E8  0277               	subwf	??_MedianFilter+4,w
  3809     00E9                     u765:
  3810     00E9  1803               	skipnc
  3811     00EA  28EC               	goto	u761
  3812     00EB  28ED               	goto	u760
  3813     00EC                     u761:
  3814     00EC  2949               	goto	l1250
  3815     00ED                     u760:
  3816     00ED                     l1232:
  3817                           
  3818                           ;interrupt.c: 268:                 for (uint8_t cnt = numberOfElement; cnt > 0; cnt--) {
  3819     00ED  087D               	movf	MedianFilter@numberOfElement,w
  3820     00EE  00FC               	movwf	MedianFilter@cnt_212
  3821     00EF                     l1234:
  3822     00EF  087C               	movf	MedianFilter@cnt_212,w
  3823     00F0  1D03               	btfss	3,2
  3824     00F1  28F3               	goto	u771
  3825     00F2  28F4               	goto	u770
  3826     00F3                     u771:
  3827     00F3  28F5               	goto	l1238
  3828     00F4                     u770:
  3829     00F4  2949               	goto	l1250
  3830     00F5                     l1238:
  3831                           
  3832                           ;interrupt.c: 269:                     if (medianBuf[cnt] < medianBuf[cnt - 1]) {
  3833     00F5  357C               	lslf	MedianFilter@cnt_212,w
  3834     00F6  0772               	addwf	MedianFilter@medianBuf,w
  3835     00F7  00F3               	movwf	??_MedianFilter
  3836     00F8  0873               	movf	??_MedianFilter,w
  3837     00F9  3EFE               	addlw	-2
  3838     00FA  0086               	movwf	6
  3839     00FB  0187               	clrf	7
  3840     00FC  3F40               	moviw [0]fsr1
  3841     00FD  00F4               	movwf	??_MedianFilter+1
  3842     00FE  3F41               	moviw [1]fsr1
  3843     00FF  00F5               	movwf	??_MedianFilter+2
  3844     0100  087C               	movf	MedianFilter@cnt_212,w
  3845     0101  00F6               	movwf	??_MedianFilter+3
  3846     0102  3001               	movlw	1
  3847     0103                     u785:
  3848     0103  35F6               	lslf	??_MedianFilter+3,f
  3849     0104  0B89               	decfsz	9,f
  3850     0105  2903               	goto	u785
  3851     0106  0872               	movf	MedianFilter@medianBuf,w
  3852     0107  0776               	addwf	??_MedianFilter+3,w
  3853     0108  0086               	movwf	6
  3854     0109  0187               	clrf	7
  3855     010A  3F40               	moviw [0]fsr1
  3856     010B  00F7               	movwf	??_MedianFilter+4
  3857     010C  3F41               	moviw [1]fsr1
  3858     010D  00F8               	movwf	??_MedianFilter+5
  3859     010E  0875               	movf	??_MedianFilter+2,w
  3860     010F  0278               	subwf	??_MedianFilter+5,w
  3861     0110  1D03               	skipz
  3862     0111  2914               	goto	u795
  3863     0112  0874               	movf	??_MedianFilter+1,w
  3864     0113  0277               	subwf	??_MedianFilter+4,w
  3865     0114                     u795:
  3866     0114  1803               	skipnc
  3867     0115  2917               	goto	u791
  3868     0116  2918               	goto	u790
  3869     0117                     u791:
  3870     0117  2946               	goto	l1246
  3871     0118                     u790:
  3872     0118                     l1240:
  3873                           
  3874                           ;interrupt.c: 270:                         temp = medianBuf[cnt];
  3875     0118  087C               	movf	MedianFilter@cnt_212,w
  3876     0119  00F3               	movwf	??_MedianFilter
  3877     011A  3001               	movlw	1
  3878     011B                     u805:
  3879     011B  35F3               	lslf	??_MedianFilter,f
  3880     011C  0B89               	decfsz	9,f
  3881     011D  291B               	goto	u805
  3882     011E  0872               	movf	MedianFilter@medianBuf,w
  3883     011F  0773               	addwf	??_MedianFilter,w
  3884     0120  0086               	movwf	6
  3885     0121  0187               	clrf	7
  3886     0122  3F40               	moviw [0]fsr1
  3887     0123  00F9               	movwf	MedianFilter@temp
  3888     0124  3F41               	moviw [1]fsr1
  3889     0125  00FA               	movwf	MedianFilter@temp+1
  3890     0126                     l1242:
  3891                           
  3892                           ;interrupt.c: 271:                         medianBuf[cnt] = medianBuf[cnt - 1];
  3893     0126  357C               	lslf	MedianFilter@cnt_212,w
  3894     0127  0772               	addwf	MedianFilter@medianBuf,w
  3895     0128  00F3               	movwf	??_MedianFilter
  3896     0129  0873               	movf	??_MedianFilter,w
  3897     012A  3EFE               	addlw	-2
  3898     012B  0086               	movwf	6
  3899     012C  0187               	clrf	7
  3900     012D  087C               	movf	MedianFilter@cnt_212,w
  3901     012E  00F4               	movwf	??_MedianFilter+1
  3902     012F  3001               	movlw	1
  3903     0130                     u815:
  3904     0130  35F4               	lslf	??_MedianFilter+1,f
  3905     0131  0B89               	decfsz	9,f
  3906     0132  2930               	goto	u815
  3907     0133  0872               	movf	MedianFilter@medianBuf,w
  3908     0134  0774               	addwf	??_MedianFilter+1,w
  3909     0135  0084               	movwf	4
  3910     0136  0185               	clrf	5
  3911     0137  3F40               	moviw [0]fsr1
  3912     0138  3F80               	movwi [0]fsr0
  3913     0139  3F41               	moviw [1]fsr1
  3914     013A  3F81               	movwi [1]fsr0
  3915     013B                     l1244:
  3916                           
  3917                           ;interrupt.c: 272:                         medianBuf[cnt - 1] = temp;
  3918     013B  357C               	lslf	MedianFilter@cnt_212,w
  3919     013C  0772               	addwf	MedianFilter@medianBuf,w
  3920     013D  00F3               	movwf	??_MedianFilter
  3921     013E  0873               	movf	??_MedianFilter,w
  3922     013F  3EFE               	addlw	-2
  3923     0140  0086               	movwf	6
  3924     0141  0187               	clrf	7
  3925     0142  0879               	movf	MedianFilter@temp,w
  3926     0143  3FC0               	movwi [0]fsr1
  3927     0144  087A               	movf	MedianFilter@temp+1,w
  3928     0145  3FC1               	movwi [1]fsr1
  3929     0146                     l1246:
  3930                           
  3931                           ;interrupt.c: 274:                 }
  3932     0146  3001               	movlw	1
  3933     0147  02FC               	subwf	MedianFilter@cnt_212,f
  3934     0148  28EF               	goto	l1234
  3935     0149                     l1250:
  3936                           
  3937                           ;interrupt.c: 277:         if (++numberOfElement >= 10) numberOfElement = 0;
  3938     0149  3001               	movlw	1
  3939     014A  07FD               	addwf	MedianFilter@numberOfElement,f
  3940     014B  300A               	movlw	10
  3941     014C  027D               	subwf	MedianFilter@numberOfElement,w
  3942     014D  1C03               	skipc
  3943     014E  2950               	goto	u821
  3944     014F  2951               	goto	u820
  3945     0150                     u821:
  3946     0150  2952               	goto	l1254
  3947     0151                     u820:
  3948     0151                     l1252:
  3949     0151  01FD               	clrf	MedianFilter@numberOfElement
  3950     0152                     l1254:
  3951                           
  3952                           ;interrupt.c: 280:      return (medianBuf[10 / 2 - 1] + medianBuf[10 / 2]) / 2;
  3953     0152  0872               	movf	MedianFilter@medianBuf,w
  3954     0153  3E0A               	addlw	10
  3955     0154  0086               	movwf	6
  3956     0155  0187               	clrf	7
  3957     0156  0872               	movf	MedianFilter@medianBuf,w
  3958     0157  3E08               	addlw	8
  3959     0158  0084               	movwf	4
  3960     0159  0185               	clrf	5
  3961     015A  3F40               	moviw [0]fsr1
  3962     015B  0700               	addwf	0,w
  3963     015C  00F3               	movwf	??_MedianFilter
  3964     015D  3101               	addfsr 0,1
  3965     015E  3F41               	moviw [1]fsr1
  3966     015F  3D00               	addwfc	0,w
  3967     0160  00F4               	movwf	??_MedianFilter+1
  3968     0161  36F4               	lsrf	??_MedianFilter+1,f
  3969     0162  0CF3               	rrf	??_MedianFilter,f
  3970     0163  0873               	movf	??_MedianFilter,w
  3971     0164  00F0               	movwf	?_MedianFilter
  3972     0165  0874               	movf	??_MedianFilter+1,w
  3973     0166  00F1               	movwf	?_MedianFilter+1
  3974     0167                     l166:
  3975     0167  0008               	return
  3976     0168                     __end_of_MedianFilter:
  3977                           
  3978                           	psect	intentry
  3979     0004                     __pintentry:	
  3980 ;; *************** function _ISR *****************
  3981 ;; Defined at:
  3982 ;;		line 110 in file "interrupt.c"
  3983 ;; Parameters:    Size  Location     Type
  3984 ;;		None
  3985 ;; Auto vars:     Size  Location     Type
  3986 ;;		None
  3987 ;; Return value:  Size  Location     Type
  3988 ;;                  1    wreg      void 
  3989 ;; Registers used:
  3990 ;;		wreg
  3991 ;; Tracked objects:
  3992 ;;		On entry : 0/0
  3993 ;;		On exit  : 0/0
  3994 ;;		Unchanged: 0/0
  3995 ;; Data sizes:     COMMON   BANK0   BANK1   BANK2   BANK3   BANK4   BANK5   BANK6   BANK7   BANK8   BANK9  BANK10  BANK1
      +1  BANK12
  3996 ;;      Params:         0       0       0       0       0       0       0       0       0       0       0       0       
      +0       0
  3997 ;;      Locals:         0       0       0       0       0       0       0       0       0       0       0       0       
      +0       0
  3998 ;;      Temps:          0       0       0       0       0       0       0       0       0       0       0       0       
      +0       0
  3999 ;;      Totals:         0       0       0       0       0       0       0       0       0       0       0       0       
      +0       0
  4000 ;;Total ram usage:        0 bytes
  4001 ;; Hardware stack levels used: 1
  4002 ;; This function calls:
  4003 ;;		Nothing
  4004 ;; This function is called by:
  4005 ;;		Interrupt level 1
  4006 ;; This function uses a non-reentrant model
  4007 ;;
  4008                           
  4009     0004                     _ISR:
  4010                           
  4011                           ;incstack = 0
  4012     0004  147E               	bsf	int$flags,0	;set compiler interrupt flag (level 1)
  4013                           
  4014                           ; Regs used in _ISR: [wreg]
  4015     0005  3180               	pagesel	$
  4016     0006  3000               	movlw	low ___int_sp
  4017     0007  0086               	movwf	6
  4018     0008  3000               	movlw	high ___int_sp
  4019     0009  0087               	movwf	7
  4020     000A                     i1l1470:
  4021                           
  4022                           ;interrupt.c: 112:     if (TMR0IF == 1){
  4023     000A  0141               	movlb	1	; select bank1
  4024     000B  1E8C               	btfss	12,5	;volatile
  4025     000C  280E               	goto	u115_21
  4026     000D  280F               	goto	u115_20
  4027     000E                     u115_21:
  4028     000E  281A               	goto	i1l124
  4029     000F                     u115_20:
  4030     000F                     i1l1472:
  4031                           
  4032                           ;interrupt.c: 113:             TMR0 = 5;
  4033     000F  3005               	movlw	5
  4034     0010  0143               	movlb	3	; select bank3
  4035     0011  009C               	movwf	28	;volatile
  4036     0012                     i1l1474:
  4037                           
  4038                           ;interrupt.c: 115:             ++cnt0;
  4039     0012  3001               	movlw	1
  4040     0013  0140               	movlb	0	; select bank0
  4041     0014  07B1               	addwf	_cnt0,f	;volatile
  4042     0015  3000               	movlw	0
  4043     0016  3DB2               	addwfc	_cnt0+1,f	;volatile
  4044     0017                     i1l1476:
  4045                           
  4046                           ;interrupt.c: 116:          TMR0IF = 0;
  4047     0017  0141               	movlb	1	; select bank1
  4048     0018  128C               	bcf	12,5	;volatile
  4049     0019                     i1l1478:
  4050                           
  4051                           ;interrupt.c: 117:             TMR0IE = 1;
  4052     0019  1696               	bsf	22,5	;volatile
  4053     001A                     i1l124:
  4054     001A  107E               	bcf	int$flags,0	;clear compiler interrupt flag (level 1)
  4055     001B  0009               	retfie
  4056     001C                     __end_of_ISR:
  4057     0002                     ___latbits      equ	2
  4058     007E                     btemp           set	126	;btemp
  4059     007E                     int$flags       set	126
  4060     007E                     btemp0          set	126
  4061     007F                     btemp1          set	127
  4062     007E                     wtemp0          set	126
  4063     007F                     wtemp0a         set	127
  4064     007F                     ttemp0a         set	127
  4065     0080                     ltemp0a         set	128
  4066                           
  4067                           	psect	config
  4068                           
  4069                           ;Config register CONFIG1 @ 0x8007
  4070                           ;	External Oscillator Selection bits
  4071                           ;	FEXTOSC = OFF, Oscillator not enabled
  4072                           ;	Reset Oscillator Selection bits
  4073                           ;	RSTOSC = HFINTOSC_32MHz, HFINTOSC (32 MHz)
  4074                           ;	Clock Out Enable bit
  4075                           ;	CLKOUTEN = OFF, CLKOUT function is disabled; i/o or oscillator function on OSC2
  4076                           ;	VDD Range Analog Calibration Selection bit
  4077                           ;	VDDAR = HI, Internal analog systems are calibrated for operation between VDD = 2.3 - 5
      +                          .5V
  4078     8007                     	org	32775
  4079     8007  3F8C               	dw	16268
  4080                           
  4081                           ;Config register CONFIG2 @ 0x8008
  4082                           ;	Master Clear Enable bit
  4083                           ;	MCLRE = EXTMCLR, If LVP = 0, MCLR pin is MCLR; If LVP = 1, RA3 pin function is MCLR
  4084                           ;	Power-up Timer Selection bits
  4085                           ;	PWRTS = PWRT_OFF, PWRT is disabled
  4086                           ;	WDT Operating Mode bits
  4087                           ;	WDTE = OFF, WDT disabled; SEN is ignored
  4088                           ;	Brown-out Reset Enable bits
  4089                           ;	BOREN = ON, Brown-out Reset enabled, SBOREN bit is ignored
  4090                           ;	DAC Buffer Automatic Range Select Enable bit
  4091                           ;	DACAUTOEN = 0x1, unprogrammed default
  4092                           ;	Brown-out Reset Voltage Selection bit
  4093                           ;	BORV = 0x1, unprogrammed default
  4094                           ;	ZCD Disable bit
  4095                           ;	ZCD = 0x1, unprogrammed default
  4096                           ;	PPSLOCKED One-Way Set Enable bit
  4097                           ;	PPS1WAY = 0x1, unprogrammed default
  4098                           ;	Stack Overflow/Underflow Reset Enable bit
  4099                           ;	STVREN = 0x1, unprogrammed default
  4100     8008                     	org	32776
  4101     8008  3FE7               	dw	16359
  4102                           
  4103                           ;Config register CONFIG5 @ 0x800B
  4104                           ;	Program Flash Memory Code Protection bit
  4105                           ;	CP = OFF, Program Flash Memory code protection is disabled
  4106                           ;	Data EEPROM Code Protection bit
  4107                           ;	CPD = OFF, EEPROM code protection is disabled
  4108     800B                     	org	32779
  4109     800B  3FFF               	dw	16383

Data Sizes:
    Strings     0
    Constant    0
    Data        0
    BSS         67
    Persistent  48
    Stack       0

Auto Spaces:
    Space          Size  Autos    Used
    COMMON           14     13      14
    BANK0            80      5      71
    BANK1            80      0       0
    BANK2            80      0       0
    BANK3            80      0       0
    BANK4            80      0       0
    BANK5            80      0       0
    BANK6            80      0       0
    BANK7            80      0       0
    BANK8            80      0       0
    BANK9            80      0       0
    BANK10           80      0       0
    BANK11           80      0       0
    BANK12           48      0       0

Pointer List with Targets:

    MedianFilter@medianBuf	PTR unsigned short  size(1) Largest target is 20
		 -> medianTemperature(BANK0[20]), medianVoltage(BANK0[20]), 


Critical Paths under _main in COMMON

    _main->_PlayAlert
    _PlayAlert->_EnqueueBeeps
    _EnqueueBeeps->___awmod
    _Init_uC->_MuxADCChannel
    _BeepsStateMachine->___awmod
    _ADCProcessing->_MedianFilter

Critical Paths under _ISR in COMMON

    None.

Critical Paths under _main in BANK0

    _main->_PlayAlert

Critical Paths under _ISR in BANK0

    None.

Critical Paths under _main in BANK1

    None.

Critical Paths under _ISR in BANK1

    None.

Critical Paths under _main in BANK2

    None.

Critical Paths under _ISR in BANK2

    None.

Critical Paths under _main in BANK3

    None.

Critical Paths under _ISR in BANK3

    None.

Critical Paths under _main in BANK4

    None.

Critical Paths under _ISR in BANK4

    None.

Critical Paths under _main in BANK5

    None.

Critical Paths under _ISR in BANK5

    None.

Critical Paths under _main in BANK6

    None.

Critical Paths under _ISR in BANK6

    None.

Critical Paths under _main in BANK7

    None.

Critical Paths under _ISR in BANK7

    None.

Critical Paths under _main in BANK8

    None.

Critical Paths under _ISR in BANK8

    None.

Critical Paths under _main in BANK9

    None.

Critical Paths under _ISR in BANK9

    None.

Critical Paths under _main in BANK10

    None.

Critical Paths under _ISR in BANK10

    None.

Critical Paths under _main in BANK11

    None.

Critical Paths under _ISR in BANK11

    None.

Critical Paths under _main in BANK12

    None.

Critical Paths under _ISR in BANK12

    None.

Call Graph Tables:

 ---------------------------------------------------------------------------------
 (Depth) Function   	        Calls       Base Space   Used Autos Params    Refs
 ---------------------------------------------------------------------------------
 (0) _main                                                 0     0      0    2266
                      _ADCProcessing
                  _BeepsStateMachine
                         _InitTimer0
                            _Init_uC
                          _PlayAlert
 ---------------------------------------------------------------------------------
 (1) _PlayAlert                                            9     9      0     723
                                              9 COMMON     4     4      0
                                              0 BANK0      5     5      0
                       _EnqueueBeeps
 ---------------------------------------------------------------------------------
 (2) _EnqueueBeeps                                         3     0      3     465
                                              6 COMMON     3     0      3
                            ___awmod
                             ___bmul
 ---------------------------------------------------------------------------------
 (1) _Init_uC                                              0     0      0      29
                      _MuxADCChannel
 ---------------------------------------------------------------------------------
 (1) _InitTimer0                                           0     0      0       0
 ---------------------------------------------------------------------------------
 (1) _BeepsStateMachine                                    0     0      0     413
                            ___awmod
                             ___bmul
 ---------------------------------------------------------------------------------
 (3) ___bmul                                               3     2      1     111
                                              0 COMMON     3     2      1
 ---------------------------------------------------------------------------------
 (3) ___awmod                                              6     2      4     302
                                              0 COMMON     6     2      4
 ---------------------------------------------------------------------------------
 (1) _ADCProcessing                                        4     4      0    1101
                                              0 BANK0      4     4      0
                       _MedianFilter
                      _MuxADCChannel
 ---------------------------------------------------------------------------------
 (2) _MuxADCChannel                                        1     1      0      29
                                              0 COMMON     1     1      0
 ---------------------------------------------------------------------------------
 (2) _MedianFilter                                        13    10      3     847
                                              0 COMMON    13    10      3
 ---------------------------------------------------------------------------------
 Estimated maximum stack depth 3
 ---------------------------------------------------------------------------------
 (Depth) Function   	        Calls       Base Space   Used Autos Params    Refs
 ---------------------------------------------------------------------------------
 (4) _ISR                                                  0     0      0       0
 ---------------------------------------------------------------------------------
 Estimated maximum stack depth 4
 ---------------------------------------------------------------------------------

 Call Graph Graphs:

 _main (ROOT)
   _ADCProcessing
     _MedianFilter
     _MuxADCChannel
   _BeepsStateMachine
     ___awmod
     ___bmul
   _InitTimer0
   _Init_uC
     _MuxADCChannel
   _PlayAlert
     _EnqueueBeeps
       ___awmod
       ___bmul

 _ISR (ROOT)

Address spaces:
Name               Size   Autos  Total    Usage
BITCOMMON           14      0       0      0.0%
BITBANK0            80      0       0      0.0%
BITBANK1            80      0       0      0.0%
BITBANK2            80      0       0      0.0%
BITBANK3            80      0       0      0.0%
BITBANK4            80      0       0      0.0%
BITBANK5            80      0       0      0.0%
BITBANK6            80      0       0      0.0%
BITBANK7            80      0       0      0.0%
BITBANK8            80      0       0      0.0%
BITBANK9            80      0       0      0.0%
BITBANK10           80      0       0      0.0%
BITBANK11           80      0       0      0.0%
BITBANK12           48      0       0      0.0%
BIGRAM            1008      0       0      0.0%
COMMON              14     13      14    100.0%
BANK0               80      5      71     88.8%
BANK1               80      0       0      0.0%
BANK2               80      0       0      0.0%
BANK3               80      0       0      0.0%
BANK4               80      0       0      0.0%
BANK5               80      0       0      0.0%
BANK6               80      0       0      0.0%
BANK7               80      0       0      0.0%
BANK8               80      0       0      0.0%
BANK9               80      0       0      0.0%
BANK10              80      0       0      0.0%
BANK11              80      0       0      0.0%
BANK12              48      0       0      0.0%
STACK                0      0       0      0.0%
DATA                 0      0      85      0.0%


Microchip Technology PIC Macro Assembler V3.10 build 20250813170317 
Symbol Table                                                                                   Tue Sep 16 18:54:11 2025

                           ___bmul@product 0071                                         l34 03E4  
                                       l70 0242                                         l63 0224  
                                       l64 022C                                         l57 0350  
                                       l73 0250                                         l67 0233  
                                       l68 023B                                         l87 02CD  
                                      l133 019F                                        l118 0449  
                                      l142 01E3                                        l134 01A0  
                                      l143 01E4                                        l151 021F  
                                      l215 0454                                        l146 0202  
                                      l218 0414                                        l147 0203  
                                      l166 0167                                        l344 0427  
                                      l484 03A1                                        l902 044A  
                                      l904 044F                                        l906 0451  
                                      l908 0453                                        _GIE 005F  
                                      u520 041B                                        u521 041A  
                                      u610 0393                                        u530 0426  
                                      u611 0392                                        u531 0425  
                                      u700 008E                                        u620 0398  
                                      u540 0356                                        _ISR 0004  
                                      u701 008D                                        u621 0397  
                                      u605 0389                                        u541 0355  
                                      u550 0361                                        u630 03B9  
                                      u551 0360                                        u631 03B8  
                                      u560 036C                                        u705 008A  
                                      u561 036B                                        u730 00C4  
                                      u650 003F                                        u731 00C3  
                                      u715 0091                                        u651 003E  
                                      u820 0151                                        u740 00CA  
                                      u900 01DD                                        u580 037A  
                                      u821 0150                                        u805 011B  
                                      u741 00C9                                        u725 00A6  
                                      u645 002E                                        u901 01DC  
                                      u581 0379                                        u670 0062  
                                      u910 01E1                                        u830 0170  
                                      u590 0384                                        u815 0130  
                                      u671 0061                                        u911 01E0  
                                      u831 016F                                        u591 0383  
                                      u575 0370                                        u760 00ED  
                                      u680 006A                                        u920 01EF  
                                      u840 0190                                        u761 00EC  
                                      u681 0069                                        u665 0042  
                                      u921 01EE                                        u841 018F  
                                      u770 00F4                                        u930 01F8  
                                      u850 0199                                        u771 00F3  
                                      u755 00D8                                        u675 005E  
                                      u931 01F7                                        u851 0198  
                                      u595 0380                                        u940 01FC  
                                      u860 019D                                        u765 00E9  
                                      u941 01FB                                        u861 019C  
                                      u790 0118                                        u950 0200  
                                      u870 01AC                                        u791 0117  
                                      u695 006E                                        u951 01FF  
                                      u871 01AB                                        u960 020E  
                                      u880 01B8                                        u785 0103  
                                      u961 020D                                        u881 01B7  
                                      u890 01D9                                        u970 0228  
                                      u795 0114                                        u891 01D8  
                                      u971 0227                                        u980 0230  
                                      u981 022F                                        u990 0237  
                                      u991 0236                               ___awmod@sign 0075  
                                      wreg 0009                      ADCProcessing@adcValue 0064  
                    ADCProcessing@adcState 0033                                       ?_ISR 0070  
                                     l1200 0445                                       l1210 003F  
                                     l1202 0447                                       l1220 009C  
                                     l1212 0062                                       l1204 002B  
                                     l1300 0170                                       l1140 041F  
                                     l1132 0416                                       l1230 00CA  
                                     l1222 00B1                                       l1206 002B  
                                     l1310 019D                                       l1302 0179  
                                     l1150 0356                                       l1142 0426  
                                     l1134 0417                                       l1240 0118  
                                     l1232 00ED                                       l1224 00BC  
                                     l1216 006B                                       l1208 0039  
                                     l1320 01BA                                       l1312 01A3  
                                     l1304 0187                                       l1160 036C  
                                     l1152 035B                                       l1136 041B  
                                     l1400 0294                                       l1242 0126  
                                     l1234 00EF                                       l1226 00BE  
                                     l1218 008E                                       l1250 0149  
                                     l1330 01DD                                       l1322 01BE  
                                     l1314 01AC                                       l1306 0190  
                                     l1170 0384                                       l1162 036F  
                                     l1154 035D                                       l1146 0351  
                                     l1138 041D                                       l1410 02C4  
                                     l1402 029A                                       l1252 0151  
                                     l1244 013B                                       l1228 00C5  
                                     l1340 01FC                                       l1332 01E1  
                                     l1324 01C2                                       l1316 01AF  
                                     l1308 0199                                       l1180 039D  
                                     l1172 0388                                       l1164 0374  
                                     l1156 0361                                       l1148 0352  
                                     l1420 02EF                                       l1260 03E7  
                                     l1404 029C                                       l1412 02C7  
                                     l1254 0152                                       l1246 0146  
                                     l1238 00F5                                       l1190 043B  
                                     l1350 0214                                       l1342 0200  
                                     l1334 01E6                                       l1326 01D0  
                                     l1318 01B8                                       l1174 038D  
                                     l1166 0376                                       l1158 0366  
                                     l1430 0307                                       l1422 0300  
                                     l1414 02CE                                       l1270 03F7  
                                     l1262 03E9                                       l1406 02B2  
                                     l1192 043D                                       l1336 01EF  
                                     l1344 0205                                       l1328 01D9  
                                     l1168 037A                                       l1176 0393  
                                     l1440 0320                                       l1432 0311  
                                     l1424 0301                                       l1416 02CF  
                                     l1280 0403                                       l1272 03FC  
                                     l1264 03F3                                       l1184 03A2  
                                     l1408 02BC                                       l1360 0230  
                                     l1194 0441                                       l1346 020E  
                                     l1338 01F8                                       l1354 0217  
                                     l1178 0398                                       l1450 0331  
                                     l1442 0322                                       l1434 0313  
                                     l1426 0303                                       l1418 02D5  
                                     l1290 040D                                       l1282 0405  
                                     l1274 03FD                                       l1266 03F5  
                                     l1258 03E5                                       l1186 03B9  
                                     l1370 0249                                       l1362 0237  
                                     l1196 0442                                       l1348 0210  
                                     l1452 033A                                       l1444 0327  
                                     l1436 0315                                       l1428 0305  
                                     l1292 040E                                       l1284 0407  
                                     l1276 03FF                                       l1268 03F6  
                                     l1188 03D2                                       l1380 025B  
                                     l1372 024D                                       l1364 023F  
                                     l1356 0220                                       l1460 0428  
                                     l1198 0443                                       l1454 033F  
                                     l1446 0329                                       l1438 0317  
                                     l1294 0410                                       l1286 040B  
                                     l1278 0401                                       l1390 026F  
                                     l1382 025C                                       l1374 0254  
                                     l1366 0246                                       l1358 0228  
                                     l1462 042B                                       l1296 0168  
                                     l1448 032E                                       l1288 040C  
                                     l1392 0271                                       l1376 0255  
                                     l1368 0248                                       l1464 042E  
                                     l1298 016B                                       l1458 0341  
                                     l1394 027F                                       l1378 0257  
                                     l1386 025E                                       l1466 0431  
                                     l1396 0289                                       l1388 026C  
                                     l1468 0434                                       l1398 0291  
                                     _ADIF 0483                                       u1000 023F  
                                     u1001 023E                                       u1010 0246  
                                     u1011 0245                                       u1100 0311  
                                     u1020 024D                                       u1101 0310  
                                     u1021 024C                                       u1110 0320  
                                     u1030 0254                                       u1111 031F  
                                     u1031 0253                                       u1120 0327  
                                     u1040 025B                                       u1121 0326  
                                     u1105 030D                                       u1041 025A  
                                     u1130 032E                                       u1050 027F  
                                     u1131 032D                                       u1051 027E  
                                     u1140 033A                                       u1060 029A  
                                     u1141 0339                                       u1061 0299  
                                     u1070 02B2                                       u1071 02B1  
                                     u1080 02CD                                       u1081 02CC  
                                     u1090 02D5                                       u1091 02D4  
                                     u1075 02AE                                       _LATA 0018  
                                     _PEIE 005E                                       _TMR0 019C  
                                     _WPUA 1E8D                              ?_EnqueueBeeps 0076  
                           ??_MedianFilter 0073                                       _cnt0 0031  
                                     _main 0428                                       fsr0h 0005  
                                     fsr1h 0007                                       indf0 0000  
                                     fsr0l 0004                                       indf1 0001  
                                     fsr1l 0006                                       btemp 007E  
                                     start 001C                          ___bmul@multiplier 0072  
                          __end_of_Init_uC 0415                                      ??_ISR 0070  
                    ADCProcessing@newValue 0062                                      _ADACQ 1D21  
                                    ?_main 0070                                      _ADPCH 1D1F  
                                    _ADRES 1D1D                            __end_of___awmod 03A2  
                                    _LATA2 00C2                                      i1l124 001A  
                                    _TMR0H 019D                                      _TMR0L 019C  
                                    _TRISA 0012                              _medianVoltage 004E  
                 EnqueueBeeps@allowTimeout 0078                                      btemp0 007E  
                                    btemp1 007F                             ??_EnqueueBeeps 0079  
                               PlayAlert@i 0063                                      status 0003  
                                    wtemp0 007E      BeepsStateMachine@stateMachineDuration 002F  
                          __initialization 001E                                 _InitTimer0 044A  
                             __end_of_main 043A                                     ??_main 007D  
                                   _ADCON0 1D26                                     _ANSELA 1E8C  
                                   _T0CON0 019E                                     _T0CON1 019F  
                                   i1l1470 000A                                     i1l1472 000F  
                                   i1l1474 0012                                     i1l1476 0017  
                                   i1l1478 0019                                     u115_20 000F  
                                   u115_21 000E                                     _TMR0IE 04B5  
                                   _TMR0IF 0465                                  ??_Init_uC 0071  
                                   ___bmul 0415                                  ??___awmod 0074  
                          ___awmod@divisor 0070                            ___awmod@counter 0074  
                     __end_of_MedianFilter 0168                                     ltemp0a 0080  
                            _MuxADCChannel 043A                                     ttemp0a 007F  
                                   wtemp0a 007F                    __end_of__initialization 0027  
               MuxADCChannel@channelNumber 0070                        ___bmul@multiplicand 0070  
                              ?_InitTimer0 0070                             __pcstackCOMMON 0070  
                     __end_of_EnqueueBeeps 03E5                             ?_MuxADCChannel 0070  
                        __end_of_PlayAlert 02CE                                 _beepsQueue 0020  
                               __pbssBANK0 0020                              _ADCProcessing 0168  
                               __pmaintext 0428                                    ?___bmul 0070  
                               __pintentry 0004                                    _CM1CON0 108C  
                          MedianFilter@cnt 007B                             ?_ADCProcessing 0070  
           PlayAlert@howMuchTimesPlayShort 0066                                    _Init_uC 03E5  
                      PlayAlert@totalBeeps 0062                        PlayAlert@soundState 0034  
                                  ___awmod 0351                     BeepsStateMachine@state 0036  
                                  __ptext1 0220                                    __ptext2 03A2  
                                  __ptext3 03E5                                    __ptext4 044A  
                                  __ptext5 02CE                                    __ptext6 0415  
                                  __ptext7 0351                                    __ptext8 0168  
                                  __ptext9 043A                            ??_MuxADCChannel 0070  
                         ___awmod@dividend 0072                          _medianTemperature 003A  
                                  clrloop0 0456                       end_of_initialization 0027  
                             _MedianFilter 002B                                _DAC1CONbits 110C  
                                _TRISAbits 0012                            ??_ADCProcessing 007D  
                             _EnqueueBeeps 03A2                       EnqueueBeeps@duration 0076  
                             ??_InitTimer0 0070                             __end_of___bmul 0428  
                      start_initialization 001E                                __end_of_ISR 001C  
              MedianFilter@numberOfElement 007D                         __end_of_InitTimer0 0455  
                                _PlayAlert 0220                                   ??___bmul 0071  
                              __pbssCOMMON 007D                                  ___latbits 0002  
                            __pcstackBANK0 0062                                 ?_PlayAlert 0070  
                                 ?_Init_uC 0070                                   ?___awmod 0070  
                      MedianFilter@cnt_212 007C              PlayAlert@howMuchTimesPlayLong 0065  
                         MedianFilter@temp 0079                                   _LATAbits 0018  
                                clear_ram0 0455                                  _queueHead 0038  
                                _queueTail 0037                                 _ADCON0bits 1D26  
                               _ADCON1bits 1D27                      __end_of_MuxADCChannel 044A  
                              ??_PlayAlert 0079                      MedianFilter@medianBuf 0072  
                                 ___int_sp 0000                                 _ANSELAbits 1E8C  
                                 __ptext10 002B                      __end_of_ADCProcessing 0220  
                        _BeepsStateMachine 02CE                         ?_BeepsStateMachine 0070  
                                 _prmFlags 0039                        ??_BeepsStateMachine 0076  
                                 int$flags 007E                                 _FVRCONbits 100C  
                __end_of_BeepsStateMachine 0351                                   intlevel1 0000  
                            PlayAlert@i_83 0064                              ?_MedianFilter 0070  
                MedianFilter@singleMeasure 0070  BeepsStateMachine@stateMachineAllowTimeout 0035  
