

Microchip MPLAB XC8 Assembler V3.00 build 20241204225717 
                                                                                               Tue Sep 16 10:27:36 2025

Microchip MPLAB XC8 C Compiler v3.00 (Free license) build 20241204225717 Og1 
     1                           	processor	16F18015
     2                           	pagewidth 120
     3                           	opt	flic
     4                           	psect	cinit,global,class=CODE,space=0,merge=1,delta=2
     5                           	psect	bssCOMMON,global,class=COMMON,space=1,delta=1,noexec
     6                           	psect	bssBANK0,global,class=BANK0,space=1,delta=1,noexec
     7                           	psect	clrtext,global,class=CODE,space=0,delta=2
     8                           	psect	cstackCOMMON,global,class=COMMON,space=1,delta=1,noexec
     9                           	psect	cstackBANK0,global,class=BANK0,space=1,delta=1,noexec
    10                           	psect	maintext,global,class=CODE,space=0,merge=1,split=1,delta=2
    11                           	psect	text1,local,class=CODE,space=0,merge=1,delta=2
    12                           	psect	text2,local,class=CODE,space=0,merge=1,delta=2
    13                           	psect	text3,local,class=CODE,space=0,merge=1,delta=2
    14                           	psect	text4,local,class=CODE,space=0,merge=1,delta=2
    15                           	psect	text5,local,class=CODE,space=0,merge=1,delta=2
    16                           	psect	text6,local,class=CODE,space=0,merge=1,delta=2,group=1
    17                           	psect	text7,local,class=CODE,space=0,merge=1,delta=2,group=1
    18                           	psect	text8,local,class=CODE,space=0,merge=1,delta=2
    19                           	psect	text9,local,class=CODE,space=0,merge=1,delta=2
    20                           	psect	text10,local,class=CODE,space=0,merge=1,delta=2
    21                           	psect	intentry,global,class=CODE,space=0,delta=2
    22                           	psect	config,global,abs,ovrld,class=CONFIG,space=4,delta=2,noexec
    23                           	dabs	1,0x7E,2
    24     0000                     
    25                           ; Generated 22/01/2025 GMT
    26                           ; 
    27                           ; Copyright © 2025, Microchip Technology Inc. and its subsidiaries ("Microchip")
    28                           ; All rights reserved.
    29                           ; 
    30                           ; This software is developed by Microchip Technology Inc. and its subsidiaries ("Microch
      +                          ip").
    31                           ; 
    32                           ; Redistribution and use in source and binary forms, with or without modification, are
    33                           ; permitted provided that the following conditions are met:
    34                           ; 
    35                           ;     1. Redistributions of source code must retain the above copyright notice, this lis
      +                          t of
    36                           ;        conditions and the following disclaimer.
    37                           ; 
    38                           ;     2. Redistributions in binary form must reproduce the above copyright notice, this 
      +                          list
    39                           ;        of conditions and the following disclaimer in the documentation and/or other
    40                           ;        materials provided with the distribution. Publication is not required when
    41                           ;        this file is used in an embedded application.
    42                           ; 
    43                           ;     3. Microchip's name may not be used to endorse or promote products derived from th
      +                          is
    44                           ;        software without specific prior written permission.
    45                           ; 
    46                           ; THIS SOFTWARE IS PROVIDED BY MICROCHIP "AS IS" AND ANY EXPRESS OR IMPLIED WARRANTIES,
    47                           ; INCLUDING, BUT NOT LIMITED TO, THE IMPLIED WARRANTIES OF MERCHANTABILITY AND FITNESS F
      +                          OR
    48                           ; PURPOSE ARE DISCLAIMED.  IN NO EVENT SHALL MICROCHIP BE LIABLE FOR ANY DIRECT, INDIREC
      +                          T,
    49                           ; INCIDENTAL, SPECIAL, EXEMPLARY, OR CONSEQUENTIAL DAMAGES (INCLUDING BUT NOT LIMITED TO
    50                           ; PROCUREMENT OF SUBSTITUTE GOODS OR SERVICES; LOSS OF USE, DATA OR PROFITS; OR BUSINESS
    51                           ; INTERRUPTION) HOWSOEVER CAUSED AND ON ANY THEORY OF LIABILITY, WHETHER IN CONTRACT, ST
      +                          RICT
    52                           ; LIABILITY, OR TORT (INCLUDING NEGLIGENCE OR OTHERWISE) ARISING IN ANY WAY OUT OF THE U
      +                          SE OF
    53                           ; THIS SOFTWARE, EVEN IF ADVISED OF THE POSSIBILITY OF SUCH DAMAGE.
    54                           ; 
    55                           ; 
    56                           ; Code-generator required, PIC16F18015 Definitions
    57                           ; 
    58                           ; SFR Addresses
    59     0008                     bsr             equ	8
    60     0005                     fsr0h           equ	5
    61     0004                     fsr0l           equ	4
    62     0007                     fsr1h           equ	7
    63     0006                     fsr1l           equ	6
    64     0000                     indf            equ	0
    65     0000                     indf0           equ	0
    66     0001                     indf1           equ	1
    67     000B                     intcon          equ	11
    68     0002                     pc              equ	2
    69     0002                     pcl             equ	2
    70     000A                     pclath          equ	10
    71     0003                     status          equ	3
    72     0009                     wreg            equ	9
    73     0000                     INDF0           equ	0	;# 
    74     0001                     INDF1           equ	1	;# 
    75     0002                     PCL             equ	2	;# 
    76     0003                     STATUS          equ	3	;# 
    77     0004                     FSR0L           equ	4	;# 
    78     0005                     FSR0H           equ	5	;# 
    79     0006                     FSR1L           equ	6	;# 
    80     0007                     FSR1H           equ	7	;# 
    81     0008                     BSR             equ	8	;# 
    82     0009                     WREG            equ	9	;# 
    83     000A                     PCLATH          equ	10	;# 
    84     000B                     INTCON          equ	11	;# 
    85     000C                     PORTA           equ	12	;# 
    86     0012                     TRISA           equ	18	;# 
    87     0018                     LATA            equ	24	;# 
    88     008C                     PIR0            equ	140	;# 
    89     008D                     PIR1            equ	141	;# 
    90     008E                     PIR2            equ	142	;# 
    91     008F                     PIR3            equ	143	;# 
    92     0090                     PIR4            equ	144	;# 
    93     0096                     PIE0            equ	150	;# 
    94     0097                     PIE1            equ	151	;# 
    95     0098                     PIE2            equ	152	;# 
    96     0099                     PIE3            equ	153	;# 
    97     009A                     PIE4            equ	154	;# 
    98     018C                     WDTCON          equ	396	;# 
    99     018D                     BORCON          equ	397	;# 
   100     018E                     PCON0           equ	398	;# 
   101     018F                     PCON1           equ	399	;# 
   102     019C                     TMR0L           equ	412	;# 
   103     019C                     TMR0            equ	412	;# 
   104     019D                     TMR0H           equ	413	;# 
   105     019D                     PR0             equ	413	;# 
   106     019E                     T0CON0          equ	414	;# 
   107     019F                     T0CON1          equ	415	;# 
   108     020E                     OSCCON2         equ	526	;# 
   109     020F                     OSCCON3         equ	527	;# 
   110     0210                     OSCSTAT         equ	528	;# 
   111     0211                     OSCEN           equ	529	;# 
   112     0212                     OSCTUNE         equ	530	;# 
   113     0213                     OSCFRQ          equ	531	;# 
   114     0214                     ACTCON          equ	532	;# 
   115     028C                     TMR1            equ	652	;# 
   116     028C                     TMR1L           equ	652	;# 
   117     028D                     TMR1H           equ	653	;# 
   118     028E                     T1CON           equ	654	;# 
   119     028F                     T1GCON          equ	655	;# 
   120     028F                     PR1             equ	655	;# 
   121     0290                     T1GATE          equ	656	;# 
   122     0290                     TMR1GATE        equ	656	;# 
   123     0291                     T1CLK           equ	657	;# 
   124     0291                     TMR1CLK         equ	657	;# 
   125     0292                     TMR3            equ	658	;# 
   126     0292                     TMR3L           equ	658	;# 
   127     0293                     TMR3H           equ	659	;# 
   128     0294                     T3CON           equ	660	;# 
   129     0295                     T3GCON          equ	661	;# 
   130     0295                     PR3             equ	661	;# 
   131     0296                     T3GATE          equ	662	;# 
   132     0296                     TMR3GATE        equ	662	;# 
   133     0297                     T3CLK           equ	663	;# 
   134     0297                     TMR3CLK         equ	663	;# 
   135     030C                     T2TMR           equ	780	;# 
   136     030C                     TMR2            equ	780	;# 
   137     030D                     T2PR            equ	781	;# 
   138     030D                     PR2             equ	781	;# 
   139     030E                     T2CON           equ	782	;# 
   140     030F                     T2HLT           equ	783	;# 
   141     0310                     T2CLKCON        equ	784	;# 
   142     0310                     T2CLK           equ	784	;# 
   143     0311                     T2RST           equ	785	;# 
   144     0312                     T4TMR           equ	786	;# 
   145     0312                     TMR4            equ	786	;# 
   146     0313                     T4PR            equ	787	;# 
   147     0313                     PR4             equ	787	;# 
   148     0314                     T4CON           equ	788	;# 
   149     0315                     T4HLT           equ	789	;# 
   150     0316                     T4CLKCON        equ	790	;# 
   151     0316                     T4CLK           equ	790	;# 
   152     0317                     T4RST           equ	791	;# 
   153     0318                     T6TMR           equ	792	;# 
   154     0318                     TMR6            equ	792	;# 
   155     0319                     T6PR            equ	793	;# 
   156     0319                     PR6             equ	793	;# 
   157     031A                     T6CON           equ	794	;# 
   158     031B                     T6HLT           equ	795	;# 
   159     031C                     T6CLKCON        equ	796	;# 
   160     031C                     T6CLK           equ	796	;# 
   161     031D                     T6RST           equ	797	;# 
   162     038C                     CCPR1           equ	908	;# 
   163     038C                     CCPR1L          equ	908	;# 
   164     038D                     CCPR1H          equ	909	;# 
   165     038E                     CCP1CON         equ	910	;# 
   166     038F                     CCP1CAP         equ	911	;# 
   167     0390                     CCPR2           equ	912	;# 
   168     0390                     CCPR2L          equ	912	;# 
   169     0391                     CCPR2H          equ	913	;# 
   170     0392                     CCP2CON         equ	914	;# 
   171     0393                     CCP2CAP         equ	915	;# 
   172     039F                     CCPTMRS0        equ	927	;# 
   173     040C                     PWM3DC          equ	1036	;# 
   174     040C                     PWM3DCL         equ	1036	;# 
   175     040D                     PWM3DCH         equ	1037	;# 
   176     040E                     PWM3CON         equ	1038	;# 
   177     040F                     PWM4DC          equ	1039	;# 
   178     040F                     PWM4DCL         equ	1039	;# 
   179     0410                     PWM4DCH         equ	1040	;# 
   180     0411                     PWM4CON         equ	1041	;# 
   181     0412                     PWM5DC          equ	1042	;# 
   182     0412                     PWM5DCL         equ	1042	;# 
   183     0413                     PWM5DCH         equ	1043	;# 
   184     0414                     PWM5CON         equ	1044	;# 
   185     041F                     PWMTMRS0        equ	1055	;# 
   186     048C                     NCO1ACC         equ	1164	;# 
   187     048C                     NCO1ACCL        equ	1164	;# 
   188     048D                     NCO1ACCH        equ	1165	;# 
   189     048E                     NCO1ACCU        equ	1166	;# 
   190     048F                     NCO1INC         equ	1167	;# 
   191     048F                     NCO1INCL        equ	1167	;# 
   192     0490                     NCO1INCH        equ	1168	;# 
   193     0491                     NCO1INCU        equ	1169	;# 
   194     0492                     NCO1CON         equ	1170	;# 
   195     0493                     NCO1CLK         equ	1171	;# 
   196     050C                     CWG1CLK         equ	1292	;# 
   197     050C                     CWG1CLKCON      equ	1292	;# 
   198     050D                     CWG1ISM         equ	1293	;# 
   199     050D                     CWG1DAT         equ	1293	;# 
   200     050E                     CWG1DBR         equ	1294	;# 
   201     050F                     CWG1DBF         equ	1295	;# 
   202     0510                     CWG1CON0        equ	1296	;# 
   203     0511                     CWG1CON1        equ	1297	;# 
   204     0512                     CWG1AS0         equ	1298	;# 
   205     0513                     CWG1AS1         equ	1299	;# 
   206     0514                     CWG1STR         equ	1300	;# 
   207     058C                     CLCnCON         equ	1420	;# 
   208     058D                     CLCnPOL         equ	1421	;# 
   209     058E                     CLCnSEL0        equ	1422	;# 
   210     058F                     CLCnSEL1        equ	1423	;# 
   211     0590                     CLCnSEL2        equ	1424	;# 
   212     0591                     CLCnSEL3        equ	1425	;# 
   213     0592                     CLCnGLS0        equ	1426	;# 
   214     0593                     CLCnGLS1        equ	1427	;# 
   215     0594                     CLCnGLS2        equ	1428	;# 
   216     0595                     CLCnGLS3        equ	1429	;# 
   217     0596                     CLCSELECT       equ	1430	;# 
   218     0597                     CLCDATA         equ	1431	;# 
   219     060C                     RC1REG          equ	1548	;# 
   220     060D                     TX1REG          equ	1549	;# 
   221     060E                     SP1BRG          equ	1550	;# 
   222     060E                     SP1BRGL         equ	1550	;# 
   223     060F                     SP1BRGH         equ	1551	;# 
   224     0610                     RC1STA          equ	1552	;# 
   225     0611                     TX1STA          equ	1553	;# 
   226     0612                     BAUD1CON        equ	1554	;# 
   227     0616                     RC2REG          equ	1558	;# 
   228     0617                     TX2REG          equ	1559	;# 
   229     0618                     SP2BRG          equ	1560	;# 
   230     0618                     SP2BRGL         equ	1560	;# 
   231     0619                     SP2BRGH         equ	1561	;# 
   232     061A                     RC2STA          equ	1562	;# 
   233     061B                     TX2STA          equ	1563	;# 
   234     061C                     BAUD2CON        equ	1564	;# 
   235     068C                     SSP1BUF         equ	1676	;# 
   236     068D                     SSP1ADD         equ	1677	;# 
   237     068E                     SSP1MSK         equ	1678	;# 
   238     068F                     SSP1STAT        equ	1679	;# 
   239     0690                     SSP1CON1        equ	1680	;# 
   240     0691                     SSP1CON2        equ	1681	;# 
   241     0692                     SSP1CON3        equ	1682	;# 
   242     0696                     SSP2BUF         equ	1686	;# 
   243     0697                     SSP2ADD         equ	1687	;# 
   244     0698                     SSP2MSK         equ	1688	;# 
   245     0699                     SSP2STAT        equ	1689	;# 
   246     069A                     SSP2CON1        equ	1690	;# 
   247     069B                     SSP2CON2        equ	1691	;# 
   248     069C                     SSP2CON3        equ	1692	;# 
   249     100C                     FVRCON          equ	4108	;# 
   250     100D                     CPCON           equ	4109	;# 
   251     101F                     ZCDCON          equ	4127	;# 
   252     108C                     CM1CON0         equ	4236	;# 
   253     108D                     CM1CON1         equ	4237	;# 
   254     108E                     CM1NCH          equ	4238	;# 
   255     108F                     CM1PCH          equ	4239	;# 
   256     109F                     CMOUT           equ	4255	;# 
   257     109F                     CMSTAT          equ	4255	;# 
   258     110C                     DAC1CON         equ	4364	;# 
   259     110D                     DAC1DATL        equ	4365	;# 
   260     1C8C                     NVMADR          equ	7308	;# 
   261     1C8C                     NVMADRL         equ	7308	;# 
   262     1C8D                     NVMADRH         equ	7309	;# 
   263     1C8E                     NVMDAT          equ	7310	;# 
   264     1C8E                     NVMDATL         equ	7310	;# 
   265     1C8F                     NVMDATH         equ	7311	;# 
   266     1C90                     NVMCON1         equ	7312	;# 
   267     1C91                     NVMCON2         equ	7313	;# 
   268     1D0C                     ADLTH           equ	7436	;# 
   269     1D0C                     ADLTHL          equ	7436	;# 
   270     1D0D                     ADLTHH          equ	7437	;# 
   271     1D0E                     ADUTH           equ	7438	;# 
   272     1D0E                     ADUTHL          equ	7438	;# 
   273     1D0F                     ADUTHH          equ	7439	;# 
   274     1D10                     ADERR           equ	7440	;# 
   275     1D10                     ADERRL          equ	7440	;# 
   276     1D11                     ADERRH          equ	7441	;# 
   277     1D12                     ADSTPT          equ	7442	;# 
   278     1D12                     ADSTPTL         equ	7442	;# 
   279     1D13                     ADSTPTH         equ	7443	;# 
   280     1D14                     ADFLTR          equ	7444	;# 
   281     1D14                     ADFLTRL         equ	7444	;# 
   282     1D15                     ADFLTRH         equ	7445	;# 
   283     1D16                     ADACC           equ	7446	;# 
   284     1D16                     ADACCL          equ	7446	;# 
   285     1D17                     ADACCH          equ	7447	;# 
   286     1D18                     ADACCU          equ	7448	;# 
   287     1D19                     ADCNT           equ	7449	;# 
   288     1D1A                     ADRPT           equ	7450	;# 
   289     1D1B                     ADPREV          equ	7451	;# 
   290     1D1B                     ADPREVL         equ	7451	;# 
   291     1D1C                     ADPREVH         equ	7452	;# 
   292     1D1D                     ADRES           equ	7453	;# 
   293     1D1D                     ADRESL          equ	7453	;# 
   294     1D1E                     ADRESH          equ	7454	;# 
   295     1D1F                     ADPCH           equ	7455	;# 
   296     1D21                     ADACQ           equ	7457	;# 
   297     1D21                     ADACQL          equ	7457	;# 
   298     1D22                     ADACQH          equ	7458	;# 
   299     1D23                     ADCAP           equ	7459	;# 
   300     1D24                     ADPRE           equ	7460	;# 
   301     1D24                     ADPREL          equ	7460	;# 
   302     1D25                     ADPREH          equ	7461	;# 
   303     1D26                     ADCON0          equ	7462	;# 
   304     1D27                     ADCON1          equ	7463	;# 
   305     1D28                     ADCON2          equ	7464	;# 
   306     1D29                     ADCON3          equ	7465	;# 
   307     1D2A                     ADSTAT          equ	7466	;# 
   308     1D2B                     ADREF           equ	7467	;# 
   309     1D2C                     ADACT           equ	7468	;# 
   310     1D2D                     ADCLK           equ	7469	;# 
   311     1D2E                     ADCG1A          equ	7470	;# 
   312     1D8C                     RA0PPS          equ	7564	;# 
   313     1D8D                     RA1PPS          equ	7565	;# 
   314     1D8E                     RA2PPS          equ	7566	;# 
   315     1D90                     RA4PPS          equ	7568	;# 
   316     1D91                     RA5PPS          equ	7569	;# 
   317     1E0C                     PPSLOCK         equ	7692	;# 
   318     1E0D                     INTPPS          equ	7693	;# 
   319     1E0E                     T0CKIPPS        equ	7694	;# 
   320     1E0F                     T1CKIPPS        equ	7695	;# 
   321     1E10                     T1GPPS          equ	7696	;# 
   322     1E11                     T3CKIPPS        equ	7697	;# 
   323     1E12                     T3GPPS          equ	7698	;# 
   324     1E19                     T2INPPS         equ	7705	;# 
   325     1E1A                     T4INPPS         equ	7706	;# 
   326     1E1B                     T6INPPS         equ	7707	;# 
   327     1E1E                     CCP1PPS         equ	7710	;# 
   328     1E1F                     CCP2PPS         equ	7711	;# 
   329     1E39                     CWG1PPS         equ	7737	;# 
   330     1E3D                     CLCIN0PPS       equ	7741	;# 
   331     1E3E                     CLCIN1PPS       equ	7742	;# 
   332     1E3F                     CLCIN2PPS       equ	7743	;# 
   333     1E40                     CLCIN3PPS       equ	7744	;# 
   334     1E41                     RX1PPS          equ	7745	;# 
   335     1E41                     RX1DTPPS        equ	7745	;# 
   336     1E42                     CK1PPS          equ	7746	;# 
   337     1E42                     TX1CKPPS        equ	7746	;# 
   338     1E43                     RX2PPS          equ	7747	;# 
   339     1E43                     RX2DTPPS        equ	7747	;# 
   340     1E44                     CK2PPS          equ	7748	;# 
   341     1E44                     TX2CKPPS        equ	7748	;# 
   342     1E47                     SSP1CLKPPS      equ	7751	;# 
   343     1E48                     SSP1DATPPS      equ	7752	;# 
   344     1E49                     SSP1SSPPS       equ	7753	;# 
   345     1E4A                     SSP2CLKPPS      equ	7754	;# 
   346     1E4B                     SSP2DATPPS      equ	7755	;# 
   347     1E4C                     SSP2SSPPS       equ	7756	;# 
   348     1E50                     ADACTPPS        equ	7760	;# 
   349     1E8C                     ANSELA          equ	7820	;# 
   350     1E8D                     WPUA            equ	7821	;# 
   351     1E8E                     ODCONA          equ	7822	;# 
   352     1E8F                     SLRCONA         equ	7823	;# 
   353     1E90                     INLVLA          equ	7824	;# 
   354     1E91                     IOCAP           equ	7825	;# 
   355     1E92                     IOCAN           equ	7826	;# 
   356     1E93                     IOCAF           equ	7827	;# 
   357     1EE1                     RA1I2C          equ	7905	;# 
   358     1EE2                     RA2I2C          equ	7906	;# 
   359     1F0C                     UMTOAP          equ	7948	;# 
   360     1F0D                     UMTOAL          equ	7949	;# 
   361     1F0E                     UMTOAH          equ	7950	;# 
   362     1FE4                     STATUS_SHAD     equ	8164	;# 
   363     1FE5                     WREG_SHAD       equ	8165	;# 
   364     1FE6                     BSR_SHAD        equ	8166	;# 
   365     1FE7                     PCLATH_SHAD     equ	8167	;# 
   366     1FE8                     FSR0_SHAD       equ	8168	;# 
   367     1FE8                     FSR0L_SHAD      equ	8168	;# 
   368     1FE9                     FSR0H_SHAD      equ	8169	;# 
   369     1FEA                     FSR1_SHAD       equ	8170	;# 
   370     1FEA                     FSR1L_SHAD      equ	8170	;# 
   371     1FEB                     FSR1H_SHAD      equ	8171	;# 
   372     1FED                     STKPTR          equ	8173	;# 
   373     1FEE                     TOSL            equ	8174	;# 
   374     1FEF                     TOSH            equ	8175	;# 
   375     0000                     INDF0           equ	0	;# 
   376     0001                     INDF1           equ	1	;# 
   377     0002                     PCL             equ	2	;# 
   378     0003                     STATUS          equ	3	;# 
   379     0004                     FSR0L           equ	4	;# 
   380     0005                     FSR0H           equ	5	;# 
   381     0006                     FSR1L           equ	6	;# 
   382     0007                     FSR1H           equ	7	;# 
   383     0008                     BSR             equ	8	;# 
   384     0009                     WREG            equ	9	;# 
   385     000A                     PCLATH          equ	10	;# 
   386     000B                     INTCON          equ	11	;# 
   387     000C                     PORTA           equ	12	;# 
   388     0012                     TRISA           equ	18	;# 
   389     0018                     LATA            equ	24	;# 
   390     008C                     PIR0            equ	140	;# 
   391     008D                     PIR1            equ	141	;# 
   392     008E                     PIR2            equ	142	;# 
   393     008F                     PIR3            equ	143	;# 
   394     0090                     PIR4            equ	144	;# 
   395     0096                     PIE0            equ	150	;# 
   396     0097                     PIE1            equ	151	;# 
   397     0098                     PIE2            equ	152	;# 
   398     0099                     PIE3            equ	153	;# 
   399     009A                     PIE4            equ	154	;# 
   400     018C                     WDTCON          equ	396	;# 
   401     018D                     BORCON          equ	397	;# 
   402     018E                     PCON0           equ	398	;# 
   403     018F                     PCON1           equ	399	;# 
   404     019C                     TMR0L           equ	412	;# 
   405     019C                     TMR0            equ	412	;# 
   406     019D                     TMR0H           equ	413	;# 
   407     019D                     PR0             equ	413	;# 
   408     019E                     T0CON0          equ	414	;# 
   409     019F                     T0CON1          equ	415	;# 
   410     020E                     OSCCON2         equ	526	;# 
   411     020F                     OSCCON3         equ	527	;# 
   412     0210                     OSCSTAT         equ	528	;# 
   413     0211                     OSCEN           equ	529	;# 
   414     0212                     OSCTUNE         equ	530	;# 
   415     0213                     OSCFRQ          equ	531	;# 
   416     0214                     ACTCON          equ	532	;# 
   417     028C                     TMR1            equ	652	;# 
   418     028C                     TMR1L           equ	652	;# 
   419     028D                     TMR1H           equ	653	;# 
   420     028E                     T1CON           equ	654	;# 
   421     028F                     T1GCON          equ	655	;# 
   422     028F                     PR1             equ	655	;# 
   423     0290                     T1GATE          equ	656	;# 
   424     0290                     TMR1GATE        equ	656	;# 
   425     0291                     T1CLK           equ	657	;# 
   426     0291                     TMR1CLK         equ	657	;# 
   427     0292                     TMR3            equ	658	;# 
   428     0292                     TMR3L           equ	658	;# 
   429     0293                     TMR3H           equ	659	;# 
   430     0294                     T3CON           equ	660	;# 
   431     0295                     T3GCON          equ	661	;# 
   432     0295                     PR3             equ	661	;# 
   433     0296                     T3GATE          equ	662	;# 
   434     0296                     TMR3GATE        equ	662	;# 
   435     0297                     T3CLK           equ	663	;# 
   436     0297                     TMR3CLK         equ	663	;# 
   437     030C                     T2TMR           equ	780	;# 
   438     030C                     TMR2            equ	780	;# 
   439     030D                     T2PR            equ	781	;# 
   440     030D                     PR2             equ	781	;# 
   441     030E                     T2CON           equ	782	;# 
   442     030F                     T2HLT           equ	783	;# 
   443     0310                     T2CLKCON        equ	784	;# 
   444     0310                     T2CLK           equ	784	;# 
   445     0311                     T2RST           equ	785	;# 
   446     0312                     T4TMR           equ	786	;# 
   447     0312                     TMR4            equ	786	;# 
   448     0313                     T4PR            equ	787	;# 
   449     0313                     PR4             equ	787	;# 
   450     0314                     T4CON           equ	788	;# 
   451     0315                     T4HLT           equ	789	;# 
   452     0316                     T4CLKCON        equ	790	;# 
   453     0316                     T4CLK           equ	790	;# 
   454     0317                     T4RST           equ	791	;# 
   455     0318                     T6TMR           equ	792	;# 
   456     0318                     TMR6            equ	792	;# 
   457     0319                     T6PR            equ	793	;# 
   458     0319                     PR6             equ	793	;# 
   459     031A                     T6CON           equ	794	;# 
   460     031B                     T6HLT           equ	795	;# 
   461     031C                     T6CLKCON        equ	796	;# 
   462     031C                     T6CLK           equ	796	;# 
   463     031D                     T6RST           equ	797	;# 
   464     038C                     CCPR1           equ	908	;# 
   465     038C                     CCPR1L          equ	908	;# 
   466     038D                     CCPR1H          equ	909	;# 
   467     038E                     CCP1CON         equ	910	;# 
   468     038F                     CCP1CAP         equ	911	;# 
   469     0390                     CCPR2           equ	912	;# 
   470     0390                     CCPR2L          equ	912	;# 
   471     0391                     CCPR2H          equ	913	;# 
   472     0392                     CCP2CON         equ	914	;# 
   473     0393                     CCP2CAP         equ	915	;# 
   474     039F                     CCPTMRS0        equ	927	;# 
   475     040C                     PWM3DC          equ	1036	;# 
   476     040C                     PWM3DCL         equ	1036	;# 
   477     040D                     PWM3DCH         equ	1037	;# 
   478     040E                     PWM3CON         equ	1038	;# 
   479     040F                     PWM4DC          equ	1039	;# 
   480     040F                     PWM4DCL         equ	1039	;# 
   481     0410                     PWM4DCH         equ	1040	;# 
   482     0411                     PWM4CON         equ	1041	;# 
   483     0412                     PWM5DC          equ	1042	;# 
   484     0412                     PWM5DCL         equ	1042	;# 
   485     0413                     PWM5DCH         equ	1043	;# 
   486     0414                     PWM5CON         equ	1044	;# 
   487     041F                     PWMTMRS0        equ	1055	;# 
   488     048C                     NCO1ACC         equ	1164	;# 
   489     048C                     NCO1ACCL        equ	1164	;# 
   490     048D                     NCO1ACCH        equ	1165	;# 
   491     048E                     NCO1ACCU        equ	1166	;# 
   492     048F                     NCO1INC         equ	1167	;# 
   493     048F                     NCO1INCL        equ	1167	;# 
   494     0490                     NCO1INCH        equ	1168	;# 
   495     0491                     NCO1INCU        equ	1169	;# 
   496     0492                     NCO1CON         equ	1170	;# 
   497     0493                     NCO1CLK         equ	1171	;# 
   498     050C                     CWG1CLK         equ	1292	;# 
   499     050C                     CWG1CLKCON      equ	1292	;# 
   500     050D                     CWG1ISM         equ	1293	;# 
   501     050D                     CWG1DAT         equ	1293	;# 
   502     050E                     CWG1DBR         equ	1294	;# 
   503     050F                     CWG1DBF         equ	1295	;# 
   504     0510                     CWG1CON0        equ	1296	;# 
   505     0511                     CWG1CON1        equ	1297	;# 
   506     0512                     CWG1AS0         equ	1298	;# 
   507     0513                     CWG1AS1         equ	1299	;# 
   508     0514                     CWG1STR         equ	1300	;# 
   509     058C                     CLCnCON         equ	1420	;# 
   510     058D                     CLCnPOL         equ	1421	;# 
   511     058E                     CLCnSEL0        equ	1422	;# 
   512     058F                     CLCnSEL1        equ	1423	;# 
   513     0590                     CLCnSEL2        equ	1424	;# 
   514     0591                     CLCnSEL3        equ	1425	;# 
   515     0592                     CLCnGLS0        equ	1426	;# 
   516     0593                     CLCnGLS1        equ	1427	;# 
   517     0594                     CLCnGLS2        equ	1428	;# 
   518     0595                     CLCnGLS3        equ	1429	;# 
   519     0596                     CLCSELECT       equ	1430	;# 
   520     0597                     CLCDATA         equ	1431	;# 
   521     060C                     RC1REG          equ	1548	;# 
   522     060D                     TX1REG          equ	1549	;# 
   523     060E                     SP1BRG          equ	1550	;# 
   524     060E                     SP1BRGL         equ	1550	;# 
   525     060F                     SP1BRGH         equ	1551	;# 
   526     0610                     RC1STA          equ	1552	;# 
   527     0611                     TX1STA          equ	1553	;# 
   528     0612                     BAUD1CON        equ	1554	;# 
   529     0616                     RC2REG          equ	1558	;# 
   530     0617                     TX2REG          equ	1559	;# 
   531     0618                     SP2BRG          equ	1560	;# 
   532     0618                     SP2BRGL         equ	1560	;# 
   533     0619                     SP2BRGH         equ	1561	;# 
   534     061A                     RC2STA          equ	1562	;# 
   535     061B                     TX2STA          equ	1563	;# 
   536     061C                     BAUD2CON        equ	1564	;# 
   537     068C                     SSP1BUF         equ	1676	;# 
   538     068D                     SSP1ADD         equ	1677	;# 
   539     068E                     SSP1MSK         equ	1678	;# 
   540     068F                     SSP1STAT        equ	1679	;# 
   541     0690                     SSP1CON1        equ	1680	;# 
   542     0691                     SSP1CON2        equ	1681	;# 
   543     0692                     SSP1CON3        equ	1682	;# 
   544     0696                     SSP2BUF         equ	1686	;# 
   545     0697                     SSP2ADD         equ	1687	;# 
   546     0698                     SSP2MSK         equ	1688	;# 
   547     0699                     SSP2STAT        equ	1689	;# 
   548     069A                     SSP2CON1        equ	1690	;# 
   549     069B                     SSP2CON2        equ	1691	;# 
   550     069C                     SSP2CON3        equ	1692	;# 
   551     100C                     FVRCON          equ	4108	;# 
   552     100D                     CPCON           equ	4109	;# 
   553     101F                     ZCDCON          equ	4127	;# 
   554     108C                     CM1CON0         equ	4236	;# 
   555     108D                     CM1CON1         equ	4237	;# 
   556     108E                     CM1NCH          equ	4238	;# 
   557     108F                     CM1PCH          equ	4239	;# 
   558     109F                     CMOUT           equ	4255	;# 
   559     109F                     CMSTAT          equ	4255	;# 
   560     110C                     DAC1CON         equ	4364	;# 
   561     110D                     DAC1DATL        equ	4365	;# 
   562     1C8C                     NVMADR          equ	7308	;# 
   563     1C8C                     NVMADRL         equ	7308	;# 
   564     1C8D                     NVMADRH         equ	7309	;# 
   565     1C8E                     NVMDAT          equ	7310	;# 
   566     1C8E                     NVMDATL         equ	7310	;# 
   567     1C8F                     NVMDATH         equ	7311	;# 
   568     1C90                     NVMCON1         equ	7312	;# 
   569     1C91                     NVMCON2         equ	7313	;# 
   570     1D0C                     ADLTH           equ	7436	;# 
   571     1D0C                     ADLTHL          equ	7436	;# 
   572     1D0D                     ADLTHH          equ	7437	;# 
   573     1D0E                     ADUTH           equ	7438	;# 
   574     1D0E                     ADUTHL          equ	7438	;# 
   575     1D0F                     ADUTHH          equ	7439	;# 
   576     1D10                     ADERR           equ	7440	;# 
   577     1D10                     ADERRL          equ	7440	;# 
   578     1D11                     ADERRH          equ	7441	;# 
   579     1D12                     ADSTPT          equ	7442	;# 
   580     1D12                     ADSTPTL         equ	7442	;# 
   581     1D13                     ADSTPTH         equ	7443	;# 
   582     1D14                     ADFLTR          equ	7444	;# 
   583     1D14                     ADFLTRL         equ	7444	;# 
   584     1D15                     ADFLTRH         equ	7445	;# 
   585     1D16                     ADACC           equ	7446	;# 
   586     1D16                     ADACCL          equ	7446	;# 
   587     1D17                     ADACCH          equ	7447	;# 
   588     1D18                     ADACCU          equ	7448	;# 
   589     1D19                     ADCNT           equ	7449	;# 
   590     1D1A                     ADRPT           equ	7450	;# 
   591     1D1B                     ADPREV          equ	7451	;# 
   592     1D1B                     ADPREVL         equ	7451	;# 
   593     1D1C                     ADPREVH         equ	7452	;# 
   594     1D1D                     ADRES           equ	7453	;# 
   595     1D1D                     ADRESL          equ	7453	;# 
   596     1D1E                     ADRESH          equ	7454	;# 
   597     1D1F                     ADPCH           equ	7455	;# 
   598     1D21                     ADACQ           equ	7457	;# 
   599     1D21                     ADACQL          equ	7457	;# 
   600     1D22                     ADACQH          equ	7458	;# 
   601     1D23                     ADCAP           equ	7459	;# 
   602     1D24                     ADPRE           equ	7460	;# 
   603     1D24                     ADPREL          equ	7460	;# 
   604     1D25                     ADPREH          equ	7461	;# 
   605     1D26                     ADCON0          equ	7462	;# 
   606     1D27                     ADCON1          equ	7463	;# 
   607     1D28                     ADCON2          equ	7464	;# 
   608     1D29                     ADCON3          equ	7465	;# 
   609     1D2A                     ADSTAT          equ	7466	;# 
   610     1D2B                     ADREF           equ	7467	;# 
   611     1D2C                     ADACT           equ	7468	;# 
   612     1D2D                     ADCLK           equ	7469	;# 
   613     1D2E                     ADCG1A          equ	7470	;# 
   614     1D8C                     RA0PPS          equ	7564	;# 
   615     1D8D                     RA1PPS          equ	7565	;# 
   616     1D8E                     RA2PPS          equ	7566	;# 
   617     1D90                     RA4PPS          equ	7568	;# 
   618     1D91                     RA5PPS          equ	7569	;# 
   619     1E0C                     PPSLOCK         equ	7692	;# 
   620     1E0D                     INTPPS          equ	7693	;# 
   621     1E0E                     T0CKIPPS        equ	7694	;# 
   622     1E0F                     T1CKIPPS        equ	7695	;# 
   623     1E10                     T1GPPS          equ	7696	;# 
   624     1E11                     T3CKIPPS        equ	7697	;# 
   625     1E12                     T3GPPS          equ	7698	;# 
   626     1E19                     T2INPPS         equ	7705	;# 
   627     1E1A                     T4INPPS         equ	7706	;# 
   628     1E1B                     T6INPPS         equ	7707	;# 
   629     1E1E                     CCP1PPS         equ	7710	;# 
   630     1E1F                     CCP2PPS         equ	7711	;# 
   631     1E39                     CWG1PPS         equ	7737	;# 
   632     1E3D                     CLCIN0PPS       equ	7741	;# 
   633     1E3E                     CLCIN1PPS       equ	7742	;# 
   634     1E3F                     CLCIN2PPS       equ	7743	;# 
   635     1E40                     CLCIN3PPS       equ	7744	;# 
   636     1E41                     RX1PPS          equ	7745	;# 
   637     1E41                     RX1DTPPS        equ	7745	;# 
   638     1E42                     CK1PPS          equ	7746	;# 
   639     1E42                     TX1CKPPS        equ	7746	;# 
   640     1E43                     RX2PPS          equ	7747	;# 
   641     1E43                     RX2DTPPS        equ	7747	;# 
   642     1E44                     CK2PPS          equ	7748	;# 
   643     1E44                     TX2CKPPS        equ	7748	;# 
   644     1E47                     SSP1CLKPPS      equ	7751	;# 
   645     1E48                     SSP1DATPPS      equ	7752	;# 
   646     1E49                     SSP1SSPPS       equ	7753	;# 
   647     1E4A                     SSP2CLKPPS      equ	7754	;# 
   648     1E4B                     SSP2DATPPS      equ	7755	;# 
   649     1E4C                     SSP2SSPPS       equ	7756	;# 
   650     1E50                     ADACTPPS        equ	7760	;# 
   651     1E8C                     ANSELA          equ	7820	;# 
   652     1E8D                     WPUA            equ	7821	;# 
   653     1E8E                     ODCONA          equ	7822	;# 
   654     1E8F                     SLRCONA         equ	7823	;# 
   655     1E90                     INLVLA          equ	7824	;# 
   656     1E91                     IOCAP           equ	7825	;# 
   657     1E92                     IOCAN           equ	7826	;# 
   658     1E93                     IOCAF           equ	7827	;# 
   659     1EE1                     RA1I2C          equ	7905	;# 
   660     1EE2                     RA2I2C          equ	7906	;# 
   661     1F0C                     UMTOAP          equ	7948	;# 
   662     1F0D                     UMTOAL          equ	7949	;# 
   663     1F0E                     UMTOAH          equ	7950	;# 
   664     1FE4                     STATUS_SHAD     equ	8164	;# 
   665     1FE5                     WREG_SHAD       equ	8165	;# 
   666     1FE6                     BSR_SHAD        equ	8166	;# 
   667     1FE7                     PCLATH_SHAD     equ	8167	;# 
   668     1FE8                     FSR0_SHAD       equ	8168	;# 
   669     1FE8                     FSR0L_SHAD      equ	8168	;# 
   670     1FE9                     FSR0H_SHAD      equ	8169	;# 
   671     1FEA                     FSR1_SHAD       equ	8170	;# 
   672     1FEA                     FSR1L_SHAD      equ	8170	;# 
   673     1FEB                     FSR1H_SHAD      equ	8171	;# 
   674     1FED                     STKPTR          equ	8173	;# 
   675     1FEE                     TOSL            equ	8174	;# 
   676     1FEF                     TOSH            equ	8175	;# 
   677     0000                     INDF0           equ	0	;# 
   678     0001                     INDF1           equ	1	;# 
   679     0002                     PCL             equ	2	;# 
   680     0003                     STATUS          equ	3	;# 
   681     0004                     FSR0L           equ	4	;# 
   682     0005                     FSR0H           equ	5	;# 
   683     0006                     FSR1L           equ	6	;# 
   684     0007                     FSR1H           equ	7	;# 
   685     0008                     BSR             equ	8	;# 
   686     0009                     WREG            equ	9	;# 
   687     000A                     PCLATH          equ	10	;# 
   688     000B                     INTCON          equ	11	;# 
   689     000C                     PORTA           equ	12	;# 
   690     0012                     TRISA           equ	18	;# 
   691     0018                     LATA            equ	24	;# 
   692     008C                     PIR0            equ	140	;# 
   693     008D                     PIR1            equ	141	;# 
   694     008E                     PIR2            equ	142	;# 
   695     008F                     PIR3            equ	143	;# 
   696     0090                     PIR4            equ	144	;# 
   697     0096                     PIE0            equ	150	;# 
   698     0097                     PIE1            equ	151	;# 
   699     0098                     PIE2            equ	152	;# 
   700     0099                     PIE3            equ	153	;# 
   701     009A                     PIE4            equ	154	;# 
   702     018C                     WDTCON          equ	396	;# 
   703     018D                     BORCON          equ	397	;# 
   704     018E                     PCON0           equ	398	;# 
   705     018F                     PCON1           equ	399	;# 
   706     019C                     TMR0L           equ	412	;# 
   707     019C                     TMR0            equ	412	;# 
   708     019D                     TMR0H           equ	413	;# 
   709     019D                     PR0             equ	413	;# 
   710     019E                     T0CON0          equ	414	;# 
   711     019F                     T0CON1          equ	415	;# 
   712     020E                     OSCCON2         equ	526	;# 
   713     020F                     OSCCON3         equ	527	;# 
   714     0210                     OSCSTAT         equ	528	;# 
   715     0211                     OSCEN           equ	529	;# 
   716     0212                     OSCTUNE         equ	530	;# 
   717     0213                     OSCFRQ          equ	531	;# 
   718     0214                     ACTCON          equ	532	;# 
   719     028C                     TMR1            equ	652	;# 
   720     028C                     TMR1L           equ	652	;# 
   721     028D                     TMR1H           equ	653	;# 
   722     028E                     T1CON           equ	654	;# 
   723     028F                     T1GCON          equ	655	;# 
   724     028F                     PR1             equ	655	;# 
   725     0290                     T1GATE          equ	656	;# 
   726     0290                     TMR1GATE        equ	656	;# 
   727     0291                     T1CLK           equ	657	;# 
   728     0291                     TMR1CLK         equ	657	;# 
   729     0292                     TMR3            equ	658	;# 
   730     0292                     TMR3L           equ	658	;# 
   731     0293                     TMR3H           equ	659	;# 
   732     0294                     T3CON           equ	660	;# 
   733     0295                     T3GCON          equ	661	;# 
   734     0295                     PR3             equ	661	;# 
   735     0296                     T3GATE          equ	662	;# 
   736     0296                     TMR3GATE        equ	662	;# 
   737     0297                     T3CLK           equ	663	;# 
   738     0297                     TMR3CLK         equ	663	;# 
   739     030C                     T2TMR           equ	780	;# 
   740     030C                     TMR2            equ	780	;# 
   741     030D                     T2PR            equ	781	;# 
   742     030D                     PR2             equ	781	;# 
   743     030E                     T2CON           equ	782	;# 
   744     030F                     T2HLT           equ	783	;# 
   745     0310                     T2CLKCON        equ	784	;# 
   746     0310                     T2CLK           equ	784	;# 
   747     0311                     T2RST           equ	785	;# 
   748     0312                     T4TMR           equ	786	;# 
   749     0312                     TMR4            equ	786	;# 
   750     0313                     T4PR            equ	787	;# 
   751     0313                     PR4             equ	787	;# 
   752     0314                     T4CON           equ	788	;# 
   753     0315                     T4HLT           equ	789	;# 
   754     0316                     T4CLKCON        equ	790	;# 
   755     0316                     T4CLK           equ	790	;# 
   756     0317                     T4RST           equ	791	;# 
   757     0318                     T6TMR           equ	792	;# 
   758     0318                     TMR6            equ	792	;# 
   759     0319                     T6PR            equ	793	;# 
   760     0319                     PR6             equ	793	;# 
   761     031A                     T6CON           equ	794	;# 
   762     031B                     T6HLT           equ	795	;# 
   763     031C                     T6CLKCON        equ	796	;# 
   764     031C                     T6CLK           equ	796	;# 
   765     031D                     T6RST           equ	797	;# 
   766     038C                     CCPR1           equ	908	;# 
   767     038C                     CCPR1L          equ	908	;# 
   768     038D                     CCPR1H          equ	909	;# 
   769     038E                     CCP1CON         equ	910	;# 
   770     038F                     CCP1CAP         equ	911	;# 
   771     0390                     CCPR2           equ	912	;# 
   772     0390                     CCPR2L          equ	912	;# 
   773     0391                     CCPR2H          equ	913	;# 
   774     0392                     CCP2CON         equ	914	;# 
   775     0393                     CCP2CAP         equ	915	;# 
   776     039F                     CCPTMRS0        equ	927	;# 
   777     040C                     PWM3DC          equ	1036	;# 
   778     040C                     PWM3DCL         equ	1036	;# 
   779     040D                     PWM3DCH         equ	1037	;# 
   780     040E                     PWM3CON         equ	1038	;# 
   781     040F                     PWM4DC          equ	1039	;# 
   782     040F                     PWM4DCL         equ	1039	;# 
   783     0410                     PWM4DCH         equ	1040	;# 
   784     0411                     PWM4CON         equ	1041	;# 
   785     0412                     PWM5DC          equ	1042	;# 
   786     0412                     PWM5DCL         equ	1042	;# 
   787     0413                     PWM5DCH         equ	1043	;# 
   788     0414                     PWM5CON         equ	1044	;# 
   789     041F                     PWMTMRS0        equ	1055	;# 
   790     048C                     NCO1ACC         equ	1164	;# 
   791     048C                     NCO1ACCL        equ	1164	;# 
   792     048D                     NCO1ACCH        equ	1165	;# 
   793     048E                     NCO1ACCU        equ	1166	;# 
   794     048F                     NCO1INC         equ	1167	;# 
   795     048F                     NCO1INCL        equ	1167	;# 
   796     0490                     NCO1INCH        equ	1168	;# 
   797     0491                     NCO1INCU        equ	1169	;# 
   798     0492                     NCO1CON         equ	1170	;# 
   799     0493                     NCO1CLK         equ	1171	;# 
   800     050C                     CWG1CLK         equ	1292	;# 
   801     050C                     CWG1CLKCON      equ	1292	;# 
   802     050D                     CWG1ISM         equ	1293	;# 
   803     050D                     CWG1DAT         equ	1293	;# 
   804     050E                     CWG1DBR         equ	1294	;# 
   805     050F                     CWG1DBF         equ	1295	;# 
   806     0510                     CWG1CON0        equ	1296	;# 
   807     0511                     CWG1CON1        equ	1297	;# 
   808     0512                     CWG1AS0         equ	1298	;# 
   809     0513                     CWG1AS1         equ	1299	;# 
   810     0514                     CWG1STR         equ	1300	;# 
   811     058C                     CLCnCON         equ	1420	;# 
   812     058D                     CLCnPOL         equ	1421	;# 
   813     058E                     CLCnSEL0        equ	1422	;# 
   814     058F                     CLCnSEL1        equ	1423	;# 
   815     0590                     CLCnSEL2        equ	1424	;# 
   816     0591                     CLCnSEL3        equ	1425	;# 
   817     0592                     CLCnGLS0        equ	1426	;# 
   818     0593                     CLCnGLS1        equ	1427	;# 
   819     0594                     CLCnGLS2        equ	1428	;# 
   820     0595                     CLCnGLS3        equ	1429	;# 
   821     0596                     CLCSELECT       equ	1430	;# 
   822     0597                     CLCDATA         equ	1431	;# 
   823     060C                     RC1REG          equ	1548	;# 
   824     060D                     TX1REG          equ	1549	;# 
   825     060E                     SP1BRG          equ	1550	;# 
   826     060E                     SP1BRGL         equ	1550	;# 
   827     060F                     SP1BRGH         equ	1551	;# 
   828     0610                     RC1STA          equ	1552	;# 
   829     0611                     TX1STA          equ	1553	;# 
   830     0612                     BAUD1CON        equ	1554	;# 
   831     0616                     RC2REG          equ	1558	;# 
   832     0617                     TX2REG          equ	1559	;# 
   833     0618                     SP2BRG          equ	1560	;# 
   834     0618                     SP2BRGL         equ	1560	;# 
   835     0619                     SP2BRGH         equ	1561	;# 
   836     061A                     RC2STA          equ	1562	;# 
   837     061B                     TX2STA          equ	1563	;# 
   838     061C                     BAUD2CON        equ	1564	;# 
   839     068C                     SSP1BUF         equ	1676	;# 
   840     068D                     SSP1ADD         equ	1677	;# 
   841     068E                     SSP1MSK         equ	1678	;# 
   842     068F                     SSP1STAT        equ	1679	;# 
   843     0690                     SSP1CON1        equ	1680	;# 
   844     0691                     SSP1CON2        equ	1681	;# 
   845     0692                     SSP1CON3        equ	1682	;# 
   846     0696                     SSP2BUF         equ	1686	;# 
   847     0697                     SSP2ADD         equ	1687	;# 
   848     0698                     SSP2MSK         equ	1688	;# 
   849     0699                     SSP2STAT        equ	1689	;# 
   850     069A                     SSP2CON1        equ	1690	;# 
   851     069B                     SSP2CON2        equ	1691	;# 
   852     069C                     SSP2CON3        equ	1692	;# 
   853     100C                     FVRCON          equ	4108	;# 
   854     100D                     CPCON           equ	4109	;# 
   855     101F                     ZCDCON          equ	4127	;# 
   856     108C                     CM1CON0         equ	4236	;# 
   857     108D                     CM1CON1         equ	4237	;# 
   858     108E                     CM1NCH          equ	4238	;# 
   859     108F                     CM1PCH          equ	4239	;# 
   860     109F                     CMOUT           equ	4255	;# 
   861     109F                     CMSTAT          equ	4255	;# 
   862     110C                     DAC1CON         equ	4364	;# 
   863     110D                     DAC1DATL        equ	4365	;# 
   864     1C8C                     NVMADR          equ	7308	;# 
   865     1C8C                     NVMADRL         equ	7308	;# 
   866     1C8D                     NVMADRH         equ	7309	;# 
   867     1C8E                     NVMDAT          equ	7310	;# 
   868     1C8E                     NVMDATL         equ	7310	;# 
   869     1C8F                     NVMDATH         equ	7311	;# 
   870     1C90                     NVMCON1         equ	7312	;# 
   871     1C91                     NVMCON2         equ	7313	;# 
   872     1D0C                     ADLTH           equ	7436	;# 
   873     1D0C                     ADLTHL          equ	7436	;# 
   874     1D0D                     ADLTHH          equ	7437	;# 
   875     1D0E                     ADUTH           equ	7438	;# 
   876     1D0E                     ADUTHL          equ	7438	;# 
   877     1D0F                     ADUTHH          equ	7439	;# 
   878     1D10                     ADERR           equ	7440	;# 
   879     1D10                     ADERRL          equ	7440	;# 
   880     1D11                     ADERRH          equ	7441	;# 
   881     1D12                     ADSTPT          equ	7442	;# 
   882     1D12                     ADSTPTL         equ	7442	;# 
   883     1D13                     ADSTPTH         equ	7443	;# 
   884     1D14                     ADFLTR          equ	7444	;# 
   885     1D14                     ADFLTRL         equ	7444	;# 
   886     1D15                     ADFLTRH         equ	7445	;# 
   887     1D16                     ADACC           equ	7446	;# 
   888     1D16                     ADACCL          equ	7446	;# 
   889     1D17                     ADACCH          equ	7447	;# 
   890     1D18                     ADACCU          equ	7448	;# 
   891     1D19                     ADCNT           equ	7449	;# 
   892     1D1A                     ADRPT           equ	7450	;# 
   893     1D1B                     ADPREV          equ	7451	;# 
   894     1D1B                     ADPREVL         equ	7451	;# 
   895     1D1C                     ADPREVH         equ	7452	;# 
   896     1D1D                     ADRES           equ	7453	;# 
   897     1D1D                     ADRESL          equ	7453	;# 
   898     1D1E                     ADRESH          equ	7454	;# 
   899     1D1F                     ADPCH           equ	7455	;# 
   900     1D21                     ADACQ           equ	7457	;# 
   901     1D21                     ADACQL          equ	7457	;# 
   902     1D22                     ADACQH          equ	7458	;# 
   903     1D23                     ADCAP           equ	7459	;# 
   904     1D24                     ADPRE           equ	7460	;# 
   905     1D24                     ADPREL          equ	7460	;# 
   906     1D25                     ADPREH          equ	7461	;# 
   907     1D26                     ADCON0          equ	7462	;# 
   908     1D27                     ADCON1          equ	7463	;# 
   909     1D28                     ADCON2          equ	7464	;# 
   910     1D29                     ADCON3          equ	7465	;# 
   911     1D2A                     ADSTAT          equ	7466	;# 
   912     1D2B                     ADREF           equ	7467	;# 
   913     1D2C                     ADACT           equ	7468	;# 
   914     1D2D                     ADCLK           equ	7469	;# 
   915     1D2E                     ADCG1A          equ	7470	;# 
   916     1D8C                     RA0PPS          equ	7564	;# 
   917     1D8D                     RA1PPS          equ	7565	;# 
   918     1D8E                     RA2PPS          equ	7566	;# 
   919     1D90                     RA4PPS          equ	7568	;# 
   920     1D91                     RA5PPS          equ	7569	;# 
   921     1E0C                     PPSLOCK         equ	7692	;# 
   922     1E0D                     INTPPS          equ	7693	;# 
   923     1E0E                     T0CKIPPS        equ	7694	;# 
   924     1E0F                     T1CKIPPS        equ	7695	;# 
   925     1E10                     T1GPPS          equ	7696	;# 
   926     1E11                     T3CKIPPS        equ	7697	;# 
   927     1E12                     T3GPPS          equ	7698	;# 
   928     1E19                     T2INPPS         equ	7705	;# 
   929     1E1A                     T4INPPS         equ	7706	;# 
   930     1E1B                     T6INPPS         equ	7707	;# 
   931     1E1E                     CCP1PPS         equ	7710	;# 
   932     1E1F                     CCP2PPS         equ	7711	;# 
   933     1E39                     CWG1PPS         equ	7737	;# 
   934     1E3D                     CLCIN0PPS       equ	7741	;# 
   935     1E3E                     CLCIN1PPS       equ	7742	;# 
   936     1E3F                     CLCIN2PPS       equ	7743	;# 
   937     1E40                     CLCIN3PPS       equ	7744	;# 
   938     1E41                     RX1PPS          equ	7745	;# 
   939     1E41                     RX1DTPPS        equ	7745	;# 
   940     1E42                     CK1PPS          equ	7746	;# 
   941     1E42                     TX1CKPPS        equ	7746	;# 
   942     1E43                     RX2PPS          equ	7747	;# 
   943     1E43                     RX2DTPPS        equ	7747	;# 
   944     1E44                     CK2PPS          equ	7748	;# 
   945     1E44                     TX2CKPPS        equ	7748	;# 
   946     1E47                     SSP1CLKPPS      equ	7751	;# 
   947     1E48                     SSP1DATPPS      equ	7752	;# 
   948     1E49                     SSP1SSPPS       equ	7753	;# 
   949     1E4A                     SSP2CLKPPS      equ	7754	;# 
   950     1E4B                     SSP2DATPPS      equ	7755	;# 
   951     1E4C                     SSP2SSPPS       equ	7756	;# 
   952     1E50                     ADACTPPS        equ	7760	;# 
   953     1E8C                     ANSELA          equ	7820	;# 
   954     1E8D                     WPUA            equ	7821	;# 
   955     1E8E                     ODCONA          equ	7822	;# 
   956     1E8F                     SLRCONA         equ	7823	;# 
   957     1E90                     INLVLA          equ	7824	;# 
   958     1E91                     IOCAP           equ	7825	;# 
   959     1E92                     IOCAN           equ	7826	;# 
   960     1E93                     IOCAF           equ	7827	;# 
   961     1EE1                     RA1I2C          equ	7905	;# 
   962     1EE2                     RA2I2C          equ	7906	;# 
   963     1F0C                     UMTOAP          equ	7948	;# 
   964     1F0D                     UMTOAL          equ	7949	;# 
   965     1F0E                     UMTOAH          equ	7950	;# 
   966     1FE4                     STATUS_SHAD     equ	8164	;# 
   967     1FE5                     WREG_SHAD       equ	8165	;# 
   968     1FE6                     BSR_SHAD        equ	8166	;# 
   969     1FE7                     PCLATH_SHAD     equ	8167	;# 
   970     1FE8                     FSR0_SHAD       equ	8168	;# 
   971     1FE8                     FSR0L_SHAD      equ	8168	;# 
   972     1FE9                     FSR0H_SHAD      equ	8169	;# 
   973     1FEA                     FSR1_SHAD       equ	8170	;# 
   974     1FEA                     FSR1L_SHAD      equ	8170	;# 
   975     1FEB                     FSR1H_SHAD      equ	8171	;# 
   976     1FED                     STKPTR          equ	8173	;# 
   977     1FEE                     TOSL            equ	8174	;# 
   978     1FEF                     TOSH            equ	8175	;# 
   979     0000                     INDF0           equ	0	;# 
   980     0001                     INDF1           equ	1	;# 
   981     0002                     PCL             equ	2	;# 
   982     0003                     STATUS          equ	3	;# 
   983     0004                     FSR0L           equ	4	;# 
   984     0005                     FSR0H           equ	5	;# 
   985     0006                     FSR1L           equ	6	;# 
   986     0007                     FSR1H           equ	7	;# 
   987     0008                     BSR             equ	8	;# 
   988     0009                     WREG            equ	9	;# 
   989     000A                     PCLATH          equ	10	;# 
   990     000B                     INTCON          equ	11	;# 
   991     000C                     PORTA           equ	12	;# 
   992     0012                     TRISA           equ	18	;# 
   993     0018                     LATA            equ	24	;# 
   994     008C                     PIR0            equ	140	;# 
   995     008D                     PIR1            equ	141	;# 
   996     008E                     PIR2            equ	142	;# 
   997     008F                     PIR3            equ	143	;# 
   998     0090                     PIR4            equ	144	;# 
   999     0096                     PIE0            equ	150	;# 
  1000     0097                     PIE1            equ	151	;# 
  1001     0098                     PIE2            equ	152	;# 
  1002     0099                     PIE3            equ	153	;# 
  1003     009A                     PIE4            equ	154	;# 
  1004     018C                     WDTCON          equ	396	;# 
  1005     018D                     BORCON          equ	397	;# 
  1006     018E                     PCON0           equ	398	;# 
  1007     018F                     PCON1           equ	399	;# 
  1008     019C                     TMR0L           equ	412	;# 
  1009     019C                     TMR0            equ	412	;# 
  1010     019D                     TMR0H           equ	413	;# 
  1011     019D                     PR0             equ	413	;# 
  1012     019E                     T0CON0          equ	414	;# 
  1013     019F                     T0CON1          equ	415	;# 
  1014     020E                     OSCCON2         equ	526	;# 
  1015     020F                     OSCCON3         equ	527	;# 
  1016     0210                     OSCSTAT         equ	528	;# 
  1017     0211                     OSCEN           equ	529	;# 
  1018     0212                     OSCTUNE         equ	530	;# 
  1019     0213                     OSCFRQ          equ	531	;# 
  1020     0214                     ACTCON          equ	532	;# 
  1021     028C                     TMR1            equ	652	;# 
  1022     028C                     TMR1L           equ	652	;# 
  1023     028D                     TMR1H           equ	653	;# 
  1024     028E                     T1CON           equ	654	;# 
  1025     028F                     T1GCON          equ	655	;# 
  1026     028F                     PR1             equ	655	;# 
  1027     0290                     T1GATE          equ	656	;# 
  1028     0290                     TMR1GATE        equ	656	;# 
  1029     0291                     T1CLK           equ	657	;# 
  1030     0291                     TMR1CLK         equ	657	;# 
  1031     0292                     TMR3            equ	658	;# 
  1032     0292                     TMR3L           equ	658	;# 
  1033     0293                     TMR3H           equ	659	;# 
  1034     0294                     T3CON           equ	660	;# 
  1035     0295                     T3GCON          equ	661	;# 
  1036     0295                     PR3             equ	661	;# 
  1037     0296                     T3GATE          equ	662	;# 
  1038     0296                     TMR3GATE        equ	662	;# 
  1039     0297                     T3CLK           equ	663	;# 
  1040     0297                     TMR3CLK         equ	663	;# 
  1041     030C                     T2TMR           equ	780	;# 
  1042     030C                     TMR2            equ	780	;# 
  1043     030D                     T2PR            equ	781	;# 
  1044     030D                     PR2             equ	781	;# 
  1045     030E                     T2CON           equ	782	;# 
  1046     030F                     T2HLT           equ	783	;# 
  1047     0310                     T2CLKCON        equ	784	;# 
  1048     0310                     T2CLK           equ	784	;# 
  1049     0311                     T2RST           equ	785	;# 
  1050     0312                     T4TMR           equ	786	;# 
  1051     0312                     TMR4            equ	786	;# 
  1052     0313                     T4PR            equ	787	;# 
  1053     0313                     PR4             equ	787	;# 
  1054     0314                     T4CON           equ	788	;# 
  1055     0315                     T4HLT           equ	789	;# 
  1056     0316                     T4CLKCON        equ	790	;# 
  1057     0316                     T4CLK           equ	790	;# 
  1058     0317                     T4RST           equ	791	;# 
  1059     0318                     T6TMR           equ	792	;# 
  1060     0318                     TMR6            equ	792	;# 
  1061     0319                     T6PR            equ	793	;# 
  1062     0319                     PR6             equ	793	;# 
  1063     031A                     T6CON           equ	794	;# 
  1064     031B                     T6HLT           equ	795	;# 
  1065     031C                     T6CLKCON        equ	796	;# 
  1066     031C                     T6CLK           equ	796	;# 
  1067     031D                     T6RST           equ	797	;# 
  1068     038C                     CCPR1           equ	908	;# 
  1069     038C                     CCPR1L          equ	908	;# 
  1070     038D                     CCPR1H          equ	909	;# 
  1071     038E                     CCP1CON         equ	910	;# 
  1072     038F                     CCP1CAP         equ	911	;# 
  1073     0390                     CCPR2           equ	912	;# 
  1074     0390                     CCPR2L          equ	912	;# 
  1075     0391                     CCPR2H          equ	913	;# 
  1076     0392                     CCP2CON         equ	914	;# 
  1077     0393                     CCP2CAP         equ	915	;# 
  1078     039F                     CCPTMRS0        equ	927	;# 
  1079     040C                     PWM3DC          equ	1036	;# 
  1080     040C                     PWM3DCL         equ	1036	;# 
  1081     040D                     PWM3DCH         equ	1037	;# 
  1082     040E                     PWM3CON         equ	1038	;# 
  1083     040F                     PWM4DC          equ	1039	;# 
  1084     040F                     PWM4DCL         equ	1039	;# 
  1085     0410                     PWM4DCH         equ	1040	;# 
  1086     0411                     PWM4CON         equ	1041	;# 
  1087     0412                     PWM5DC          equ	1042	;# 
  1088     0412                     PWM5DCL         equ	1042	;# 
  1089     0413                     PWM5DCH         equ	1043	;# 
  1090     0414                     PWM5CON         equ	1044	;# 
  1091     041F                     PWMTMRS0        equ	1055	;# 
  1092     048C                     NCO1ACC         equ	1164	;# 
  1093     048C                     NCO1ACCL        equ	1164	;# 
  1094     048D                     NCO1ACCH        equ	1165	;# 
  1095     048E                     NCO1ACCU        equ	1166	;# 
  1096     048F                     NCO1INC         equ	1167	;# 
  1097     048F                     NCO1INCL        equ	1167	;# 
  1098     0490                     NCO1INCH        equ	1168	;# 
  1099     0491                     NCO1INCU        equ	1169	;# 
  1100     0492                     NCO1CON         equ	1170	;# 
  1101     0493                     NCO1CLK         equ	1171	;# 
  1102     050C                     CWG1CLK         equ	1292	;# 
  1103     050C                     CWG1CLKCON      equ	1292	;# 
  1104     050D                     CWG1ISM         equ	1293	;# 
  1105     050D                     CWG1DAT         equ	1293	;# 
  1106     050E                     CWG1DBR         equ	1294	;# 
  1107     050F                     CWG1DBF         equ	1295	;# 
  1108     0510                     CWG1CON0        equ	1296	;# 
  1109     0511                     CWG1CON1        equ	1297	;# 
  1110     0512                     CWG1AS0         equ	1298	;# 
  1111     0513                     CWG1AS1         equ	1299	;# 
  1112     0514                     CWG1STR         equ	1300	;# 
  1113     058C                     CLCnCON         equ	1420	;# 
  1114     058D                     CLCnPOL         equ	1421	;# 
  1115     058E                     CLCnSEL0        equ	1422	;# 
  1116     058F                     CLCnSEL1        equ	1423	;# 
  1117     0590                     CLCnSEL2        equ	1424	;# 
  1118     0591                     CLCnSEL3        equ	1425	;# 
  1119     0592                     CLCnGLS0        equ	1426	;# 
  1120     0593                     CLCnGLS1        equ	1427	;# 
  1121     0594                     CLCnGLS2        equ	1428	;# 
  1122     0595                     CLCnGLS3        equ	1429	;# 
  1123     0596                     CLCSELECT       equ	1430	;# 
  1124     0597                     CLCDATA         equ	1431	;# 
  1125     060C                     RC1REG          equ	1548	;# 
  1126     060D                     TX1REG          equ	1549	;# 
  1127     060E                     SP1BRG          equ	1550	;# 
  1128     060E                     SP1BRGL         equ	1550	;# 
  1129     060F                     SP1BRGH         equ	1551	;# 
  1130     0610                     RC1STA          equ	1552	;# 
  1131     0611                     TX1STA          equ	1553	;# 
  1132     0612                     BAUD1CON        equ	1554	;# 
  1133     0616                     RC2REG          equ	1558	;# 
  1134     0617                     TX2REG          equ	1559	;# 
  1135     0618                     SP2BRG          equ	1560	;# 
  1136     0618                     SP2BRGL         equ	1560	;# 
  1137     0619                     SP2BRGH         equ	1561	;# 
  1138     061A                     RC2STA          equ	1562	;# 
  1139     061B                     TX2STA          equ	1563	;# 
  1140     061C                     BAUD2CON        equ	1564	;# 
  1141     068C                     SSP1BUF         equ	1676	;# 
  1142     068D                     SSP1ADD         equ	1677	;# 
  1143     068E                     SSP1MSK         equ	1678	;# 
  1144     068F                     SSP1STAT        equ	1679	;# 
  1145     0690                     SSP1CON1        equ	1680	;# 
  1146     0691                     SSP1CON2        equ	1681	;# 
  1147     0692                     SSP1CON3        equ	1682	;# 
  1148     0696                     SSP2BUF         equ	1686	;# 
  1149     0697                     SSP2ADD         equ	1687	;# 
  1150     0698                     SSP2MSK         equ	1688	;# 
  1151     0699                     SSP2STAT        equ	1689	;# 
  1152     069A                     SSP2CON1        equ	1690	;# 
  1153     069B                     SSP2CON2        equ	1691	;# 
  1154     069C                     SSP2CON3        equ	1692	;# 
  1155     100C                     FVRCON          equ	4108	;# 
  1156     100D                     CPCON           equ	4109	;# 
  1157     101F                     ZCDCON          equ	4127	;# 
  1158     108C                     CM1CON0         equ	4236	;# 
  1159     108D                     CM1CON1         equ	4237	;# 
  1160     108E                     CM1NCH          equ	4238	;# 
  1161     108F                     CM1PCH          equ	4239	;# 
  1162     109F                     CMOUT           equ	4255	;# 
  1163     109F                     CMSTAT          equ	4255	;# 
  1164     110C                     DAC1CON         equ	4364	;# 
  1165     110D                     DAC1DATL        equ	4365	;# 
  1166     1C8C                     NVMADR          equ	7308	;# 
  1167     1C8C                     NVMADRL         equ	7308	;# 
  1168     1C8D                     NVMADRH         equ	7309	;# 
  1169     1C8E                     NVMDAT          equ	7310	;# 
  1170     1C8E                     NVMDATL         equ	7310	;# 
  1171     1C8F                     NVMDATH         equ	7311	;# 
  1172     1C90                     NVMCON1         equ	7312	;# 
  1173     1C91                     NVMCON2         equ	7313	;# 
  1174     1D0C                     ADLTH           equ	7436	;# 
  1175     1D0C                     ADLTHL          equ	7436	;# 
  1176     1D0D                     ADLTHH          equ	7437	;# 
  1177     1D0E                     ADUTH           equ	7438	;# 
  1178     1D0E                     ADUTHL          equ	7438	;# 
  1179     1D0F                     ADUTHH          equ	7439	;# 
  1180     1D10                     ADERR           equ	7440	;# 
  1181     1D10                     ADERRL          equ	7440	;# 
  1182     1D11                     ADERRH          equ	7441	;# 
  1183     1D12                     ADSTPT          equ	7442	;# 
  1184     1D12                     ADSTPTL         equ	7442	;# 
  1185     1D13                     ADSTPTH         equ	7443	;# 
  1186     1D14                     ADFLTR          equ	7444	;# 
  1187     1D14                     ADFLTRL         equ	7444	;# 
  1188     1D15                     ADFLTRH         equ	7445	;# 
  1189     1D16                     ADACC           equ	7446	;# 
  1190     1D16                     ADACCL          equ	7446	;# 
  1191     1D17                     ADACCH          equ	7447	;# 
  1192     1D18                     ADACCU          equ	7448	;# 
  1193     1D19                     ADCNT           equ	7449	;# 
  1194     1D1A                     ADRPT           equ	7450	;# 
  1195     1D1B                     ADPREV          equ	7451	;# 
  1196     1D1B                     ADPREVL         equ	7451	;# 
  1197     1D1C                     ADPREVH         equ	7452	;# 
  1198     1D1D                     ADRES           equ	7453	;# 
  1199     1D1D                     ADRESL          equ	7453	;# 
  1200     1D1E                     ADRESH          equ	7454	;# 
  1201     1D1F                     ADPCH           equ	7455	;# 
  1202     1D21                     ADACQ           equ	7457	;# 
  1203     1D21                     ADACQL          equ	7457	;# 
  1204     1D22                     ADACQH          equ	7458	;# 
  1205     1D23                     ADCAP           equ	7459	;# 
  1206     1D24                     ADPRE           equ	7460	;# 
  1207     1D24                     ADPREL          equ	7460	;# 
  1208     1D25                     ADPREH          equ	7461	;# 
  1209     1D26                     ADCON0          equ	7462	;# 
  1210     1D27                     ADCON1          equ	7463	;# 
  1211     1D28                     ADCON2          equ	7464	;# 
  1212     1D29                     ADCON3          equ	7465	;# 
  1213     1D2A                     ADSTAT          equ	7466	;# 
  1214     1D2B                     ADREF           equ	7467	;# 
  1215     1D2C                     ADACT           equ	7468	;# 
  1216     1D2D                     ADCLK           equ	7469	;# 
  1217     1D2E                     ADCG1A          equ	7470	;# 
  1218     1D8C                     RA0PPS          equ	7564	;# 
  1219     1D8D                     RA1PPS          equ	7565	;# 
  1220     1D8E                     RA2PPS          equ	7566	;# 
  1221     1D90                     RA4PPS          equ	7568	;# 
  1222     1D91                     RA5PPS          equ	7569	;# 
  1223     1E0C                     PPSLOCK         equ	7692	;# 
  1224     1E0D                     INTPPS          equ	7693	;# 
  1225     1E0E                     T0CKIPPS        equ	7694	;# 
  1226     1E0F                     T1CKIPPS        equ	7695	;# 
  1227     1E10                     T1GPPS          equ	7696	;# 
  1228     1E11                     T3CKIPPS        equ	7697	;# 
  1229     1E12                     T3GPPS          equ	7698	;# 
  1230     1E19                     T2INPPS         equ	7705	;# 
  1231     1E1A                     T4INPPS         equ	7706	;# 
  1232     1E1B                     T6INPPS         equ	7707	;# 
  1233     1E1E                     CCP1PPS         equ	7710	;# 
  1234     1E1F                     CCP2PPS         equ	7711	;# 
  1235     1E39                     CWG1PPS         equ	7737	;# 
  1236     1E3D                     CLCIN0PPS       equ	7741	;# 
  1237     1E3E                     CLCIN1PPS       equ	7742	;# 
  1238     1E3F                     CLCIN2PPS       equ	7743	;# 
  1239     1E40                     CLCIN3PPS       equ	7744	;# 
  1240     1E41                     RX1PPS          equ	7745	;# 
  1241     1E41                     RX1DTPPS        equ	7745	;# 
  1242     1E42                     CK1PPS          equ	7746	;# 
  1243     1E42                     TX1CKPPS        equ	7746	;# 
  1244     1E43                     RX2PPS          equ	7747	;# 
  1245     1E43                     RX2DTPPS        equ	7747	;# 
  1246     1E44                     CK2PPS          equ	7748	;# 
  1247     1E44                     TX2CKPPS        equ	7748	;# 
  1248     1E47                     SSP1CLKPPS      equ	7751	;# 
  1249     1E48                     SSP1DATPPS      equ	7752	;# 
  1250     1E49                     SSP1SSPPS       equ	7753	;# 
  1251     1E4A                     SSP2CLKPPS      equ	7754	;# 
  1252     1E4B                     SSP2DATPPS      equ	7755	;# 
  1253     1E4C                     SSP2SSPPS       equ	7756	;# 
  1254     1E50                     ADACTPPS        equ	7760	;# 
  1255     1E8C                     ANSELA          equ	7820	;# 
  1256     1E8D                     WPUA            equ	7821	;# 
  1257     1E8E                     ODCONA          equ	7822	;# 
  1258     1E8F                     SLRCONA         equ	7823	;# 
  1259     1E90                     INLVLA          equ	7824	;# 
  1260     1E91                     IOCAP           equ	7825	;# 
  1261     1E92                     IOCAN           equ	7826	;# 
  1262     1E93                     IOCAF           equ	7827	;# 
  1263     1EE1                     RA1I2C          equ	7905	;# 
  1264     1EE2                     RA2I2C          equ	7906	;# 
  1265     1F0C                     UMTOAP          equ	7948	;# 
  1266     1F0D                     UMTOAL          equ	7949	;# 
  1267     1F0E                     UMTOAH          equ	7950	;# 
  1268     1FE4                     STATUS_SHAD     equ	8164	;# 
  1269     1FE5                     WREG_SHAD       equ	8165	;# 
  1270     1FE6                     BSR_SHAD        equ	8166	;# 
  1271     1FE7                     PCLATH_SHAD     equ	8167	;# 
  1272     1FE8                     FSR0_SHAD       equ	8168	;# 
  1273     1FE8                     FSR0L_SHAD      equ	8168	;# 
  1274     1FE9                     FSR0H_SHAD      equ	8169	;# 
  1275     1FEA                     FSR1_SHAD       equ	8170	;# 
  1276     1FEA                     FSR1L_SHAD      equ	8170	;# 
  1277     1FEB                     FSR1H_SHAD      equ	8171	;# 
  1278     1FED                     STKPTR          equ	8173	;# 
  1279     1FEE                     TOSL            equ	8174	;# 
  1280     1FEF                     TOSH            equ	8175	;# 
  1281     0000                     INDF0           equ	0	;# 
  1282     0001                     INDF1           equ	1	;# 
  1283     0002                     PCL             equ	2	;# 
  1284     0003                     STATUS          equ	3	;# 
  1285     0004                     FSR0L           equ	4	;# 
  1286     0005                     FSR0H           equ	5	;# 
  1287     0006                     FSR1L           equ	6	;# 
  1288     0007                     FSR1H           equ	7	;# 
  1289     0008                     BSR             equ	8	;# 
  1290     0009                     WREG            equ	9	;# 
  1291     000A                     PCLATH          equ	10	;# 
  1292     000B                     INTCON          equ	11	;# 
  1293     000C                     PORTA           equ	12	;# 
  1294     0012                     TRISA           equ	18	;# 
  1295     0018                     LATA            equ	24	;# 
  1296     008C                     PIR0            equ	140	;# 
  1297     008D                     PIR1            equ	141	;# 
  1298     008E                     PIR2            equ	142	;# 
  1299     008F                     PIR3            equ	143	;# 
  1300     0090                     PIR4            equ	144	;# 
  1301     0096                     PIE0            equ	150	;# 
  1302     0097                     PIE1            equ	151	;# 
  1303     0098                     PIE2            equ	152	;# 
  1304     0099                     PIE3            equ	153	;# 
  1305     009A                     PIE4            equ	154	;# 
  1306     018C                     WDTCON          equ	396	;# 
  1307     018D                     BORCON          equ	397	;# 
  1308     018E                     PCON0           equ	398	;# 
  1309     018F                     PCON1           equ	399	;# 
  1310     019C                     TMR0L           equ	412	;# 
  1311     019C                     TMR0            equ	412	;# 
  1312     019D                     TMR0H           equ	413	;# 
  1313     019D                     PR0             equ	413	;# 
  1314     019E                     T0CON0          equ	414	;# 
  1315     019F                     T0CON1          equ	415	;# 
  1316     020E                     OSCCON2         equ	526	;# 
  1317     020F                     OSCCON3         equ	527	;# 
  1318     0210                     OSCSTAT         equ	528	;# 
  1319     0211                     OSCEN           equ	529	;# 
  1320     0212                     OSCTUNE         equ	530	;# 
  1321     0213                     OSCFRQ          equ	531	;# 
  1322     0214                     ACTCON          equ	532	;# 
  1323     028C                     TMR1            equ	652	;# 
  1324     028C                     TMR1L           equ	652	;# 
  1325     028D                     TMR1H           equ	653	;# 
  1326     028E                     T1CON           equ	654	;# 
  1327     028F                     T1GCON          equ	655	;# 
  1328     028F                     PR1             equ	655	;# 
  1329     0290                     T1GATE          equ	656	;# 
  1330     0290                     TMR1GATE        equ	656	;# 
  1331     0291                     T1CLK           equ	657	;# 
  1332     0291                     TMR1CLK         equ	657	;# 
  1333     0292                     TMR3            equ	658	;# 
  1334     0292                     TMR3L           equ	658	;# 
  1335     0293                     TMR3H           equ	659	;# 
  1336     0294                     T3CON           equ	660	;# 
  1337     0295                     T3GCON          equ	661	;# 
  1338     0295                     PR3             equ	661	;# 
  1339     0296                     T3GATE          equ	662	;# 
  1340     0296                     TMR3GATE        equ	662	;# 
  1341     0297                     T3CLK           equ	663	;# 
  1342     0297                     TMR3CLK         equ	663	;# 
  1343     030C                     T2TMR           equ	780	;# 
  1344     030C                     TMR2            equ	780	;# 
  1345     030D                     T2PR            equ	781	;# 
  1346     030D                     PR2             equ	781	;# 
  1347     030E                     T2CON           equ	782	;# 
  1348     030F                     T2HLT           equ	783	;# 
  1349     0310                     T2CLKCON        equ	784	;# 
  1350     0310                     T2CLK           equ	784	;# 
  1351     0311                     T2RST           equ	785	;# 
  1352     0312                     T4TMR           equ	786	;# 
  1353     0312                     TMR4            equ	786	;# 
  1354     0313                     T4PR            equ	787	;# 
  1355     0313                     PR4             equ	787	;# 
  1356     0314                     T4CON           equ	788	;# 
  1357     0315                     T4HLT           equ	789	;# 
  1358     0316                     T4CLKCON        equ	790	;# 
  1359     0316                     T4CLK           equ	790	;# 
  1360     0317                     T4RST           equ	791	;# 
  1361     0318                     T6TMR           equ	792	;# 
  1362     0318                     TMR6            equ	792	;# 
  1363     0319                     T6PR            equ	793	;# 
  1364     0319                     PR6             equ	793	;# 
  1365     031A                     T6CON           equ	794	;# 
  1366     031B                     T6HLT           equ	795	;# 
  1367     031C                     T6CLKCON        equ	796	;# 
  1368     031C                     T6CLK           equ	796	;# 
  1369     031D                     T6RST           equ	797	;# 
  1370     038C                     CCPR1           equ	908	;# 
  1371     038C                     CCPR1L          equ	908	;# 
  1372     038D                     CCPR1H          equ	909	;# 
  1373     038E                     CCP1CON         equ	910	;# 
  1374     038F                     CCP1CAP         equ	911	;# 
  1375     0390                     CCPR2           equ	912	;# 
  1376     0390                     CCPR2L          equ	912	;# 
  1377     0391                     CCPR2H          equ	913	;# 
  1378     0392                     CCP2CON         equ	914	;# 
  1379     0393                     CCP2CAP         equ	915	;# 
  1380     039F                     CCPTMRS0        equ	927	;# 
  1381     040C                     PWM3DC          equ	1036	;# 
  1382     040C                     PWM3DCL         equ	1036	;# 
  1383     040D                     PWM3DCH         equ	1037	;# 
  1384     040E                     PWM3CON         equ	1038	;# 
  1385     040F                     PWM4DC          equ	1039	;# 
  1386     040F                     PWM4DCL         equ	1039	;# 
  1387     0410                     PWM4DCH         equ	1040	;# 
  1388     0411                     PWM4CON         equ	1041	;# 
  1389     0412                     PWM5DC          equ	1042	;# 
  1390     0412                     PWM5DCL         equ	1042	;# 
  1391     0413                     PWM5DCH         equ	1043	;# 
  1392     0414                     PWM5CON         equ	1044	;# 
  1393     041F                     PWMTMRS0        equ	1055	;# 
  1394     048C                     NCO1ACC         equ	1164	;# 
  1395     048C                     NCO1ACCL        equ	1164	;# 
  1396     048D                     NCO1ACCH        equ	1165	;# 
  1397     048E                     NCO1ACCU        equ	1166	;# 
  1398     048F                     NCO1INC         equ	1167	;# 
  1399     048F                     NCO1INCL        equ	1167	;# 
  1400     0490                     NCO1INCH        equ	1168	;# 
  1401     0491                     NCO1INCU        equ	1169	;# 
  1402     0492                     NCO1CON         equ	1170	;# 
  1403     0493                     NCO1CLK         equ	1171	;# 
  1404     050C                     CWG1CLK         equ	1292	;# 
  1405     050C                     CWG1CLKCON      equ	1292	;# 
  1406     050D                     CWG1ISM         equ	1293	;# 
  1407     050D                     CWG1DAT         equ	1293	;# 
  1408     050E                     CWG1DBR         equ	1294	;# 
  1409     050F                     CWG1DBF         equ	1295	;# 
  1410     0510                     CWG1CON0        equ	1296	;# 
  1411     0511                     CWG1CON1        equ	1297	;# 
  1412     0512                     CWG1AS0         equ	1298	;# 
  1413     0513                     CWG1AS1         equ	1299	;# 
  1414     0514                     CWG1STR         equ	1300	;# 
  1415     058C                     CLCnCON         equ	1420	;# 
  1416     058D                     CLCnPOL         equ	1421	;# 
  1417     058E                     CLCnSEL0        equ	1422	;# 
  1418     058F                     CLCnSEL1        equ	1423	;# 
  1419     0590                     CLCnSEL2        equ	1424	;# 
  1420     0591                     CLCnSEL3        equ	1425	;# 
  1421     0592                     CLCnGLS0        equ	1426	;# 
  1422     0593                     CLCnGLS1        equ	1427	;# 
  1423     0594                     CLCnGLS2        equ	1428	;# 
  1424     0595                     CLCnGLS3        equ	1429	;# 
  1425     0596                     CLCSELECT       equ	1430	;# 
  1426     0597                     CLCDATA         equ	1431	;# 
  1427     060C                     RC1REG          equ	1548	;# 
  1428     060D                     TX1REG          equ	1549	;# 
  1429     060E                     SP1BRG          equ	1550	;# 
  1430     060E                     SP1BRGL         equ	1550	;# 
  1431     060F                     SP1BRGH         equ	1551	;# 
  1432     0610                     RC1STA          equ	1552	;# 
  1433     0611                     TX1STA          equ	1553	;# 
  1434     0612                     BAUD1CON        equ	1554	;# 
  1435     0616                     RC2REG          equ	1558	;# 
  1436     0617                     TX2REG          equ	1559	;# 
  1437     0618                     SP2BRG          equ	1560	;# 
  1438     0618                     SP2BRGL         equ	1560	;# 
  1439     0619                     SP2BRGH         equ	1561	;# 
  1440     061A                     RC2STA          equ	1562	;# 
  1441     061B                     TX2STA          equ	1563	;# 
  1442     061C                     BAUD2CON        equ	1564	;# 
  1443     068C                     SSP1BUF         equ	1676	;# 
  1444     068D                     SSP1ADD         equ	1677	;# 
  1445     068E                     SSP1MSK         equ	1678	;# 
  1446     068F                     SSP1STAT        equ	1679	;# 
  1447     0690                     SSP1CON1        equ	1680	;# 
  1448     0691                     SSP1CON2        equ	1681	;# 
  1449     0692                     SSP1CON3        equ	1682	;# 
  1450     0696                     SSP2BUF         equ	1686	;# 
  1451     0697                     SSP2ADD         equ	1687	;# 
  1452     0698                     SSP2MSK         equ	1688	;# 
  1453     0699                     SSP2STAT        equ	1689	;# 
  1454     069A                     SSP2CON1        equ	1690	;# 
  1455     069B                     SSP2CON2        equ	1691	;# 
  1456     069C                     SSP2CON3        equ	1692	;# 
  1457     100C                     FVRCON          equ	4108	;# 
  1458     100D                     CPCON           equ	4109	;# 
  1459     101F                     ZCDCON          equ	4127	;# 
  1460     108C                     CM1CON0         equ	4236	;# 
  1461     108D                     CM1CON1         equ	4237	;# 
  1462     108E                     CM1NCH          equ	4238	;# 
  1463     108F                     CM1PCH          equ	4239	;# 
  1464     109F                     CMOUT           equ	4255	;# 
  1465     109F                     CMSTAT          equ	4255	;# 
  1466     110C                     DAC1CON         equ	4364	;# 
  1467     110D                     DAC1DATL        equ	4365	;# 
  1468     1C8C                     NVMADR          equ	7308	;# 
  1469     1C8C                     NVMADRL         equ	7308	;# 
  1470     1C8D                     NVMADRH         equ	7309	;# 
  1471     1C8E                     NVMDAT          equ	7310	;# 
  1472     1C8E                     NVMDATL         equ	7310	;# 
  1473     1C8F                     NVMDATH         equ	7311	;# 
  1474     1C90                     NVMCON1         equ	7312	;# 
  1475     1C91                     NVMCON2         equ	7313	;# 
  1476     1D0C                     ADLTH           equ	7436	;# 
  1477     1D0C                     ADLTHL          equ	7436	;# 
  1478     1D0D                     ADLTHH          equ	7437	;# 
  1479     1D0E                     ADUTH           equ	7438	;# 
  1480     1D0E                     ADUTHL          equ	7438	;# 
  1481     1D0F                     ADUTHH          equ	7439	;# 
  1482     1D10                     ADERR           equ	7440	;# 
  1483     1D10                     ADERRL          equ	7440	;# 
  1484     1D11                     ADERRH          equ	7441	;# 
  1485     1D12                     ADSTPT          equ	7442	;# 
  1486     1D12                     ADSTPTL         equ	7442	;# 
  1487     1D13                     ADSTPTH         equ	7443	;# 
  1488     1D14                     ADFLTR          equ	7444	;# 
  1489     1D14                     ADFLTRL         equ	7444	;# 
  1490     1D15                     ADFLTRH         equ	7445	;# 
  1491     1D16                     ADACC           equ	7446	;# 
  1492     1D16                     ADACCL          equ	7446	;# 
  1493     1D17                     ADACCH          equ	7447	;# 
  1494     1D18                     ADACCU          equ	7448	;# 
  1495     1D19                     ADCNT           equ	7449	;# 
  1496     1D1A                     ADRPT           equ	7450	;# 
  1497     1D1B                     ADPREV          equ	7451	;# 
  1498     1D1B                     ADPREVL         equ	7451	;# 
  1499     1D1C                     ADPREVH         equ	7452	;# 
  1500     1D1D                     ADRES           equ	7453	;# 
  1501     1D1D                     ADRESL          equ	7453	;# 
  1502     1D1E                     ADRESH          equ	7454	;# 
  1503     1D1F                     ADPCH           equ	7455	;# 
  1504     1D21                     ADACQ           equ	7457	;# 
  1505     1D21                     ADACQL          equ	7457	;# 
  1506     1D22                     ADACQH          equ	7458	;# 
  1507     1D23                     ADCAP           equ	7459	;# 
  1508     1D24                     ADPRE           equ	7460	;# 
  1509     1D24                     ADPREL          equ	7460	;# 
  1510     1D25                     ADPREH          equ	7461	;# 
  1511     1D26                     ADCON0          equ	7462	;# 
  1512     1D27                     ADCON1          equ	7463	;# 
  1513     1D28                     ADCON2          equ	7464	;# 
  1514     1D29                     ADCON3          equ	7465	;# 
  1515     1D2A                     ADSTAT          equ	7466	;# 
  1516     1D2B                     ADREF           equ	7467	;# 
  1517     1D2C                     ADACT           equ	7468	;# 
  1518     1D2D                     ADCLK           equ	7469	;# 
  1519     1D2E                     ADCG1A          equ	7470	;# 
  1520     1D8C                     RA0PPS          equ	7564	;# 
  1521     1D8D                     RA1PPS          equ	7565	;# 
  1522     1D8E                     RA2PPS          equ	7566	;# 
  1523     1D90                     RA4PPS          equ	7568	;# 
  1524     1D91                     RA5PPS          equ	7569	;# 
  1525     1E0C                     PPSLOCK         equ	7692	;# 
  1526     1E0D                     INTPPS          equ	7693	;# 
  1527     1E0E                     T0CKIPPS        equ	7694	;# 
  1528     1E0F                     T1CKIPPS        equ	7695	;# 
  1529     1E10                     T1GPPS          equ	7696	;# 
  1530     1E11                     T3CKIPPS        equ	7697	;# 
  1531     1E12                     T3GPPS          equ	7698	;# 
  1532     1E19                     T2INPPS         equ	7705	;# 
  1533     1E1A                     T4INPPS         equ	7706	;# 
  1534     1E1B                     T6INPPS         equ	7707	;# 
  1535     1E1E                     CCP1PPS         equ	7710	;# 
  1536     1E1F                     CCP2PPS         equ	7711	;# 
  1537     1E39                     CWG1PPS         equ	7737	;# 
  1538     1E3D                     CLCIN0PPS       equ	7741	;# 
  1539     1E3E                     CLCIN1PPS       equ	7742	;# 
  1540     1E3F                     CLCIN2PPS       equ	7743	;# 
  1541     1E40                     CLCIN3PPS       equ	7744	;# 
  1542     1E41                     RX1PPS          equ	7745	;# 
  1543     1E41                     RX1DTPPS        equ	7745	;# 
  1544     1E42                     CK1PPS          equ	7746	;# 
  1545     1E42                     TX1CKPPS        equ	7746	;# 
  1546     1E43                     RX2PPS          equ	7747	;# 
  1547     1E43                     RX2DTPPS        equ	7747	;# 
  1548     1E44                     CK2PPS          equ	7748	;# 
  1549     1E44                     TX2CKPPS        equ	7748	;# 
  1550     1E47                     SSP1CLKPPS      equ	7751	;# 
  1551     1E48                     SSP1DATPPS      equ	7752	;# 
  1552     1E49                     SSP1SSPPS       equ	7753	;# 
  1553     1E4A                     SSP2CLKPPS      equ	7754	;# 
  1554     1E4B                     SSP2DATPPS      equ	7755	;# 
  1555     1E4C                     SSP2SSPPS       equ	7756	;# 
  1556     1E50                     ADACTPPS        equ	7760	;# 
  1557     1E8C                     ANSELA          equ	7820	;# 
  1558     1E8D                     WPUA            equ	7821	;# 
  1559     1E8E                     ODCONA          equ	7822	;# 
  1560     1E8F                     SLRCONA         equ	7823	;# 
  1561     1E90                     INLVLA          equ	7824	;# 
  1562     1E91                     IOCAP           equ	7825	;# 
  1563     1E92                     IOCAN           equ	7826	;# 
  1564     1E93                     IOCAF           equ	7827	;# 
  1565     1EE1                     RA1I2C          equ	7905	;# 
  1566     1EE2                     RA2I2C          equ	7906	;# 
  1567     1F0C                     UMTOAP          equ	7948	;# 
  1568     1F0D                     UMTOAL          equ	7949	;# 
  1569     1F0E                     UMTOAH          equ	7950	;# 
  1570     1FE4                     STATUS_SHAD     equ	8164	;# 
  1571     1FE5                     WREG_SHAD       equ	8165	;# 
  1572     1FE6                     BSR_SHAD        equ	8166	;# 
  1573     1FE7                     PCLATH_SHAD     equ	8167	;# 
  1574     1FE8                     FSR0_SHAD       equ	8168	;# 
  1575     1FE8                     FSR0L_SHAD      equ	8168	;# 
  1576     1FE9                     FSR0H_SHAD      equ	8169	;# 
  1577     1FEA                     FSR1_SHAD       equ	8170	;# 
  1578     1FEA                     FSR1L_SHAD      equ	8170	;# 
  1579     1FEB                     FSR1H_SHAD      equ	8171	;# 
  1580     1FED                     STKPTR          equ	8173	;# 
  1581     1FEE                     TOSL            equ	8174	;# 
  1582     1FEF                     TOSH            equ	8175	;# 
  1583     0012                     _TRISAbits      set	18
  1584     0012                     _TRISA          set	18
  1585     0018                     _LATA           set	24
  1586     0018                     _LATAbits       set	24
  1587     005F                     _GIE            set	95
  1588     005E                     _PEIE           set	94
  1589     00C2                     _LATA2          set	194
  1590     04B5                     _TMR0IE         set	1205
  1591     0465                     _TMR0IF         set	1125
  1592     0483                     _ADIF           set	1155
  1593     019C                     _TMR0L          set	412
  1594     019D                     _TMR0H          set	413
  1595     019F                     _T0CON1         set	415
  1596     019E                     _T0CON0         set	414
  1597     019C                     _TMR0           set	412
  1598     100C                     _FVRCONbits     set	4108
  1599     108C                     _CM1CON0        set	4236
  1600     110C                     _DAC1CONbits    set	4364
  1601     1D21                     _ADACQ          set	7457
  1602     1D1D                     _ADRES          set	7453
  1603     1D27                     _ADCON1bits     set	7463
  1604     1D1F                     _ADPCH          set	7455
  1605     1D26                     _ADCON0bits     set	7462
  1606     1D26                     _ADCON0         set	7462
  1607     1E8C                     _ANSELAbits     set	7820
  1608     1E8D                     _WPUA           set	7821
  1609     1E8C                     _ANSELA         set	7820
  1610                           
  1611                           	psect	cinit
  1612     001A                     start_initialization:	
  1613                           ; #config settings
  1614                           
  1615     001A                     __initialization:
  1616                           
  1617                           ; Clear objects allocated to COMMON
  1618     001A  01FD               	clrf	__pbssCOMMON& (0+127)
  1619                           
  1620                           ; Clear objects allocated to BANK0
  1621     001B  3020               	movlw	low __pbssBANK0
  1622     001C  0084               	movwf	4
  1623     001D  3000               	movlw	high __pbssBANK0
  1624     001E  0085               	movwf	5
  1625     001F  3042               	movlw	66
  1626     0020  3184  2451  3180   	fcall	clear_ram0
  1627     0023                     end_of_initialization:	
  1628                           ;End of C runtime variable initialization code
  1629                           
  1630     0023                     __end_of__initialization:
  1631     0023  107E               	bcf	int$flags,0	;clear compiler interrupt flag (level 1)
  1632     0024  0140               	movlb	0
  1633     0025  3184  2C24         	ljmp	_main	;jump to C main() function
  1634                           
  1635                           	psect	bssCOMMON
  1636     007D                     __pbssCOMMON:
  1637     007D                     MedianFilter@numberOfElement:
  1638     007D                     	ds	1
  1639                           
  1640                           	psect	bssBANK0
  1641     0020                     __pbssBANK0:
  1642     0020                     _beepsQueue:
  1643     0020                     	ds	15
  1644     002F                     BeepsStateMachine@stateMachineDuration:
  1645     002F                     	ds	2
  1646     0031                     _cnt0:
  1647     0031                     	ds	2
  1648     0033                     ADCProcessing@adcState:
  1649     0033                     	ds	1
  1650     0034                     PlayAlert@soundState:
  1651     0034                     	ds	1
  1652     0035                     BeepsStateMachine@stateMachineAllowTimeout:
  1653     0035                     	ds	1
  1654     0036                     BeepsStateMachine@state:
  1655     0036                     	ds	1
  1656     0037                     _queueTail:
  1657     0037                     	ds	1
  1658     0038                     _queueHead:
  1659     0038                     	ds	1
  1660     0039                     _prmFlags:
  1661     0039                     	ds	1
  1662     003A                     _medianTemperature:
  1663     003A                     	ds	20
  1664     004E                     _medianVoltage:
  1665     004E                     	ds	20
  1666                           
  1667                           	psect	clrtext
  1668     0451                     clear_ram0:	
  1669                           ;	Called with FSR0 containing the base address, and
  1670                           ;	WREG with the size to clear
  1671                           
  1672     0451  0064               	clrwdt	;clear the watchdog before getting into this loop
  1673     0452                     clrloop0:
  1674     0452  0180               	clrf	0	;clear RAM location pointed to by FSR
  1675     0453  3101               	addfsr 0,1
  1676     0454  0B89               	decfsz	9,f	;Have we reached the end of clearing yet?
  1677     0455  2C52               	goto	clrloop0	;have we reached the end yet?
  1678     0456  3400               	retlw	0	;all done for this memory range, return
  1679                           
  1680                           	psect	cstackCOMMON
  1681     0070                     __pcstackCOMMON:
  1682     0070                     ?_InitTimer0:
  1683     0070                     ?_Init_uC:	
  1684                           ; 1 bytes @ 0x0
  1685                           
  1686     0070                     ?_ADCProcessing:	
  1687                           ; 1 bytes @ 0x0
  1688                           
  1689     0070                     ?_PlayAlert:	
  1690                           ; 1 bytes @ 0x0
  1691                           
  1692     0070                     ?_BeepsStateMachine:	
  1693                           ; 1 bytes @ 0x0
  1694                           
  1695     0070                     ?_MuxADCChannel:	
  1696                           ; 1 bytes @ 0x0
  1697                           
  1698     0070                     ?_ISR:	
  1699                           ; 1 bytes @ 0x0
  1700                           
  1701     0070                     ?___bmul:	
  1702                           ; 1 bytes @ 0x0
  1703                           
  1704     0070                     ?_MedianFilter:	
  1705                           ; 1 bytes @ 0x0
  1706                           
  1707     0070                     ?_main:	
  1708                           ; 2 bytes @ 0x0
  1709                           
  1710     0070                     ?___awmod:	
  1711                           ; 2 bytes @ 0x0
  1712                           
  1713     0070                     MuxADCChannel@channelNumber:	
  1714                           ; 2 bytes @ 0x0
  1715                           
  1716     0070                     ___bmul@multiplicand:	
  1717                           ; 1 bytes @ 0x0
  1718                           
  1719     0070                     MedianFilter@singleMeasure:	
  1720                           ; 1 bytes @ 0x0
  1721                           
  1722     0070                     ___awmod@divisor:	
  1723                           ; 2 bytes @ 0x0
  1724                           
  1725     0070                     ??_InitTimer0:	
  1726                           ; 2 bytes @ 0x0
  1727                           
  1728     0070                     ??_MuxADCChannel:	
  1729                           ; 1 bytes @ 0x0
  1730                           
  1731     0070                     ??_ISR:	
  1732                           ; 1 bytes @ 0x0
  1733                           
  1734                           
  1735                           ; 1 bytes @ 0x0
  1736     0070                     	ds	1
  1737     0071                     ___bmul@product:
  1738     0071                     ??_Init_uC:	
  1739                           ; 1 bytes @ 0x1
  1740                           
  1741     0071                     ??___bmul:	
  1742                           ; 1 bytes @ 0x1
  1743                           
  1744                           
  1745                           ; 1 bytes @ 0x1
  1746     0071                     	ds	1
  1747     0072                     MedianFilter@medianBuf:
  1748     0072                     ___bmul@multiplier:	
  1749                           ; 1 bytes @ 0x2
  1750                           
  1751     0072                     ___awmod@dividend:	
  1752                           ; 1 bytes @ 0x2
  1753                           
  1754                           
  1755                           ; 2 bytes @ 0x2
  1756     0072                     	ds	1
  1757     0073                     ??_MedianFilter:
  1758                           
  1759                           ; 1 bytes @ 0x3
  1760     0073                     	ds	1
  1761     0074                     ___awmod@counter:
  1762     0074                     ??___awmod:	
  1763                           ; 1 bytes @ 0x4
  1764                           
  1765                           
  1766                           ; 1 bytes @ 0x4
  1767     0074                     	ds	1
  1768     0075                     ___awmod@sign:
  1769                           
  1770                           ; 1 bytes @ 0x5
  1771     0075                     	ds	1
  1772     0076                     ?_EnqueueBeeps:
  1773     0076                     EnqueueBeeps@duration:	
  1774                           ; 1 bytes @ 0x6
  1775                           
  1776     0076                     ??_BeepsStateMachine:	
  1777                           ; 2 bytes @ 0x6
  1778                           
  1779                           
  1780                           ; 1 bytes @ 0x6
  1781     0076                     	ds	2
  1782     0078                     EnqueueBeeps@allowTimeout:
  1783                           
  1784                           ; 1 bytes @ 0x8
  1785     0078                     	ds	1
  1786     0079                     MedianFilter@temp:
  1787     0079                     ??_PlayAlert:	
  1788                           ; 2 bytes @ 0x9
  1789                           
  1790     0079                     ??_EnqueueBeeps:	
  1791                           ; 1 bytes @ 0x9
  1792                           
  1793                           
  1794                           ; 1 bytes @ 0x9
  1795     0079                     	ds	2
  1796     007B                     MedianFilter@cnt:
  1797                           
  1798                           ; 1 bytes @ 0xB
  1799     007B                     	ds	1
  1800     007C                     MedianFilter@cnt_212:
  1801                           
  1802                           ; 1 bytes @ 0xC
  1803     007C                     	ds	1
  1804     007D                     ??_ADCProcessing:
  1805     007D                     ??_main:	
  1806                           ; 1 bytes @ 0xD
  1807                           
  1808                           
  1809                           	psect	cstackBANK0
  1810     0062                     __pcstackBANK0:	
  1811                           ; 1 bytes @ 0xD
  1812                           
  1813     0062                     PlayAlert@totalBeeps:
  1814     0062                     ADCProcessing@newValue:	
  1815                           ; 1 bytes @ 0x0
  1816                           
  1817                           
  1818                           ; 2 bytes @ 0x0
  1819     0062                     	ds	1
  1820     0063                     PlayAlert@i:
  1821                           
  1822                           ; 1 bytes @ 0x1
  1823     0063                     	ds	1
  1824     0064                     PlayAlert@i_83:
  1825     0064                     ADCProcessing@adcValue:	
  1826                           ; 1 bytes @ 0x2
  1827                           
  1828                           
  1829                           ; 2 bytes @ 0x2
  1830     0064                     	ds	1
  1831     0065                     PlayAlert@howMuchTimesPlayLong:
  1832                           
  1833                           ; 1 bytes @ 0x3
  1834     0065                     	ds	1
  1835     0066                     PlayAlert@howMuchTimesPlayShort:
  1836                           
  1837                           ; 1 bytes @ 0x4
  1838     0066                     	ds	1
  1839                           
  1840                           	psect	maintext
  1841     0424                     __pmaintext:	
  1842 ;;
  1843 ;;Main: autosize = 0, tempsize = 0, incstack = 0, save=0
  1844 ;;
  1845 ;; *************** function _main *****************
  1846 ;; Defined at:
  1847 ;;		line 72 in file "main.c"
  1848 ;; Parameters:    Size  Location     Type
  1849 ;;		None
  1850 ;; Auto vars:     Size  Location     Type
  1851 ;;		None
  1852 ;; Return value:  Size  Location     Type
  1853 ;;                  2   14[None  ] int 
  1854 ;; Registers used:
  1855 ;;		wreg, fsr0l, fsr0h, fsr1l, fsr1h, status,2, status,0, pclath, cstack
  1856 ;; Tracked objects:
  1857 ;;		On entry : B3F/0
  1858 ;;		On exit  : 0/0
  1859 ;;		Unchanged: 0/0
  1860 ;; Data sizes:     COMMON   BANK0   BANK1   BANK2   BANK3   BANK4   BANK5   BANK6   BANK7   BANK8   BANK9  BANK10  BANK1
      +1  BANK12
  1861 ;;      Params:         0       0       0       0       0       0       0       0       0       0       0       0       
      +0       0
  1862 ;;      Locals:         0       0       0       0       0       0       0       0       0       0       0       0       
      +0       0
  1863 ;;      Temps:          0       0       0       0       0       0       0       0       0       0       0       0       
      +0       0
  1864 ;;      Totals:         0       0       0       0       0       0       0       0       0       0       0       0       
      +0       0
  1865 ;;Total ram usage:        0 bytes
  1866 ;; Hardware stack levels required when called: 4
  1867 ;; This function calls:
  1868 ;;		_ADCProcessing
  1869 ;;		_BeepsStateMachine
  1870 ;;		_InitTimer0
  1871 ;;		_Init_uC
  1872 ;;		_PlayAlert
  1873 ;; This function is called by:
  1874 ;;		Startup code after reset
  1875 ;; This function uses a non-reentrant model
  1876 ;;
  1877                           
  1878     0424                     _main:	
  1879                           ;psect for function _main
  1880                           
  1881     0424                     l1512:	
  1882                           ;incstack = 0
  1883                           ; Regs used in _main: [wreg-fsr1h+status,2+status,0+pclath+cstack]
  1884                           
  1885     0424  3184  2446  3184   	fcall	_InitTimer0
  1886     0427                     l1514:
  1887     0427  3183  23E1  3184   	fcall	_Init_uC
  1888     042A                     l1516:
  1889     042A  3181  2164  3184   	fcall	_ADCProcessing
  1890     042D                     l1518:
  1891     042D  3182  221C  3184   	fcall	_PlayAlert
  1892     0430                     l1520:
  1893     0430  3182  22CA  3184   	fcall	_BeepsStateMachine
  1894     0433  2C2A               	goto	l1516
  1895     0434  3180  2818         	ljmp	start
  1896     0436                     __end_of_main:
  1897                           
  1898                           	psect	text1
  1899     021C                     __ptext1:	
  1900 ;; *************** function _PlayAlert *****************
  1901 ;; Defined at:
  1902 ;;		line 90 in file "sounds.c"
  1903 ;; Parameters:    Size  Location     Type
  1904 ;;		None
  1905 ;; Auto vars:     Size  Location     Type
  1906 ;;  i               1    2[BANK0 ] unsigned char 
  1907 ;;  i               1    1[BANK0 ] unsigned char 
  1908 ;;  howMuchTimes    1    4[BANK0 ] unsigned char 
  1909 ;;  howMuchTimes    1    3[BANK0 ] unsigned char 
  1910 ;;  totalBeeps      1    0[BANK0 ] unsigned char 
  1911 ;; Return value:  Size  Location     Type
  1912 ;;                  1    wreg      void 
  1913 ;; Registers used:
  1914 ;;		wreg, fsr0l, fsr0h, fsr1l, fsr1h, status,2, status,0, pclath, cstack
  1915 ;; Tracked objects:
  1916 ;;		On entry : 0/0
  1917 ;;		On exit  : 0/0
  1918 ;;		Unchanged: 0/0
  1919 ;; Data sizes:     COMMON   BANK0   BANK1   BANK2   BANK3   BANK4   BANK5   BANK6   BANK7   BANK8   BANK9  BANK10  BANK1
      +1  BANK12
  1920 ;;      Params:         0       0       0       0       0       0       0       0       0       0       0       0       
      +0       0
  1921 ;;      Locals:         0       5       0       0       0       0       0       0       0       0       0       0       
      +0       0
  1922 ;;      Temps:          4       0       0       0       0       0       0       0       0       0       0       0       
      +0       0
  1923 ;;      Totals:         4       5       0       0       0       0       0       0       0       0       0       0       
      +0       0
  1924 ;;Total ram usage:        9 bytes
  1925 ;; Hardware stack levels used: 1
  1926 ;; Hardware stack levels required when called: 3
  1927 ;; This function calls:
  1928 ;;		_EnqueueBeeps
  1929 ;; This function is called by:
  1930 ;;		_main
  1931 ;; This function uses a non-reentrant model
  1932 ;;
  1933                           
  1934     021C                     _PlayAlert:	
  1935                           ;psect for function _PlayAlert
  1936                           
  1937     021C                     l1408:	
  1938                           ;incstack = 0
  1939                           ; Regs used in _PlayAlert: [wreg-fsr1h+status,2+status,0+pclath+cstack]
  1940                           
  1941                           
  1942                           ;sounds.c: 92:    uint8_t howMuchTimesPlayShort = 0;
  1943     021C  0140               	movlb	0	; select bank0
  1944     021D  01E6               	clrf	PlayAlert@howMuchTimesPlayShort
  1945                           
  1946                           ;sounds.c: 93:    uint8_t howMuchTimesPlayLong = 0;
  1947     021E  01E5               	clrf	PlayAlert@howMuchTimesPlayLong
  1948                           
  1949                           ;sounds.c: 95:    static uint8_t soundState = 0;;sounds.c: 97:    switch (soundState){
  1950     021F  2A5A               	goto	l1438
  1951     0220                     l63:	
  1952                           ;sounds.c: 98:      case 0:
  1953                           
  1954                           
  1955                           ;sounds.c: 99:       if (prmFlags.errorUnderVoltage){
  1956     0220  1C39               	btfss	_prmFlags,0	;volatile
  1957     0221  2A23               	goto	u971
  1958     0222  2A24               	goto	u970
  1959     0223                     u971:
  1960     0223  2A28               	goto	l64
  1961     0224                     u970:
  1962     0224                     l1410:
  1963                           
  1964                           ;sounds.c: 100:         howMuchTimesPlayShort = 2;
  1965     0224  3002               	movlw	2
  1966     0225  00E6               	movwf	PlayAlert@howMuchTimesPlayShort
  1967                           
  1968                           ;sounds.c: 101:         howMuchTimesPlayLong = 1;
  1969     0226  3001               	movlw	1
  1970     0227  00E5               	movwf	PlayAlert@howMuchTimesPlayLong
  1971     0228                     l64:	
  1972                           ;sounds.c: 102:         }
  1973                           
  1974                           
  1975                           ;sounds.c: 103:       if (!prmFlags.alarmState) soundState = 1;
  1976     0228  19B9               	btfsc	_prmFlags,3	;volatile
  1977     0229  2A2B               	goto	u981
  1978     022A  2A2C               	goto	u980
  1979     022B                     u981:
  1980     022B  2A68               	goto	l1440
  1981     022C                     u980:
  1982     022C                     l1412:
  1983     022C  3001               	movlw	1
  1984     022D  00B4               	movwf	PlayAlert@soundState
  1985     022E  2A68               	goto	l1440
  1986     022F                     l67:	
  1987                           ;sounds.c: 106:      case 1:
  1988                           
  1989                           
  1990                           ;sounds.c: 107:      if (prmFlags.errorOverVoltage) {
  1991     022F  1CB9               	btfss	_prmFlags,1	;volatile
  1992     0230  2A32               	goto	u991
  1993     0231  2A33               	goto	u990
  1994     0232                     u991:
  1995     0232  2A37               	goto	l68
  1996     0233                     u990:
  1997     0233                     l1414:
  1998                           
  1999                           ;sounds.c: 108:          howMuchTimesPlayShort = 2;
  2000     0233  3002               	movlw	2
  2001     0234  00E6               	movwf	PlayAlert@howMuchTimesPlayShort
  2002                           
  2003                           ;sounds.c: 109:          howMuchTimesPlayLong = 2;
  2004     0235  3002               	movlw	2
  2005     0236  00E5               	movwf	PlayAlert@howMuchTimesPlayLong
  2006     0237                     l68:	
  2007                           ;sounds.c: 110:   }
  2008                           
  2009                           
  2010                           ;sounds.c: 111:       if (!prmFlags.alarmState) soundState = 2;
  2011     0237  19B9               	btfsc	_prmFlags,3	;volatile
  2012     0238  2A3A               	goto	u1001
  2013     0239  2A3B               	goto	u1000
  2014     023A                     u1001:
  2015     023A  2A68               	goto	l1440
  2016     023B                     u1000:
  2017     023B                     l1416:
  2018     023B  3002               	movlw	2
  2019     023C  00B4               	movwf	PlayAlert@soundState
  2020     023D  2A68               	goto	l1440
  2021     023E                     l70:	
  2022                           ;sounds.c: 114:      case 2:
  2023                           
  2024                           
  2025                           ;sounds.c: 115:      if (prmFlags.errorHighTemperature){
  2026     023E  1D39               	btfss	_prmFlags,2	;volatile
  2027     023F  2A41               	goto	u1011
  2028     0240  2A42               	goto	u1010
  2029     0241                     u1011:
  2030     0241  2A45               	goto	l1422
  2031     0242                     u1010:
  2032     0242                     l1418:
  2033                           
  2034                           ;sounds.c: 116:        howMuchTimesPlayShort = 3;
  2035     0242  3003               	movlw	3
  2036     0243  00E6               	movwf	PlayAlert@howMuchTimesPlayShort
  2037     0244                     l1420:
  2038                           
  2039                           ;sounds.c: 117:        howMuchTimesPlayLong = 0;
  2040     0244  01E5               	clrf	PlayAlert@howMuchTimesPlayLong
  2041     0245                     l1422:
  2042                           
  2043                           ;sounds.c: 119:       if (!prmFlags.alarmState) soundState = 3;
  2044     0245  19B9               	btfsc	_prmFlags,3	;volatile
  2045     0246  2A48               	goto	u1021
  2046     0247  2A49               	goto	u1020
  2047     0248                     u1021:
  2048     0248  2A68               	goto	l1440
  2049     0249                     u1020:
  2050     0249                     l1424:
  2051     0249  3003               	movlw	3
  2052     024A  00B4               	movwf	PlayAlert@soundState
  2053     024B  2A68               	goto	l1440
  2054     024C                     l73:	
  2055                           ;sounds.c: 122:      case 3:
  2056                           
  2057                           
  2058                           ;sounds.c: 123:       if (prmFlags.playLong){
  2059     024C  1E39               	btfss	_prmFlags,4	;volatile
  2060     024D  2A4F               	goto	u1031
  2061     024E  2A50               	goto	u1030
  2062     024F                     u1031:
  2063     024F  2A53               	goto	l1430
  2064     0250                     u1030:
  2065     0250                     l1426:
  2066                           
  2067                           ;sounds.c: 124:        howMuchTimesPlayShort = 0;
  2068     0250  01E6               	clrf	PlayAlert@howMuchTimesPlayShort
  2069     0251                     l1428:
  2070                           
  2071                           ;sounds.c: 125:        howMuchTimesPlayLong = 1;
  2072     0251  3001               	movlw	1
  2073     0252  00E5               	movwf	PlayAlert@howMuchTimesPlayLong
  2074     0253                     l1430:
  2075                           
  2076                           ;sounds.c: 127:       if (!prmFlags.alarmState) {
  2077     0253  19B9               	btfsc	_prmFlags,3	;volatile
  2078     0254  2A56               	goto	u1041
  2079     0255  2A57               	goto	u1040
  2080     0256                     u1041:
  2081     0256  2A68               	goto	l1440
  2082     0257                     u1040:
  2083     0257                     l1432:
  2084                           
  2085                           ;sounds.c: 128:        soundState = 0;
  2086     0257  01B4               	clrf	PlayAlert@soundState
  2087     0258                     l1434:
  2088                           
  2089                           ;sounds.c: 129:        prmFlags.playLong = 0;
  2090     0258  1239               	bcf	_prmFlags,4	;volatile
  2091     0259  2A68               	goto	l1440
  2092     025A                     l1438:
  2093     025A  0834               	movf	PlayAlert@soundState,w
  2094                           
  2095                           ; Switch size 1, requested type "simple"
  2096                           ; Number of cases is 4, Range of values is 0 to 3
  2097                           ; switch strategies available:
  2098                           ; Name         Instructions Cycles
  2099                           ; simple_byte           13     7 (average)
  2100                           ; direct_byte           14     6 (fixed)
  2101                           ; jumptable            260     6 (fixed)
  2102                           ;	Chosen strategy is simple_byte
  2103     025B  3A00               	xorlw	0	; case 0
  2104     025C  1903               	skipnz
  2105     025D  2A20               	goto	l63
  2106     025E  3A01               	xorlw	1	; case 1
  2107     025F  1903               	skipnz
  2108     0260  2A2F               	goto	l67
  2109     0261  3A03               	xorlw	3	; case 2
  2110     0262  1903               	skipnz
  2111     0263  2A3E               	goto	l70
  2112     0264  3A01               	xorlw	1	; case 3
  2113     0265  1903               	skipnz
  2114     0266  2A4C               	goto	l73
  2115     0267  2A68               	goto	l1440
  2116     0268                     l1440:
  2117                           
  2118                           ;sounds.c: 137:     totalBeeps = howMuchTimesPlayShort + howMuchTimesPlayLong;
  2119     0268  0866               	movf	PlayAlert@howMuchTimesPlayShort,w
  2120     0269  0765               	addwf	PlayAlert@howMuchTimesPlayLong,w
  2121     026A  00E2               	movwf	PlayAlert@totalBeeps
  2122     026B                     l1442:
  2123                           
  2124                           ;sounds.c: 140:     for (uint8_t i = 0; i < howMuchTimesPlayShort; i++) {
  2125     026B  01E3               	clrf	PlayAlert@i
  2126     026C  2A90               	goto	l1452
  2127     026D                     l1444:
  2128                           
  2129                           ;sounds.c: 141:         if (i == (totalBeeps - 1)) {
  2130     026D  0862               	movf	PlayAlert@totalBeeps,w
  2131     026E  3EFF               	addlw	255
  2132     026F  00F9               	movwf	??_PlayAlert
  2133     0270  30FF               	movlw	255
  2134     0271  1803               	skipnc
  2135     0272  3000               	movlw	0
  2136     0273  00FA               	movwf	??_PlayAlert+1
  2137     0274  0863               	movf	PlayAlert@i,w
  2138     0275  0679               	xorwf	??_PlayAlert,w
  2139     0276  047A               	iorwf	??_PlayAlert+1,w
  2140     0277  1D03               	skipz
  2141     0278  2A7A               	goto	u1051
  2142     0279  2A7B               	goto	u1050
  2143     027A                     u1051:
  2144     027A  2A85               	goto	l1448
  2145     027B                     u1050:
  2146     027B                     l1446:
  2147                           
  2148                           ;sounds.c: 142:             EnqueueBeeps(120, 1);
  2149     027B  3078               	movlw	120
  2150     027C  00F6               	movwf	EnqueueBeeps@duration
  2151     027D  3000               	movlw	0
  2152     027E  00F7               	movwf	EnqueueBeeps@duration+1
  2153     027F  01F8               	clrf	EnqueueBeeps@allowTimeout
  2154     0280  0AF8               	incf	EnqueueBeeps@allowTimeout,f
  2155     0281  3183  239E  3182   	fcall	_EnqueueBeeps
  2156                           
  2157                           ;sounds.c: 143:         } else {
  2158     0284  2A8D               	goto	l1450
  2159     0285                     l1448:
  2160                           
  2161                           ;sounds.c: 144:             EnqueueBeeps(120, 0);
  2162     0285  3078               	movlw	120
  2163     0286  00F6               	movwf	EnqueueBeeps@duration
  2164     0287  3000               	movlw	0
  2165     0288  00F7               	movwf	EnqueueBeeps@duration+1
  2166     0289  01F8               	clrf	EnqueueBeeps@allowTimeout
  2167     028A  3183  239E  3182   	fcall	_EnqueueBeeps
  2168     028D                     l1450:
  2169                           
  2170                           ;sounds.c: 146:     }
  2171     028D  3001               	movlw	1
  2172     028E  0140               	movlb	0	; select bank0
  2173     028F  07E3               	addwf	PlayAlert@i,f
  2174     0290                     l1452:
  2175     0290  0866               	movf	PlayAlert@howMuchTimesPlayShort,w
  2176     0291  0263               	subwf	PlayAlert@i,w
  2177     0292  1C03               	skipc
  2178     0293  2A95               	goto	u1061
  2179     0294  2A96               	goto	u1060
  2180     0295                     u1061:
  2181     0295  2A6D               	goto	l1444
  2182     0296                     u1060:
  2183     0296                     l1454:
  2184                           
  2185                           ;sounds.c: 149:     for (uint8_t i = 0; i < howMuchTimesPlayLong; i++) {
  2186     0296  01E4               	clrf	PlayAlert@i_83
  2187     0297  2AC3               	goto	l1464
  2188     0298                     l1456:
  2189                           
  2190                           ;sounds.c: 150:         if ((howMuchTimesPlayShort + i) == totalBeeps - 1) {
  2191     0298  0862               	movf	PlayAlert@totalBeeps,w
  2192     0299  3EFF               	addlw	255
  2193     029A  00F9               	movwf	??_PlayAlert
  2194     029B  30FF               	movlw	255
  2195     029C  1803               	skipnc
  2196     029D  3000               	movlw	0
  2197     029E  00FA               	movwf	??_PlayAlert+1
  2198     029F  0866               	movf	PlayAlert@howMuchTimesPlayShort,w
  2199     02A0  0764               	addwf	PlayAlert@i_83,w
  2200     02A1  00FB               	movwf	??_PlayAlert+2
  2201     02A2  01FC               	clrf	??_PlayAlert+3
  2202     02A3  0DFC               	rlf	??_PlayAlert+3,f
  2203     02A4  087A               	movf	??_PlayAlert+1,w
  2204     02A5  067C               	xorwf	??_PlayAlert+3,w
  2205     02A6  1D03               	skipz
  2206     02A7  2AAA               	goto	u1075
  2207     02A8  0879               	movf	??_PlayAlert,w
  2208     02A9  067B               	xorwf	??_PlayAlert+2,w
  2209     02AA                     u1075:
  2210     02AA  1D03               	skipz
  2211     02AB  2AAD               	goto	u1071
  2212     02AC  2AAE               	goto	u1070
  2213     02AD                     u1071:
  2214     02AD  2AB8               	goto	l1460
  2215     02AE                     u1070:
  2216     02AE                     l1458:
  2217                           
  2218                           ;sounds.c: 151:             EnqueueBeeps(300, 1);
  2219     02AE  302C               	movlw	44
  2220     02AF  00F6               	movwf	EnqueueBeeps@duration
  2221     02B0  3001               	movlw	1
  2222     02B1  00F7               	movwf	EnqueueBeeps@duration+1
  2223     02B2  01F8               	clrf	EnqueueBeeps@allowTimeout
  2224     02B3  0AF8               	incf	EnqueueBeeps@allowTimeout,f
  2225     02B4  3183  239E  3182   	fcall	_EnqueueBeeps
  2226                           
  2227                           ;sounds.c: 152:         } else {
  2228     02B7  2AC0               	goto	l1462
  2229     02B8                     l1460:
  2230                           
  2231                           ;sounds.c: 153:             EnqueueBeeps(300, 0);
  2232     02B8  302C               	movlw	44
  2233     02B9  00F6               	movwf	EnqueueBeeps@duration
  2234     02BA  3001               	movlw	1
  2235     02BB  00F7               	movwf	EnqueueBeeps@duration+1
  2236     02BC  01F8               	clrf	EnqueueBeeps@allowTimeout
  2237     02BD  3183  239E  3182   	fcall	_EnqueueBeeps
  2238     02C0                     l1462:
  2239                           
  2240                           ;sounds.c: 155:     }
  2241     02C0  3001               	movlw	1
  2242     02C1  0140               	movlb	0	; select bank0
  2243     02C2  07E4               	addwf	PlayAlert@i_83,f
  2244     02C3                     l1464:
  2245     02C3  0865               	movf	PlayAlert@howMuchTimesPlayLong,w
  2246     02C4  0264               	subwf	PlayAlert@i_83,w
  2247     02C5  1C03               	skipc
  2248     02C6  2AC8               	goto	u1081
  2249     02C7  2AC9               	goto	u1080
  2250     02C8                     u1081:
  2251     02C8  2A98               	goto	l1456
  2252     02C9                     u1080:
  2253     02C9                     l87:
  2254     02C9  0008               	return
  2255     02CA                     __end_of_PlayAlert:
  2256                           
  2257                           	psect	text2
  2258     039E                     __ptext2:	
  2259 ;; *************** function _EnqueueBeeps *****************
  2260 ;; Defined at:
  2261 ;;		line 23 in file "sounds.c"
  2262 ;; Parameters:    Size  Location     Type
  2263 ;;  duration        2    6[COMMON] unsigned short 
  2264 ;;  allowTimeout    1    8[COMMON] unsigned char 
  2265 ;; Auto vars:     Size  Location     Type
  2266 ;;		None
  2267 ;; Return value:  Size  Location     Type
  2268 ;;                  1    wreg      void 
  2269 ;; Registers used:
  2270 ;;		wreg, fsr1l, fsr1h, status,2, status,0, pclath, cstack
  2271 ;; Tracked objects:
  2272 ;;		On entry : 0/0
  2273 ;;		On exit  : 0/0
  2274 ;;		Unchanged: 0/0
  2275 ;; Data sizes:     COMMON   BANK0   BANK1   BANK2   BANK3   BANK4   BANK5   BANK6   BANK7   BANK8   BANK9  BANK10  BANK1
      +1  BANK12
  2276 ;;      Params:         3       0       0       0       0       0       0       0       0       0       0       0       
      +0       0
  2277 ;;      Locals:         0       0       0       0       0       0       0       0       0       0       0       0       
      +0       0
  2278 ;;      Temps:          0       0       0       0       0       0       0       0       0       0       0       0       
      +0       0
  2279 ;;      Totals:         3       0       0       0       0       0       0       0       0       0       0       0       
      +0       0
  2280 ;;Total ram usage:        3 bytes
  2281 ;; Hardware stack levels used: 1
  2282 ;; Hardware stack levels required when called: 2
  2283 ;; This function calls:
  2284 ;;		___awmod
  2285 ;;		___bmul
  2286 ;; This function is called by:
  2287 ;;		_PlayAlert
  2288 ;; This function uses a non-reentrant model
  2289 ;;
  2290                           
  2291     039E                     _EnqueueBeeps:	
  2292                           ;psect for function _EnqueueBeeps
  2293                           
  2294     039E                     l1236:	
  2295                           ;incstack = 0
  2296                           ; Regs used in _EnqueueBeeps: [wreg+fsr1l+fsr1h+status,2+status,0+pclath+cstack]
  2297                           
  2298                           
  2299                           ;sounds.c: 25:     if ((queueTail + 1) % 5 != queueHead) {
  2300     039E  3005               	movlw	5
  2301     039F  00F0               	movwf	___awmod@divisor
  2302     03A0  3000               	movlw	0
  2303     03A1  00F1               	movwf	___awmod@divisor+1
  2304     03A2  0140               	movlb	0	; select bank0
  2305     03A3  0837               	movf	_queueTail,w
  2306     03A4  3E01               	addlw	1
  2307     03A5  00F2               	movwf	___awmod@dividend
  2308     03A6  3000               	movlw	0
  2309     03A7  1803               	skipnc
  2310     03A8  3001               	movlw	1
  2311     03A9  00F3               	movwf	___awmod@dividend+1
  2312     03AA  3183  234D  3183   	fcall	___awmod
  2313     03AD  0140               	movlb	0	; select bank0
  2314     03AE  0838               	movf	_queueHead,w
  2315     03AF  0670               	xorwf	?___awmod,w
  2316     03B0  0471               	iorwf	?___awmod+1,w
  2317     03B1  1903               	skipnz
  2318     03B2  2BB4               	goto	u631
  2319     03B3  2BB5               	goto	u630
  2320     03B4                     u631:
  2321     03B4  2BE0               	goto	l34
  2322     03B5                     u630:
  2323     03B5                     l1238:
  2324                           
  2325                           ;sounds.c: 27:         beepsQueue[queueTail].duration = duration;
  2326     03B5  3003               	movlw	3
  2327     03B6  00F0               	movwf	___bmul@multiplicand
  2328     03B7  0837               	movf	_queueTail,w
  2329     03B8  3184  2411  3183   	fcall	___bmul
  2330     03BB  3E20               	addlw	(low (_beepsQueue| 0))& (0+255)
  2331     03BC  0086               	movwf	6
  2332     03BD  0187               	clrf	7
  2333     03BE  0876               	movf	EnqueueBeeps@duration,w
  2334     03BF  3FC0               	movwi [0]fsr1
  2335     03C0  0877               	movf	EnqueueBeeps@duration+1,w
  2336     03C1  3FC1               	movwi [1]fsr1
  2337                           
  2338                           ;sounds.c: 28:         beepsQueue[queueTail].allowTimeout = allowTimeout;
  2339     03C2  3003               	movlw	3
  2340     03C3  00F0               	movwf	___bmul@multiplicand
  2341     03C4  0140               	movlb	0	; select bank0
  2342     03C5  0837               	movf	_queueTail,w
  2343     03C6  3184  2411  3183   	fcall	___bmul
  2344     03C9  3E22               	addlw	(low ((_beepsQueue| 0+2)))& (0+255)
  2345     03CA  0086               	movwf	6
  2346     03CB  0187               	clrf	7
  2347     03CC  0878               	movf	EnqueueBeeps@allowTimeout,w
  2348     03CD  0081               	movwf	1
  2349     03CE                     l1240:
  2350                           
  2351                           ;sounds.c: 29:         queueTail = (queueTail + 1) % 5;
  2352     03CE  3005               	movlw	5
  2353     03CF  00F0               	movwf	___awmod@divisor
  2354     03D0  3000               	movlw	0
  2355     03D1  00F1               	movwf	___awmod@divisor+1
  2356     03D2  0140               	movlb	0	; select bank0
  2357     03D3  0837               	movf	_queueTail,w
  2358     03D4  3E01               	addlw	1
  2359     03D5  00F2               	movwf	___awmod@dividend
  2360     03D6  3000               	movlw	0
  2361     03D7  1803               	skipnc
  2362     03D8  3001               	movlw	1
  2363     03D9  00F3               	movwf	___awmod@dividend+1
  2364     03DA  3183  234D  3183   	fcall	___awmod
  2365     03DD  0870               	movf	?___awmod,w
  2366     03DE  0140               	movlb	0	; select bank0
  2367     03DF  00B7               	movwf	_queueTail
  2368     03E0                     l34:
  2369     03E0  0008               	return
  2370     03E1                     __end_of_EnqueueBeeps:
  2371                           
  2372                           	psect	text3
  2373     03E1                     __ptext3:	
  2374 ;; *************** function _Init_uC *****************
  2375 ;; Defined at:
  2376 ;;		line 58 in file "initPeriphery.c"
  2377 ;; Parameters:    Size  Location     Type
  2378 ;;		None
  2379 ;; Auto vars:     Size  Location     Type
  2380 ;;		None
  2381 ;; Return value:  Size  Location     Type
  2382 ;;                  1    wreg      void 
  2383 ;; Registers used:
  2384 ;;		wreg, status,2, status,0, pclath, cstack
  2385 ;; Tracked objects:
  2386 ;;		On entry : 0/0
  2387 ;;		On exit  : 0/0
  2388 ;;		Unchanged: 0/0
  2389 ;; Data sizes:     COMMON   BANK0   BANK1   BANK2   BANK3   BANK4   BANK5   BANK6   BANK7   BANK8   BANK9  BANK10  BANK1
      +1  BANK12
  2390 ;;      Params:         0       0       0       0       0       0       0       0       0       0       0       0       
      +0       0
  2391 ;;      Locals:         0       0       0       0       0       0       0       0       0       0       0       0       
      +0       0
  2392 ;;      Temps:          0       0       0       0       0       0       0       0       0       0       0       0       
      +0       0
  2393 ;;      Totals:         0       0       0       0       0       0       0       0       0       0       0       0       
      +0       0
  2394 ;;Total ram usage:        0 bytes
  2395 ;; Hardware stack levels used: 1
  2396 ;; Hardware stack levels required when called: 2
  2397 ;; This function calls:
  2398 ;;		_MuxADCChannel
  2399 ;; This function is called by:
  2400 ;;		_main
  2401 ;; This function uses a non-reentrant model
  2402 ;;
  2403                           
  2404     03E1                     _Init_uC:	
  2405                           ;psect for function _Init_uC
  2406                           
  2407     03E1                     l1310:	
  2408                           ;incstack = 0
  2409                           ; Regs used in _Init_uC: [wreg+status,2+status,0+pclath+cstack]
  2410                           
  2411                           
  2412                           ;initPeriphery.c: 59:     CM1CON0 = 0x00 ;
  2413     03E1  0161               	movlb	33	; select bank33
  2414     03E2  018C               	clrf	12	;volatile
  2415     03E3                     l1312:
  2416                           
  2417                           ;initPeriphery.c: 60:     FVRCONbits.EN = 0;
  2418     03E3  0160               	movlb	32	; select bank32
  2419     03E4  138C               	bcf	12,7	;volatile
  2420     03E5                     l1314:
  2421                           
  2422                           ;initPeriphery.c: 61:     DAC1CONbits.EN = 0;
  2423     03E5  0162               	movlb	34	; select bank34
  2424     03E6  138C               	bcf	12,7	;volatile
  2425                           
  2426                           ;initPeriphery.c: 64:     LATA = 0x00;
  2427     03E7  0140               	movlb	0	; select bank0
  2428     03E8  0198               	clrf	24	;volatile
  2429                           
  2430                           ;initPeriphery.c: 65:     ANSELA = 0x00;
  2431     03E9  017D               	movlb	61	; select bank61
  2432     03EA  018C               	clrf	12	;volatile
  2433                           
  2434                           ;initPeriphery.c: 66:     TRISA = 0x00;
  2435     03EB  0140               	movlb	0	; select bank0
  2436     03EC  0192               	clrf	18	;volatile
  2437                           
  2438                           ;initPeriphery.c: 67:     WPUA = 0x00;
  2439     03ED  017D               	movlb	61	; select bank61
  2440     03EE  018D               	clrf	13	;volatile
  2441     03EF                     l1316:
  2442                           
  2443                           ;initPeriphery.c: 70:     LATAbits.LATA2 = 0;
  2444     03EF  0140               	movlb	0	; select bank0
  2445     03F0  1118               	bcf	24,2	;volatile
  2446     03F1                     l1318:
  2447                           
  2448                           ;initPeriphery.c: 73:     LATAbits.LATA5 = 1;
  2449     03F1  1698               	bsf	24,5	;volatile
  2450     03F2                     l1320:
  2451                           
  2452                           ;initPeriphery.c: 77:     LATAbits.LATA4 = 1;
  2453     03F2  1618               	bsf	24,4	;volatile
  2454     03F3                     l1322:
  2455                           
  2456                           ;initPeriphery.c: 80:     ADCON0bits.FM = 1;
  2457     03F3  017A               	movlb	58	; select bank58
  2458     03F4  0826               	movf	38,w	;volatile
  2459     03F5  39F3               	andlw	-13
  2460     03F6  3804               	iorlw	4
  2461     03F7  00A6               	movwf	38	;volatile
  2462     03F8                     l1324:
  2463                           
  2464                           ;initPeriphery.c: 81:     ADCON0bits.CS = 1;
  2465     03F8  1626               	bsf	38,4	;volatile
  2466     03F9                     l1326:
  2467                           
  2468                           ;initPeriphery.c: 83:     TRISAbits.TRISA0 = 1;
  2469     03F9  0140               	movlb	0	; select bank0
  2470     03FA  1412               	bsf	18,0	;volatile
  2471     03FB                     l1328:
  2472                           
  2473                           ;initPeriphery.c: 84:     ANSELAbits.ANSELA0 = 1;
  2474     03FB  017D               	movlb	61	; select bank61
  2475     03FC  140C               	bsf	12,0	;volatile
  2476     03FD                     l1330:
  2477                           
  2478                           ;initPeriphery.c: 86:     TRISAbits.TRISA1 = 1;
  2479     03FD  0140               	movlb	0	; select bank0
  2480     03FE  1492               	bsf	18,1	;volatile
  2481     03FF                     l1332:
  2482                           
  2483                           ;initPeriphery.c: 87:     ANSELAbits.ANSELA1 = 1;
  2484     03FF  017D               	movlb	61	; select bank61
  2485     0400  148C               	bsf	12,1	;volatile
  2486     0401                     l1334:
  2487                           
  2488                           ;initPeriphery.c: 89:     ADCON1bits.ADDSEN = 1;
  2489     0401  017A               	movlb	58	; select bank58
  2490     0402  1427               	bsf	39,0	;volatile
  2491     0403                     l1336:
  2492                           
  2493                           ;initPeriphery.c: 90:     ADACQ = 32;
  2494     0403  3000               	movlw	0
  2495     0404  00A2               	movwf	34	;volatile
  2496     0405  3020               	movlw	32
  2497     0406  00A1               	movwf	33	;volatile
  2498     0407                     l1338:
  2499                           
  2500                           ;initPeriphery.c: 91:     ADCON0bits.ON = 1;
  2501     0407  17A6               	bsf	38,7	;volatile
  2502     0408                     l1340:
  2503                           
  2504                           ;initPeriphery.c: 93:     PEIE = 1;
  2505     0408  170B               	bsf	11,6	;volatile
  2506     0409                     l1342:
  2507                           
  2508                           ;initPeriphery.c: 94:     GIE = 1;
  2509     0409  178B               	bsf	11,7	;volatile
  2510     040A                     l1344:
  2511                           
  2512                           ;initPeriphery.c: 98:     prmFlags.playLong = 1;
  2513     040A  0140               	movlb	0	; select bank0
  2514     040B  1639               	bsf	_prmFlags,4	;volatile
  2515     040C                     l1346:
  2516                           
  2517                           ;initPeriphery.c: 100:     MuxADCChannel(ADC_CHANNEL1);
  2518     040C  3001               	movlw	1
  2519     040D  3184  2436  3183   	fcall	_MuxADCChannel
  2520     0410                     l218:
  2521     0410  0008               	return
  2522     0411                     __end_of_Init_uC:
  2523                           
  2524                           	psect	text4
  2525     0446                     __ptext4:	
  2526 ;; *************** function _InitTimer0 *****************
  2527 ;; Defined at:
  2528 ;;		line 46 in file "initPeriphery.c"
  2529 ;; Parameters:    Size  Location     Type
  2530 ;;		None
  2531 ;; Auto vars:     Size  Location     Type
  2532 ;;		None
  2533 ;; Return value:  Size  Location     Type
  2534 ;;                  1    wreg      void 
  2535 ;; Registers used:
  2536 ;;		status,2
  2537 ;; Tracked objects:
  2538 ;;		On entry : 0/0
  2539 ;;		On exit  : 0/0
  2540 ;;		Unchanged: 0/0
  2541 ;; Data sizes:     COMMON   BANK0   BANK1   BANK2   BANK3   BANK4   BANK5   BANK6   BANK7   BANK8   BANK9  BANK10  BANK1
      +1  BANK12
  2542 ;;      Params:         0       0       0       0       0       0       0       0       0       0       0       0       
      +0       0
  2543 ;;      Locals:         0       0       0       0       0       0       0       0       0       0       0       0       
      +0       0
  2544 ;;      Temps:          0       0       0       0       0       0       0       0       0       0       0       0       
      +0       0
  2545 ;;      Totals:         0       0       0       0       0       0       0       0       0       0       0       0       
      +0       0
  2546 ;;Total ram usage:        0 bytes
  2547 ;; Hardware stack levels used: 1
  2548 ;; Hardware stack levels required when called: 1
  2549 ;; This function calls:
  2550 ;;		Nothing
  2551 ;; This function is called by:
  2552 ;;		_main
  2553 ;; This function uses a non-reentrant model
  2554 ;;
  2555                           
  2556     0446                     _InitTimer0:	
  2557                           ;psect for function _InitTimer0
  2558                           
  2559     0446                     l954:	
  2560                           ;incstack = 0
  2561                           ; Regs used in _InitTimer0: [status,2]
  2562                           
  2563                           
  2564                           ;initPeriphery.c: 48:     T0CON0 = 0b10000000;
  2565     0446  3080               	movlw	128
  2566     0447  0143               	movlb	3	; select bank3
  2567     0448  009E               	movwf	30	;volatile
  2568                           
  2569                           ;initPeriphery.c: 49:     T0CON1 = 0b01000101;
  2570     0449  3045               	movlw	69
  2571     044A  009F               	movwf	31	;volatile
  2572     044B                     l956:
  2573                           
  2574                           ;initPeriphery.c: 51:     TMR0H = 0;
  2575     044B  019D               	clrf	29	;volatile
  2576                           
  2577                           ;initPeriphery.c: 52:     TMR0L = 0;
  2578     044C  019C               	clrf	28	;volatile
  2579     044D                     l958:
  2580                           
  2581                           ;initPeriphery.c: 53:     TMR0IF = 0;
  2582     044D  0141               	movlb	1	; select bank1
  2583     044E  128C               	bcf	12,5	;volatile
  2584     044F                     l960:
  2585                           
  2586                           ;initPeriphery.c: 54:     TMR0IE = 1;
  2587     044F  1696               	bsf	22,5	;volatile
  2588     0450                     l215:
  2589     0450  0008               	return
  2590     0451                     __end_of_InitTimer0:
  2591                           
  2592                           	psect	text5
  2593     02CA                     __ptext5:	
  2594 ;; *************** function _BeepsStateMachine *****************
  2595 ;; Defined at:
  2596 ;;		line 34 in file "sounds.c"
  2597 ;; Parameters:    Size  Location     Type
  2598 ;;		None
  2599 ;; Auto vars:     Size  Location     Type
  2600 ;;		None
  2601 ;; Return value:  Size  Location     Type
  2602 ;;                  1    wreg      void 
  2603 ;; Registers used:
  2604 ;;		wreg, fsr0l, fsr0h, fsr1l, fsr1h, status,2, status,0, pclath, cstack
  2605 ;; Tracked objects:
  2606 ;;		On entry : 0/0
  2607 ;;		On exit  : 0/0
  2608 ;;		Unchanged: 0/0
  2609 ;; Data sizes:     COMMON   BANK0   BANK1   BANK2   BANK3   BANK4   BANK5   BANK6   BANK7   BANK8   BANK9  BANK10  BANK1
      +1  BANK12
  2610 ;;      Params:         0       0       0       0       0       0       0       0       0       0       0       0       
      +0       0
  2611 ;;      Locals:         0       0       0       0       0       0       0       0       0       0       0       0       
      +0       0
  2612 ;;      Temps:          0       0       0       0       0       0       0       0       0       0       0       0       
      +0       0
  2613 ;;      Totals:         0       0       0       0       0       0       0       0       0       0       0       0       
      +0       0
  2614 ;;Total ram usage:        0 bytes
  2615 ;; Hardware stack levels used: 1
  2616 ;; Hardware stack levels required when called: 2
  2617 ;; This function calls:
  2618 ;;		___awmod
  2619 ;;		___bmul
  2620 ;; This function is called by:
  2621 ;;		_main
  2622 ;; This function uses a non-reentrant model
  2623 ;;
  2624                           
  2625     02CA                     _BeepsStateMachine:	
  2626                           ;psect for function _BeepsStateMachine
  2627                           
  2628     02CA                     l1466:	
  2629                           ;incstack = 0
  2630                           ; Regs used in _BeepsStateMachine: [wreg-fsr1h+status,2+status,0+pclath+cstack]
  2631                           
  2632                           
  2633                           ;sounds.c: 36:     static uint8_t state = 0;;sounds.c: 37:     static uint16_t stateMach
      +                          ineDuration = 0;;sounds.c: 38:     static uint8_t stateMachineAllowTimeout = 0;;sounds.c
      +                          : 40:     switch(state){
  2634     02CA  2B3D               	goto	l1510
  2635     02CB                     l1468:
  2636                           
  2637                           ;sounds.c: 42:         if (queueHead != queueTail) {
  2638     02CB  0838               	movf	_queueHead,w
  2639     02CC  0637               	xorwf	_queueTail,w
  2640     02CD  1903               	skipnz
  2641     02CE  2AD0               	goto	u1091
  2642     02CF  2AD1               	goto	u1090
  2643     02D0                     u1091:
  2644     02D0  2B4C               	goto	l57
  2645     02D1                     u1090:
  2646     02D1                     l1470:
  2647                           
  2648                           ;sounds.c: 43:                 stateMachineDuration = beepsQueue[queueHead].duration;
  2649     02D1  3003               	movlw	3
  2650     02D2  00F0               	movwf	___bmul@multiplicand
  2651     02D3  0838               	movf	_queueHead,w
  2652     02D4  3184  2411  3182   	fcall	___bmul
  2653     02D7  3E20               	addlw	(low (_beepsQueue| 0))& (0+255)
  2654     02D8  0086               	movwf	6
  2655     02D9  0187               	clrf	7
  2656     02DA  3F40               	moviw [0]fsr1
  2657     02DB  0140               	movlb	0	; select bank0
  2658     02DC  00AF               	movwf	BeepsStateMachine@stateMachineDuration
  2659     02DD  3F41               	moviw [1]fsr1
  2660     02DE  00B0               	movwf	BeepsStateMachine@stateMachineDuration+1
  2661                           
  2662                           ;sounds.c: 44:                 stateMachineAllowTimeout = beepsQueue[queueHead].allowTim
      +                          eout;
  2663     02DF  3003               	movlw	3
  2664     02E0  00F0               	movwf	___bmul@multiplicand
  2665     02E1  0838               	movf	_queueHead,w
  2666     02E2  3184  2411  3182   	fcall	___bmul
  2667     02E5  3E22               	addlw	(low ((_beepsQueue| 0+2)))& (0+255)
  2668     02E6  0086               	movwf	6
  2669     02E7  0187               	clrf	7
  2670     02E8  0801               	movf	1,w
  2671     02E9  0140               	movlb	0	; select bank0
  2672     02EA  00B5               	movwf	BeepsStateMachine@stateMachineAllowTimeout
  2673     02EB                     l1472:
  2674                           
  2675                           ;sounds.c: 45:                 queueHead = (queueHead + 1) % 5;
  2676     02EB  3005               	movlw	5
  2677     02EC  00F0               	movwf	___awmod@divisor
  2678     02ED  3000               	movlw	0
  2679     02EE  00F1               	movwf	___awmod@divisor+1
  2680     02EF  0838               	movf	_queueHead,w
  2681     02F0  3E01               	addlw	1
  2682     02F1  00F2               	movwf	___awmod@dividend
  2683     02F2  3000               	movlw	0
  2684     02F3  1803               	skipnc
  2685     02F4  3001               	movlw	1
  2686     02F5  00F3               	movwf	___awmod@dividend+1
  2687     02F6  3183  234D  3182   	fcall	___awmod
  2688     02F9  0870               	movf	?___awmod,w
  2689     02FA  0140               	movlb	0	; select bank0
  2690     02FB  00B8               	movwf	_queueHead
  2691     02FC                     l1474:
  2692                           
  2693                           ;sounds.c: 46:                 LATA2 = 1;
  2694     02FC  1518               	bsf	24,2	;volatile
  2695     02FD                     l1476:
  2696                           
  2697                           ;sounds.c: 47:                 cnt0 = 0;
  2698     02FD  01B1               	clrf	_cnt0	;volatile
  2699     02FE  01B2               	clrf	_cnt0+1	;volatile
  2700     02FF                     l1478:
  2701                           
  2702                           ;sounds.c: 48:                 state = 1;
  2703     02FF  3001               	movlw	1
  2704     0300  00B6               	movwf	BeepsStateMachine@state
  2705     0301                     l1480:
  2706                           
  2707                           ;sounds.c: 49:           prmFlags.alarmState = 1;
  2708     0301  15B9               	bsf	_prmFlags,3	;volatile
  2709     0302  2B4C               	goto	l57
  2710     0303                     l1482:
  2711                           
  2712                           ;sounds.c: 54:    if (cnt0 >= stateMachineDuration){
  2713     0303  0830               	movf	BeepsStateMachine@stateMachineDuration+1,w
  2714     0304  0232               	subwf	_cnt0+1,w	;volatile
  2715     0305  1D03               	skipz
  2716     0306  2B09               	goto	u1105
  2717     0307  082F               	movf	BeepsStateMachine@stateMachineDuration,w
  2718     0308  0231               	subwf	_cnt0,w	;volatile
  2719     0309                     u1105:
  2720     0309  1C03               	skipc
  2721     030A  2B0C               	goto	u1101
  2722     030B  2B0D               	goto	u1100
  2723     030C                     u1101:
  2724     030C  2B4C               	goto	l57
  2725     030D                     u1100:
  2726     030D                     l1484:
  2727                           
  2728                           ;sounds.c: 55:              cnt0 = 0;
  2729     030D  01B1               	clrf	_cnt0	;volatile
  2730     030E  01B2               	clrf	_cnt0+1	;volatile
  2731     030F                     l1486:
  2732                           
  2733                           ;sounds.c: 56:              state = 2;
  2734     030F  3002               	movlw	2
  2735     0310  00B6               	movwf	BeepsStateMachine@state
  2736     0311                     l1488:
  2737                           
  2738                           ;sounds.c: 57:              LATA2 = 0;
  2739     0311  1118               	bcf	24,2	;volatile
  2740     0312  2B4C               	goto	l57
  2741     0313                     l1490:
  2742                           
  2743                           ;sounds.c: 62:           if (cnt0 >= 80){
  2744     0313  3000               	movlw	0
  2745     0314  0232               	subwf	_cnt0+1,w	;volatile
  2746     0315  3050               	movlw	80
  2747     0316  1903               	skipnz
  2748     0317  0231               	subwf	_cnt0,w	;volatile
  2749     0318  1C03               	skipc
  2750     0319  2B1B               	goto	u1111
  2751     031A  2B1C               	goto	u1110
  2752     031B                     u1111:
  2753     031B  2B4C               	goto	l57
  2754     031C                     u1110:
  2755     031C                     l1492:
  2756                           
  2757                           ;sounds.c: 63:              cnt0 = 0;
  2758     031C  01B1               	clrf	_cnt0	;volatile
  2759     031D  01B2               	clrf	_cnt0+1	;volatile
  2760     031E                     l1494:
  2761                           
  2762                           ;sounds.c: 64:              if (stateMachineAllowTimeout == 0){
  2763     031E  0835               	movf	BeepsStateMachine@stateMachineAllowTimeout,w
  2764     031F  1D03               	btfss	3,2
  2765     0320  2B22               	goto	u1121
  2766     0321  2B23               	goto	u1120
  2767     0322                     u1121:
  2768     0322  2B25               	goto	l1498
  2769     0323                     u1120:
  2770     0323                     l1496:
  2771                           
  2772                           ;sounds.c: 65:                  state = 0;
  2773     0323  01B6               	clrf	BeepsStateMachine@state
  2774                           
  2775                           ;sounds.c: 66:          }
  2776     0324  2B4C               	goto	l57
  2777     0325                     l1498:
  2778     0325  0335               	decf	BeepsStateMachine@stateMachineAllowTimeout,w
  2779     0326  1D03               	btfss	3,2
  2780     0327  2B29               	goto	u1131
  2781     0328  2B2A               	goto	u1130
  2782     0329                     u1131:
  2783     0329  2B4C               	goto	l57
  2784     032A                     u1130:
  2785     032A                     l1500:
  2786                           
  2787                           ;sounds.c: 68:          state = 3;
  2788     032A  3003               	movlw	3
  2789     032B  00B6               	movwf	BeepsStateMachine@state
  2790     032C  2B4C               	goto	l57
  2791     032D                     l1502:
  2792                           
  2793                           ;sounds.c: 74:          if (cnt0 >= 1300){
  2794     032D  3005               	movlw	5
  2795     032E  0232               	subwf	_cnt0+1,w	;volatile
  2796     032F  3014               	movlw	20
  2797     0330  1903               	skipnz
  2798     0331  0231               	subwf	_cnt0,w	;volatile
  2799     0332  1C03               	skipc
  2800     0333  2B35               	goto	u1141
  2801     0334  2B36               	goto	u1140
  2802     0335                     u1141:
  2803     0335  2B4C               	goto	l57
  2804     0336                     u1140:
  2805     0336                     l1504:
  2806                           
  2807                           ;sounds.c: 75:            cnt0 = 0;
  2808     0336  01B1               	clrf	_cnt0	;volatile
  2809     0337  01B2               	clrf	_cnt0+1	;volatile
  2810                           
  2811                           ;sounds.c: 76:            queueHead = 0;
  2812     0338  01B8               	clrf	_queueHead
  2813                           
  2814                           ;sounds.c: 77:            queueTail = 0;
  2815     0339  01B7               	clrf	_queueTail
  2816                           
  2817                           ;sounds.c: 78:         state = 0;
  2818     033A  01B6               	clrf	BeepsStateMachine@state
  2819     033B                     l1506:
  2820                           
  2821                           ;sounds.c: 79:         prmFlags.alarmState = 0;
  2822     033B  11B9               	bcf	_prmFlags,3	;volatile
  2823     033C  2B4C               	goto	l57
  2824     033D                     l1510:
  2825     033D  0140               	movlb	0	; select bank0
  2826     033E  0836               	movf	BeepsStateMachine@state,w
  2827                           
  2828                           ; Switch size 1, requested type "simple"
  2829                           ; Number of cases is 4, Range of values is 0 to 3
  2830                           ; switch strategies available:
  2831                           ; Name         Instructions Cycles
  2832                           ; simple_byte           13     7 (average)
  2833                           ; direct_byte           14     6 (fixed)
  2834                           ; jumptable            260     6 (fixed)
  2835                           ;	Chosen strategy is simple_byte
  2836     033F  3A00               	xorlw	0	; case 0
  2837     0340  1903               	skipnz
  2838     0341  2ACB               	goto	l1468
  2839     0342  3A01               	xorlw	1	; case 1
  2840     0343  1903               	skipnz
  2841     0344  2B03               	goto	l1482
  2842     0345  3A03               	xorlw	3	; case 2
  2843     0346  1903               	skipnz
  2844     0347  2B13               	goto	l1490
  2845     0348  3A01               	xorlw	1	; case 3
  2846     0349  1903               	skipnz
  2847     034A  2B2D               	goto	l1502
  2848     034B  2B4C               	goto	l57
  2849     034C                     l57:
  2850     034C  0008               	return
  2851     034D                     __end_of_BeepsStateMachine:
  2852                           
  2853                           	psect	text6
  2854     0411                     __ptext6:	
  2855 ;; *************** function ___bmul *****************
  2856 ;; Defined at:
  2857 ;;		line 4 in file "C:\Program Files\Microchip\xc8\v3.00\pic\sources\c99\common\Umul8.c"
  2858 ;; Parameters:    Size  Location     Type
  2859 ;;  multiplier      1    wreg     unsigned char 
  2860 ;;  multiplicand    1    0[COMMON] unsigned char 
  2861 ;; Auto vars:     Size  Location     Type
  2862 ;;  multiplier      1    2[COMMON] unsigned char 
  2863 ;;  product         1    1[COMMON] unsigned char 
  2864 ;; Return value:  Size  Location     Type
  2865 ;;                  1    wreg      unsigned char 
  2866 ;; Registers used:
  2867 ;;		wreg, status,2, status,0
  2868 ;; Tracked objects:
  2869 ;;		On entry : 0/0
  2870 ;;		On exit  : 0/0
  2871 ;;		Unchanged: 0/0
  2872 ;; Data sizes:     COMMON   BANK0   BANK1   BANK2   BANK3   BANK4   BANK5   BANK6   BANK7   BANK8   BANK9  BANK10  BANK1
      +1  BANK12
  2873 ;;      Params:         1       0       0       0       0       0       0       0       0       0       0       0       
      +0       0
  2874 ;;      Locals:         2       0       0       0       0       0       0       0       0       0       0       0       
      +0       0
  2875 ;;      Temps:          0       0       0       0       0       0       0       0       0       0       0       0       
      +0       0
  2876 ;;      Totals:         3       0       0       0       0       0       0       0       0       0       0       0       
      +0       0
  2877 ;;Total ram usage:        3 bytes
  2878 ;; Hardware stack levels used: 1
  2879 ;; Hardware stack levels required when called: 1
  2880 ;; This function calls:
  2881 ;;		Nothing
  2882 ;; This function is called by:
  2883 ;;		_EnqueueBeeps
  2884 ;;		_BeepsStateMachine
  2885 ;; This function uses a non-reentrant model
  2886 ;;
  2887                           
  2888     0411                     ___bmul:	
  2889                           ;psect for function ___bmul
  2890                           
  2891                           
  2892                           ;incstack = 0
  2893                           ; Regs used in ___bmul: [wreg+status,2+status,0]
  2894                           ;___bmul@multiplier stored from wreg
  2895     0411  00F2               	movwf	___bmul@multiplier
  2896     0412                     l1184:
  2897     0412  01F1               	clrf	___bmul@product
  2898     0413                     l1186:
  2899     0413  1C72               	btfss	___bmul@multiplier,0
  2900     0414  2C16               	goto	u521
  2901     0415  2C17               	goto	u520
  2902     0416                     u521:
  2903     0416  2C19               	goto	l1190
  2904     0417                     u520:
  2905     0417                     l1188:
  2906     0417  0870               	movf	___bmul@multiplicand,w
  2907     0418  07F1               	addwf	___bmul@product,f
  2908     0419                     l1190:
  2909     0419  1003               	clrc
  2910     041A  0DF0               	rlf	___bmul@multiplicand,f
  2911     041B                     l1192:
  2912     041B  1003               	clrc
  2913     041C  0CF2               	rrf	___bmul@multiplier,f
  2914     041D  0872               	movf	___bmul@multiplier,w
  2915     041E  1D03               	btfss	3,2
  2916     041F  2C21               	goto	u531
  2917     0420  2C22               	goto	u530
  2918     0421                     u531:
  2919     0421  2C13               	goto	l1186
  2920     0422                     u530:
  2921     0422                     l1194:
  2922     0422  0871               	movf	___bmul@product,w
  2923     0423                     l396:
  2924     0423  0008               	return
  2925     0424                     __end_of___bmul:
  2926                           
  2927                           	psect	text7
  2928     034D                     __ptext7:	
  2929 ;; *************** function ___awmod *****************
  2930 ;; Defined at:
  2931 ;;		line 5 in file "C:\Program Files\Microchip\xc8\v3.00\pic\sources\c99\common\awmod.c"
  2932 ;; Parameters:    Size  Location     Type
  2933 ;;  divisor         2    0[COMMON] int 
  2934 ;;  dividend        2    2[COMMON] int 
  2935 ;; Auto vars:     Size  Location     Type
  2936 ;;  sign            1    5[COMMON] unsigned char 
  2937 ;;  counter         1    4[COMMON] unsigned char 
  2938 ;; Return value:  Size  Location     Type
  2939 ;;                  2    0[COMMON] int 
  2940 ;; Registers used:
  2941 ;;		wreg, status,2, status,0
  2942 ;; Tracked objects:
  2943 ;;		On entry : 0/0
  2944 ;;		On exit  : 0/0
  2945 ;;		Unchanged: 0/0
  2946 ;; Data sizes:     COMMON   BANK0   BANK1   BANK2   BANK3   BANK4   BANK5   BANK6   BANK7   BANK8   BANK9  BANK10  BANK1
      +1  BANK12
  2947 ;;      Params:         4       0       0       0       0       0       0       0       0       0       0       0       
      +0       0
  2948 ;;      Locals:         2       0       0       0       0       0       0       0       0       0       0       0       
      +0       0
  2949 ;;      Temps:          0       0       0       0       0       0       0       0       0       0       0       0       
      +0       0
  2950 ;;      Totals:         6       0       0       0       0       0       0       0       0       0       0       0       
      +0       0
  2951 ;;Total ram usage:        6 bytes
  2952 ;; Hardware stack levels used: 1
  2953 ;; Hardware stack levels required when called: 1
  2954 ;; This function calls:
  2955 ;;		Nothing
  2956 ;; This function is called by:
  2957 ;;		_EnqueueBeeps
  2958 ;;		_BeepsStateMachine
  2959 ;; This function uses a non-reentrant model
  2960 ;;
  2961                           
  2962     034D                     ___awmod:	
  2963                           ;psect for function ___awmod
  2964                           
  2965     034D                     l1198:	
  2966                           ;incstack = 0
  2967                           ; Regs used in ___awmod: [wreg+status,2+status,0]
  2968                           
  2969     034D  01F5               	clrf	___awmod@sign
  2970     034E                     l1200:
  2971     034E  1FF3               	btfss	___awmod@dividend+1,7
  2972     034F  2B51               	goto	u541
  2973     0350  2B52               	goto	u540
  2974     0351                     u541:
  2975     0351  2B59               	goto	l1206
  2976     0352                     u540:
  2977     0352                     l1202:
  2978     0352  09F2               	comf	___awmod@dividend,f
  2979     0353  09F3               	comf	___awmod@dividend+1,f
  2980     0354  0AF2               	incf	___awmod@dividend,f
  2981     0355  1903               	skipnz
  2982     0356  0AF3               	incf	___awmod@dividend+1,f
  2983     0357                     l1204:
  2984     0357  3001               	movlw	1
  2985     0358  00F5               	movwf	___awmod@sign
  2986     0359                     l1206:
  2987     0359  1FF1               	btfss	___awmod@divisor+1,7
  2988     035A  2B5C               	goto	u551
  2989     035B  2B5D               	goto	u550
  2990     035C                     u551:
  2991     035C  2B62               	goto	l1210
  2992     035D                     u550:
  2993     035D                     l1208:
  2994     035D  09F0               	comf	___awmod@divisor,f
  2995     035E  09F1               	comf	___awmod@divisor+1,f
  2996     035F  0AF0               	incf	___awmod@divisor,f
  2997     0360  1903               	skipnz
  2998     0361  0AF1               	incf	___awmod@divisor+1,f
  2999     0362                     l1210:
  3000     0362  0870               	movf	___awmod@divisor,w
  3001     0363  0471               	iorwf	___awmod@divisor+1,w
  3002     0364  1903               	btfsc	3,2
  3003     0365  2B67               	goto	u561
  3004     0366  2B68               	goto	u560
  3005     0367                     u561:
  3006     0367  2B8F               	goto	l1228
  3007     0368                     u560:
  3008     0368                     l1212:
  3009     0368  3001               	movlw	1
  3010     0369  00F4               	movwf	___awmod@counter
  3011     036A  2B72               	goto	l1218
  3012     036B                     l1214:
  3013     036B  3001               	movlw	1
  3014     036C                     u575:
  3015     036C  35F0               	lslf	___awmod@divisor,f
  3016     036D  0DF1               	rlf	___awmod@divisor+1,f
  3017     036E  0B89               	decfsz	9,f
  3018     036F  2B6C               	goto	u575
  3019     0370                     l1216:
  3020     0370  3001               	movlw	1
  3021     0371  07F4               	addwf	___awmod@counter,f
  3022     0372                     l1218:
  3023     0372  1FF1               	btfss	___awmod@divisor+1,7
  3024     0373  2B75               	goto	u581
  3025     0374  2B76               	goto	u580
  3026     0375                     u581:
  3027     0375  2B6B               	goto	l1214
  3028     0376                     u580:
  3029     0376                     l1220:
  3030     0376  0871               	movf	___awmod@divisor+1,w
  3031     0377  0273               	subwf	___awmod@dividend+1,w
  3032     0378  1D03               	skipz
  3033     0379  2B7C               	goto	u595
  3034     037A  0870               	movf	___awmod@divisor,w
  3035     037B  0272               	subwf	___awmod@dividend,w
  3036     037C                     u595:
  3037     037C  1C03               	skipc
  3038     037D  2B7F               	goto	u591
  3039     037E  2B80               	goto	u590
  3040     037F                     u591:
  3041     037F  2B84               	goto	l1224
  3042     0380                     u590:
  3043     0380                     l1222:
  3044     0380  0870               	movf	___awmod@divisor,w
  3045     0381  02F2               	subwf	___awmod@dividend,f
  3046     0382  0871               	movf	___awmod@divisor+1,w
  3047     0383  3BF3               	subwfb	___awmod@dividend+1,f
  3048     0384                     l1224:
  3049     0384  3001               	movlw	1
  3050     0385                     u605:
  3051     0385  36F1               	lsrf	___awmod@divisor+1,f
  3052     0386  0CF0               	rrf	___awmod@divisor,f
  3053     0387  0B89               	decfsz	9,f
  3054     0388  2B85               	goto	u605
  3055     0389                     l1226:
  3056     0389  3001               	movlw	1
  3057     038A  02F4               	subwf	___awmod@counter,f
  3058     038B  1D03               	btfss	3,2
  3059     038C  2B8E               	goto	u611
  3060     038D  2B8F               	goto	u610
  3061     038E                     u611:
  3062     038E  2B76               	goto	l1220
  3063     038F                     u610:
  3064     038F                     l1228:
  3065     038F  0875               	movf	___awmod@sign,w
  3066     0390  1903               	btfsc	3,2
  3067     0391  2B93               	goto	u621
  3068     0392  2B94               	goto	u620
  3069     0393                     u621:
  3070     0393  2B99               	goto	l1232
  3071     0394                     u620:
  3072     0394                     l1230:
  3073     0394  09F2               	comf	___awmod@dividend,f
  3074     0395  09F3               	comf	___awmod@dividend+1,f
  3075     0396  0AF2               	incf	___awmod@dividend,f
  3076     0397  1903               	skipnz
  3077     0398  0AF3               	incf	___awmod@dividend+1,f
  3078     0399                     l1232:
  3079     0399  0873               	movf	___awmod@dividend+1,w
  3080     039A  00F1               	movwf	?___awmod+1
  3081     039B  0872               	movf	___awmod@dividend,w
  3082     039C  00F0               	movwf	?___awmod
  3083     039D                     l536:
  3084     039D  0008               	return
  3085     039E                     __end_of___awmod:
  3086                           
  3087                           	psect	text8
  3088     0164                     __ptext8:	
  3089 ;; *************** function _ADCProcessing *****************
  3090 ;; Defined at:
  3091 ;;		line 147 in file "interrupt.c"
  3092 ;; Parameters:    Size  Location     Type
  3093 ;;		None
  3094 ;; Auto vars:     Size  Location     Type
  3095 ;;  adcValue        2    2[BANK0 ] unsigned short 
  3096 ;;  newValue        2    0[BANK0 ] unsigned short 
  3097 ;; Return value:  Size  Location     Type
  3098 ;;                  1    wreg      void 
  3099 ;; Registers used:
  3100 ;;		wreg, fsr0l, fsr0h, fsr1l, fsr1h, status,2, status,0, pclath, cstack
  3101 ;; Tracked objects:
  3102 ;;		On entry : 0/0
  3103 ;;		On exit  : 0/0
  3104 ;;		Unchanged: 0/0
  3105 ;; Data sizes:     COMMON   BANK0   BANK1   BANK2   BANK3   BANK4   BANK5   BANK6   BANK7   BANK8   BANK9  BANK10  BANK1
      +1  BANK12
  3106 ;;      Params:         0       0       0       0       0       0       0       0       0       0       0       0       
      +0       0
  3107 ;;      Locals:         0       4       0       0       0       0       0       0       0       0       0       0       
      +0       0
  3108 ;;      Temps:          0       0       0       0       0       0       0       0       0       0       0       0       
      +0       0
  3109 ;;      Totals:         0       4       0       0       0       0       0       0       0       0       0       0       
      +0       0
  3110 ;;Total ram usage:        4 bytes
  3111 ;; Hardware stack levels used: 1
  3112 ;; Hardware stack levels required when called: 2
  3113 ;; This function calls:
  3114 ;;		_MedianFilter
  3115 ;;		_MuxADCChannel
  3116 ;; This function is called by:
  3117 ;;		_main
  3118 ;; This function uses a non-reentrant model
  3119 ;;
  3120                           
  3121     0164                     _ADCProcessing:	
  3122                           ;psect for function _ADCProcessing
  3123                           
  3124     0164                     l1348:	
  3125                           ;incstack = 0
  3126                           ; Regs used in _ADCProcessing: [wreg-fsr1h+status,2+status,0+pclath+cstack]
  3127                           
  3128                           
  3129                           ;interrupt.c: 150:    uint16_t newValue = 0;
  3130     0164  0140               	movlb	0	; select bank0
  3131     0165  01E2               	clrf	ADCProcessing@newValue
  3132     0166  01E3               	clrf	ADCProcessing@newValue+1
  3133     0167                     l1350:
  3134                           
  3135                           ;interrupt.c: 151:     static uint8_t adcState = 0;;interrupt.c: 153:     if (ADIF == 1)
      +                          {
  3136     0167  0141               	movlb	1	; select bank1
  3137     0168  1D90               	btfss	16,3	;volatile
  3138     0169  296B               	goto	u831
  3139     016A  296C               	goto	u830
  3140     016B                     u831:
  3141     016B  2A1B               	goto	l151
  3142     016C                     u830:
  3143     016C                     l1352:
  3144                           
  3145                           ;interrupt.c: 154:      newValue = ADRES;
  3146     016C  017A               	movlb	58	; select bank58
  3147     016D  081E               	movf	30,w	;volatile
  3148     016E  0140               	movlb	0	; select bank0
  3149     016F  00E3               	movwf	ADCProcessing@newValue+1
  3150     0170  017A               	movlb	58	; select bank58
  3151     0171  081D               	movf	29,w	;volatile
  3152     0172  0140               	movlb	0	; select bank0
  3153     0173  00E2               	movwf	ADCProcessing@newValue
  3154                           
  3155                           ;interrupt.c: 156:      switch (adcState){
  3156     0174  2A13               	goto	l1406
  3157     0175                     l1354:
  3158                           
  3159                           ;interrupt.c: 159:       adcValue = MedianFilter(newValue, medianVoltage);
  3160     0175  0863               	movf	ADCProcessing@newValue+1,w
  3161     0176  00F1               	movwf	MedianFilter@singleMeasure+1
  3162     0177  0862               	movf	ADCProcessing@newValue,w
  3163     0178  00F0               	movwf	MedianFilter@singleMeasure
  3164     0179  304E               	movlw	(low (_medianVoltage| 0))& (0+255)
  3165     017A  00F2               	movwf	MedianFilter@medianBuf
  3166     017B  3180  2027  3181   	fcall	_MedianFilter
  3167     017E  0871               	movf	?_MedianFilter+1,w
  3168     017F  0140               	movlb	0	; select bank0
  3169     0180  00E5               	movwf	ADCProcessing@adcValue+1
  3170     0181  0870               	movf	?_MedianFilter,w
  3171     0182  00E4               	movwf	ADCProcessing@adcValue
  3172     0183                     l1356:
  3173                           
  3174                           ;interrupt.c: 161:    if ((adcValue > 96) && (adcValue < 148)){
  3175     0183  3000               	movlw	0
  3176     0184  0265               	subwf	ADCProcessing@adcValue+1,w
  3177     0185  3061               	movlw	97
  3178     0186  1903               	skipnz
  3179     0187  0264               	subwf	ADCProcessing@adcValue,w
  3180     0188  1C03               	skipc
  3181     0189  298B               	goto	u841
  3182     018A  298C               	goto	u840
  3183     018B                     u841:
  3184     018B  299F               	goto	l1364
  3185     018C                     u840:
  3186     018C                     l1358:
  3187     018C  3000               	movlw	0
  3188     018D  0265               	subwf	ADCProcessing@adcValue+1,w
  3189     018E  3094               	movlw	148
  3190     018F  1903               	skipnz
  3191     0190  0264               	subwf	ADCProcessing@adcValue,w
  3192     0191  1803               	skipnc
  3193     0192  2994               	goto	u851
  3194     0193  2995               	goto	u850
  3195     0194                     u851:
  3196     0194  299F               	goto	l1364
  3197     0195                     u850:
  3198     0195                     l1360:
  3199                           
  3200                           ;interrupt.c: 162:       if(prmFlags.errorHighTemperature == 0) LATAbits.LATA5 = 0;
  3201     0195  1939               	btfsc	_prmFlags,2	;volatile
  3202     0196  2998               	goto	u861
  3203     0197  2999               	goto	u860
  3204     0198                     u861:
  3205     0198  299B               	goto	l133
  3206     0199                     u860:
  3207     0199                     l1362:
  3208     0199  1298               	bcf	24,5	;volatile
  3209     019A  299C               	goto	l134
  3210     019B                     l133:	
  3211                           ;interrupt.c: 163:        else LATAbits.LATA5 = 1;
  3212                           
  3213     019B  1698               	bsf	24,5	;volatile
  3214     019C                     l134:
  3215                           
  3216                           ;interrupt.c: 164:        prmFlags.errorUnderVoltage = 0;
  3217     019C  1039               	bcf	_prmFlags,0	;volatile
  3218                           
  3219                           ;interrupt.c: 165:           prmFlags.errorOverVoltage = 0;
  3220     019D  10B9               	bcf	_prmFlags,1	;volatile
  3221                           
  3222                           ;interrupt.c: 166:            }
  3223     019E  29B6               	goto	l1372
  3224     019F                     l1364:
  3225     019F  3000               	movlw	0
  3226     01A0  0265               	subwf	ADCProcessing@adcValue+1,w
  3227     01A1  3061               	movlw	97
  3228     01A2  1903               	skipnz
  3229     01A3  0264               	subwf	ADCProcessing@adcValue,w
  3230     01A4  1803               	skipnc
  3231     01A5  29A7               	goto	u871
  3232     01A6  29A8               	goto	u870
  3233     01A7                     u871:
  3234     01A7  29AB               	goto	l1368
  3235     01A8                     u870:
  3236     01A8                     l1366:
  3237                           
  3238                           ;interrupt.c: 168:           LATAbits.LATA5 = 1;
  3239     01A8  1698               	bsf	24,5	;volatile
  3240                           
  3241                           ;interrupt.c: 169:        prmFlags.errorUnderVoltage = 1;
  3242     01A9  1439               	bsf	_prmFlags,0	;volatile
  3243                           
  3244                           ;interrupt.c: 170:   }
  3245     01AA  29B6               	goto	l1372
  3246     01AB                     l1368:
  3247     01AB  3000               	movlw	0
  3248     01AC  0265               	subwf	ADCProcessing@adcValue+1,w
  3249     01AD  3094               	movlw	148
  3250     01AE  1903               	skipnz
  3251     01AF  0264               	subwf	ADCProcessing@adcValue,w
  3252     01B0  1C03               	skipc
  3253     01B1  29B3               	goto	u881
  3254     01B2  29B4               	goto	u880
  3255     01B3                     u881:
  3256     01B3  29B6               	goto	l1372
  3257     01B4                     u880:
  3258     01B4                     l1370:
  3259                           
  3260                           ;interrupt.c: 174:        LATAbits.LATA5 = 1;
  3261     01B4  1698               	bsf	24,5	;volatile
  3262                           
  3263                           ;interrupt.c: 175:     prmFlags.errorOverVoltage = 1;
  3264     01B5  14B9               	bsf	_prmFlags,1	;volatile
  3265     01B6                     l1372:
  3266                           
  3267                           ;interrupt.c: 178:       MuxADCChannel(ADC_CHANNEL0);
  3268     01B6  3000               	movlw	0
  3269     01B7  3184  2436  3181   	fcall	_MuxADCChannel
  3270     01BA                     l1374:
  3271                           
  3272                           ;interrupt.c: 179:    adcState = 1;
  3273     01BA  3001               	movlw	1
  3274     01BB  0140               	movlb	0	; select bank0
  3275     01BC  00B3               	movwf	ADCProcessing@adcState
  3276                           
  3277                           ;interrupt.c: 180:       break;
  3278     01BD  2A1B               	goto	l151
  3279     01BE                     l1376:
  3280                           
  3281                           ;interrupt.c: 186:         adcValue = MedianFilter(newValue, medianTemperature);
  3282     01BE  0863               	movf	ADCProcessing@newValue+1,w
  3283     01BF  00F1               	movwf	MedianFilter@singleMeasure+1
  3284     01C0  0862               	movf	ADCProcessing@newValue,w
  3285     01C1  00F0               	movwf	MedianFilter@singleMeasure
  3286     01C2  303A               	movlw	(low (_medianTemperature| 0))& (0+255)
  3287     01C3  00F2               	movwf	MedianFilter@medianBuf
  3288     01C4  3180  2027  3181   	fcall	_MedianFilter
  3289     01C7  0871               	movf	?_MedianFilter+1,w
  3290     01C8  0140               	movlb	0	; select bank0
  3291     01C9  00E5               	movwf	ADCProcessing@adcValue+1
  3292     01CA  0870               	movf	?_MedianFilter,w
  3293     01CB  00E4               	movwf	ADCProcessing@adcValue
  3294     01CC                     l1378:
  3295                           
  3296                           ;interrupt.c: 196:               if (adcValue < 930){
  3297     01CC  3003               	movlw	3
  3298     01CD  0265               	subwf	ADCProcessing@adcValue+1,w
  3299     01CE  30A2               	movlw	162
  3300     01CF  1903               	skipnz
  3301     01D0  0264               	subwf	ADCProcessing@adcValue,w
  3302     01D1  1803               	skipnc
  3303     01D2  29D4               	goto	u891
  3304     01D3  29D5               	goto	u890
  3305     01D4                     u891:
  3306     01D4  29E2               	goto	l1386
  3307     01D5                     u890:
  3308     01D5                     l1380:
  3309                           
  3310                           ;interrupt.c: 198:               if((prmFlags.errorUnderVoltage == 0) && (prmFlags.error
      +                          OverVoltage == 0)) LATAbits.LATA5 = 0;
  3311     01D5  1839               	btfsc	_prmFlags,0	;volatile
  3312     01D6  29D8               	goto	u901
  3313     01D7  29D9               	goto	u900
  3314     01D8                     u901:
  3315     01D8  29DF               	goto	l142
  3316     01D9                     u900:
  3317     01D9                     l1382:
  3318     01D9  18B9               	btfsc	_prmFlags,1	;volatile
  3319     01DA  29DC               	goto	u911
  3320     01DB  29DD               	goto	u910
  3321     01DC                     u911:
  3322     01DC  29DF               	goto	l142
  3323     01DD                     u910:
  3324     01DD                     l1384:
  3325     01DD  1298               	bcf	24,5	;volatile
  3326     01DE  29E0               	goto	l143
  3327     01DF                     l142:	
  3328                           ;interrupt.c: 199:           else LATAbits.LATA5 = 1;
  3329                           
  3330     01DF  1698               	bsf	24,5	;volatile
  3331     01E0                     l143:
  3332                           
  3333                           ;interrupt.c: 201:        prmFlags.errorHighTemperature = 0;
  3334     01E0  1139               	bcf	_prmFlags,2	;volatile
  3335                           
  3336                           ;interrupt.c: 202:                        }
  3337     01E1  2A0C               	goto	l1400
  3338     01E2                     l1386:
  3339     01E2  3003               	movlw	3
  3340     01E3  0265               	subwf	ADCProcessing@adcValue+1,w
  3341     01E4  30A3               	movlw	163
  3342     01E5  1903               	skipnz
  3343     01E6  0264               	subwf	ADCProcessing@adcValue,w
  3344     01E7  1C03               	skipc
  3345     01E8  29EA               	goto	u921
  3346     01E9  29EB               	goto	u920
  3347     01EA                     u921:
  3348     01EA  2A01               	goto	l1396
  3349     01EB                     u920:
  3350     01EB                     l1388:
  3351     01EB  3003               	movlw	3
  3352     01EC  0265               	subwf	ADCProcessing@adcValue+1,w
  3353     01ED  30CA               	movlw	202
  3354     01EE  1903               	skipnz
  3355     01EF  0264               	subwf	ADCProcessing@adcValue,w
  3356     01F0  1803               	skipnc
  3357     01F1  29F3               	goto	u931
  3358     01F2  29F4               	goto	u930
  3359     01F3                     u931:
  3360     01F3  2A01               	goto	l1396
  3361     01F4                     u930:
  3362     01F4                     l1390:
  3363                           
  3364                           ;interrupt.c: 205:              if((prmFlags.errorUnderVoltage == 0) && (prmFlags.errorO
      +                          verVoltage == 0)) LATAbits.LATA5 = 0;
  3365     01F4  1839               	btfsc	_prmFlags,0	;volatile
  3366     01F5  29F7               	goto	u941
  3367     01F6  29F8               	goto	u940
  3368     01F7                     u941:
  3369     01F7  29FE               	goto	l146
  3370     01F8                     u940:
  3371     01F8                     l1392:
  3372     01F8  18B9               	btfsc	_prmFlags,1	;volatile
  3373     01F9  29FB               	goto	u951
  3374     01FA  29FC               	goto	u950
  3375     01FB                     u951:
  3376     01FB  29FE               	goto	l146
  3377     01FC                     u950:
  3378     01FC                     l1394:
  3379     01FC  1298               	bcf	24,5	;volatile
  3380     01FD  29FF               	goto	l147
  3381     01FE                     l146:	
  3382                           ;interrupt.c: 206:           else LATAbits.LATA5 = 1;
  3383                           
  3384     01FE  1698               	bsf	24,5	;volatile
  3385     01FF                     l147:
  3386                           
  3387                           ;interrupt.c: 208:        prmFlags.errorHighTemperature = 0;
  3388     01FF  1139               	bcf	_prmFlags,2	;volatile
  3389                           
  3390                           ;interrupt.c: 209:                        }
  3391     0200  2A0C               	goto	l1400
  3392     0201                     l1396:
  3393     0201  3003               	movlw	3
  3394     0202  0265               	subwf	ADCProcessing@adcValue+1,w
  3395     0203  30CB               	movlw	203
  3396     0204  1903               	skipnz
  3397     0205  0264               	subwf	ADCProcessing@adcValue,w
  3398     0206  1C03               	skipc
  3399     0207  2A09               	goto	u961
  3400     0208  2A0A               	goto	u960
  3401     0209                     u961:
  3402     0209  2A0C               	goto	l1400
  3403     020A                     u960:
  3404     020A                     l1398:
  3405                           
  3406                           ;interrupt.c: 212:              LATAbits.LATA5 = 1;
  3407     020A  1698               	bsf	24,5	;volatile
  3408                           
  3409                           ;interrupt.c: 213:                 prmFlags.errorHighTemperature = 1;
  3410     020B  1539               	bsf	_prmFlags,2	;volatile
  3411     020C                     l1400:
  3412                           
  3413                           ;interrupt.c: 217:      MuxADCChannel(ADC_CHANNEL1);
  3414     020C  3001               	movlw	1
  3415     020D  3184  2436  3181   	fcall	_MuxADCChannel
  3416     0210                     l1402:
  3417                           
  3418                           ;interrupt.c: 218:      adcState = 0;
  3419     0210  0140               	movlb	0	; select bank0
  3420     0211  01B3               	clrf	ADCProcessing@adcState
  3421                           
  3422                           ;interrupt.c: 219:  break;
  3423     0212  2A1B               	goto	l151
  3424     0213                     l1406:
  3425     0213  0833               	movf	ADCProcessing@adcState,w
  3426                           
  3427                           ; Switch size 1, requested type "simple"
  3428                           ; Number of cases is 2, Range of values is 0 to 1
  3429                           ; switch strategies available:
  3430                           ; Name         Instructions Cycles
  3431                           ; simple_byte            7     4 (average)
  3432                           ; direct_byte           10     6 (fixed)
  3433                           ; jumptable            260     6 (fixed)
  3434                           ;	Chosen strategy is simple_byte
  3435     0214  3A00               	xorlw	0	; case 0
  3436     0215  1903               	skipnz
  3437     0216  2975               	goto	l1354
  3438     0217  3A01               	xorlw	1	; case 1
  3439     0218  1903               	skipnz
  3440     0219  29BE               	goto	l1376
  3441     021A  2A1B               	goto	l151
  3442     021B                     l151:
  3443     021B  0008               	return
  3444     021C                     __end_of_ADCProcessing:
  3445                           
  3446                           	psect	text9
  3447     0436                     __ptext9:	
  3448 ;; *************** function _MuxADCChannel *****************
  3449 ;; Defined at:
  3450 ;;		line 79 in file "interrupt.c"
  3451 ;; Parameters:    Size  Location     Type
  3452 ;;  channelNumbe    1    wreg     enum E6501
  3453 ;; Auto vars:     Size  Location     Type
  3454 ;;  channelNumbe    1    0[COMMON] enum E6501
  3455 ;; Return value:  Size  Location     Type
  3456 ;;                  1    wreg      void 
  3457 ;; Registers used:
  3458 ;;		wreg, status,2, status,0
  3459 ;; Tracked objects:
  3460 ;;		On entry : 0/0
  3461 ;;		On exit  : 0/0
  3462 ;;		Unchanged: 0/0
  3463 ;; Data sizes:     COMMON   BANK0   BANK1   BANK2   BANK3   BANK4   BANK5   BANK6   BANK7   BANK8   BANK9  BANK10  BANK1
      +1  BANK12
  3464 ;;      Params:         0       0       0       0       0       0       0       0       0       0       0       0       
      +0       0
  3465 ;;      Locals:         1       0       0       0       0       0       0       0       0       0       0       0       
      +0       0
  3466 ;;      Temps:          0       0       0       0       0       0       0       0       0       0       0       0       
      +0       0
  3467 ;;      Totals:         1       0       0       0       0       0       0       0       0       0       0       0       
      +0       0
  3468 ;;Total ram usage:        1 bytes
  3469 ;; Hardware stack levels used: 1
  3470 ;; Hardware stack levels required when called: 1
  3471 ;; This function calls:
  3472 ;;		Nothing
  3473 ;; This function is called by:
  3474 ;;		_ADCProcessing
  3475 ;;		_Init_uC
  3476 ;; This function uses a non-reentrant model
  3477 ;;
  3478                           
  3479     0436                     _MuxADCChannel:	
  3480                           ;psect for function _MuxADCChannel
  3481                           
  3482                           
  3483                           ;incstack = 0
  3484                           ; Regs used in _MuxADCChannel: [wreg+status,2+status,0]
  3485                           ;MuxADCChannel@channelNumber stored from wreg
  3486     0436  00F0               	movwf	MuxADCChannel@channelNumber
  3487     0437                     l1242:
  3488                           
  3489                           ;interrupt.c: 80:     ADCON0 = 0x00;
  3490     0437  017A               	movlb	58	; select bank58
  3491     0438  01A6               	clrf	38	;volatile
  3492     0439                     l1244:
  3493                           
  3494                           ;interrupt.c: 81:     ADCON0bits.FM = 1;
  3495     0439  0826               	movf	38,w	;volatile
  3496     043A  39F3               	andlw	-13
  3497     043B  3804               	iorlw	4
  3498     043C  00A6               	movwf	38	;volatile
  3499     043D                     l1246:
  3500                           
  3501                           ;interrupt.c: 82:     ADCON0bits.CS = 1;
  3502     043D  1626               	bsf	38,4	;volatile
  3503     043E                     l1248:
  3504                           
  3505                           ;interrupt.c: 83:     ADCON0bits.ON = 1;
  3506     043E  17A6               	bsf	38,7	;volatile
  3507     043F                     l1250:
  3508                           
  3509                           ;interrupt.c: 84:     ADPCH = (unsigned char)channelNumber;
  3510     043F  0870               	movf	MuxADCChannel@channelNumber,w
  3511     0440  009F               	movwf	31	;volatile
  3512     0441                     l1252:
  3513                           
  3514                           ;interrupt.c: 85:     ADIF = 0;
  3515     0441  0141               	movlb	1	; select bank1
  3516     0442  1190               	bcf	16,3	;volatile
  3517     0443                     l1254:
  3518                           
  3519                           ;interrupt.c: 86:     ADCON0bits.GO = 1;
  3520     0443  017A               	movlb	58	; select bank58
  3521     0444  1426               	bsf	38,0	;volatile
  3522     0445                     l118:
  3523     0445  0008               	return
  3524     0446                     __end_of_MuxADCChannel:
  3525                           
  3526                           	psect	text10
  3527     0027                     __ptext10:	
  3528 ;; *************** function _MedianFilter *****************
  3529 ;; Defined at:
  3530 ;;		line 252 in file "interrupt.c"
  3531 ;; Parameters:    Size  Location     Type
  3532 ;;  singleMeasur    2    0[COMMON] unsigned short 
  3533 ;;  medianBuf       1    2[COMMON] PTR unsigned short 
  3534 ;;		 -> medianTemperature(20), medianVoltage(20), 
  3535 ;; Auto vars:     Size  Location     Type
  3536 ;;  cnt             1   12[COMMON] unsigned char 
  3537 ;;  cnt             1   11[COMMON] unsigned char 
  3538 ;;  temp            2    9[COMMON] unsigned short 
  3539 ;; Return value:  Size  Location     Type
  3540 ;;                  2    0[COMMON] unsigned short 
  3541 ;; Registers used:
  3542 ;;		wreg, fsr0l, fsr0h, fsr1l, fsr1h, status,2, status,0
  3543 ;; Tracked objects:
  3544 ;;		On entry : 0/0
  3545 ;;		On exit  : 0/0
  3546 ;;		Unchanged: 0/0
  3547 ;; Data sizes:     COMMON   BANK0   BANK1   BANK2   BANK3   BANK4   BANK5   BANK6   BANK7   BANK8   BANK9  BANK10  BANK1
      +1  BANK12
  3548 ;;      Params:         3       0       0       0       0       0       0       0       0       0       0       0       
      +0       0
  3549 ;;      Locals:         4       0       0       0       0       0       0       0       0       0       0       0       
      +0       0
  3550 ;;      Temps:          6       0       0       0       0       0       0       0       0       0       0       0       
      +0       0
  3551 ;;      Totals:        13       0       0       0       0       0       0       0       0       0       0       0       
      +0       0
  3552 ;;Total ram usage:       13 bytes
  3553 ;; Hardware stack levels used: 1
  3554 ;; Hardware stack levels required when called: 1
  3555 ;; This function calls:
  3556 ;;		Nothing
  3557 ;; This function is called by:
  3558 ;;		_ADCProcessing
  3559 ;; This function uses a non-reentrant model
  3560 ;;
  3561                           
  3562     0027                     _MedianFilter:	
  3563                           ;psect for function _MedianFilter
  3564                           
  3565     0027                     l1256:	
  3566                           ;incstack = 0
  3567                           ; Regs used in _MedianFilter: [wreg-fsr1h+status,2+status,0]
  3568                           
  3569     0027                     l1258:
  3570                           
  3571                           ;interrupt.c: 257:         medianBuf[numberOfElement] = singleMeasure;
  3572     0027  087D               	movf	MedianFilter@numberOfElement,w
  3573     0028  00F3               	movwf	??_MedianFilter
  3574     0029  3001               	movlw	1
  3575     002A                     u645:
  3576     002A  35F3               	lslf	??_MedianFilter,f
  3577     002B  0B89               	decfsz	9,f
  3578     002C  282A               	goto	u645
  3579     002D  0872               	movf	MedianFilter@medianBuf,w
  3580     002E  0773               	addwf	??_MedianFilter,w
  3581     002F  0086               	movwf	6
  3582     0030  0187               	clrf	7
  3583     0031  0870               	movf	MedianFilter@singleMeasure,w
  3584     0032  3FC0               	movwi [0]fsr1
  3585     0033  0871               	movf	MedianFilter@singleMeasure+1,w
  3586     0034  3FC1               	movwi [1]fsr1
  3587     0035                     l1260:
  3588                           
  3589                           ;interrupt.c: 259:         if ((numberOfElement < 10 - 1) && (medianBuf[numberOfElement]
      +                           > medianBuf[numberOfElement + 1])) {
  3590     0035  3009               	movlw	9
  3591     0036  027D               	subwf	MedianFilter@numberOfElement,w
  3592     0037  1803               	skipnc
  3593     0038  283A               	goto	u651
  3594     0039  283B               	goto	u650
  3595     003A                     u651:
  3596     003A  28C1               	goto	l1280
  3597     003B                     u650:
  3598     003B                     l1262:
  3599     003B  087D               	movf	MedianFilter@numberOfElement,w
  3600     003C  00F3               	movwf	??_MedianFilter
  3601     003D  3001               	movlw	1
  3602     003E                     u665:
  3603     003E  35F3               	lslf	??_MedianFilter,f
  3604     003F  0B89               	decfsz	9,f
  3605     0040  283E               	goto	u665
  3606     0041  0872               	movf	MedianFilter@medianBuf,w
  3607     0042  0773               	addwf	??_MedianFilter,w
  3608     0043  0086               	movwf	6
  3609     0044  0187               	clrf	7
  3610     0045  3F40               	moviw [0]fsr1
  3611     0046  00F4               	movwf	??_MedianFilter+1
  3612     0047  3F41               	moviw [1]fsr1
  3613     0048  00F5               	movwf	??_MedianFilter+2
  3614     0049  357D               	lslf	MedianFilter@numberOfElement,w
  3615     004A  0772               	addwf	MedianFilter@medianBuf,w
  3616     004B  00F6               	movwf	??_MedianFilter+3
  3617     004C  0876               	movf	??_MedianFilter+3,w
  3618     004D  3E02               	addlw	2
  3619     004E  0086               	movwf	6
  3620     004F  0187               	clrf	7
  3621     0050  3F40               	moviw [0]fsr1
  3622     0051  00F7               	movwf	??_MedianFilter+4
  3623     0052  3F41               	moviw [1]fsr1
  3624     0053  00F8               	movwf	??_MedianFilter+5
  3625     0054  0875               	movf	??_MedianFilter+2,w
  3626     0055  0278               	subwf	??_MedianFilter+5,w
  3627     0056  1D03               	skipz
  3628     0057  285A               	goto	u675
  3629     0058  0874               	movf	??_MedianFilter+1,w
  3630     0059  0277               	subwf	??_MedianFilter+4,w
  3631     005A                     u675:
  3632     005A  1803               	skipnc
  3633     005B  285D               	goto	u671
  3634     005C  285E               	goto	u670
  3635     005D                     u671:
  3636     005D  28C1               	goto	l1280
  3637     005E                     u670:
  3638     005E                     l1264:
  3639                           
  3640                           ;interrupt.c: 260:             for (uint8_t cnt = numberOfElement; cnt < 10 - 1; cnt++) 
      +                          {
  3641     005E  087D               	movf	MedianFilter@numberOfElement,w
  3642     005F  00FB               	movwf	MedianFilter@cnt
  3643     0060  3009               	movlw	9
  3644     0061  027B               	subwf	MedianFilter@cnt,w
  3645     0062  1C03               	skipc
  3646     0063  2865               	goto	u681
  3647     0064  2866               	goto	u680
  3648     0065                     u681:
  3649     0065  2867               	goto	l1268
  3650     0066                     u680:
  3651     0066  2945               	goto	l1302
  3652     0067                     l1268:
  3653                           
  3654                           ;interrupt.c: 261:                 if (medianBuf[cnt] > medianBuf[cnt + 1]) {
  3655     0067  087B               	movf	MedianFilter@cnt,w
  3656     0068  00F3               	movwf	??_MedianFilter
  3657     0069  3001               	movlw	1
  3658     006A                     u695:
  3659     006A  35F3               	lslf	??_MedianFilter,f
  3660     006B  0B89               	decfsz	9,f
  3661     006C  286A               	goto	u695
  3662     006D  0872               	movf	MedianFilter@medianBuf,w
  3663     006E  0773               	addwf	??_MedianFilter,w
  3664     006F  0086               	movwf	6
  3665     0070  0187               	clrf	7
  3666     0071  3F40               	moviw [0]fsr1
  3667     0072  00F4               	movwf	??_MedianFilter+1
  3668     0073  3F41               	moviw [1]fsr1
  3669     0074  00F5               	movwf	??_MedianFilter+2
  3670     0075  357B               	lslf	MedianFilter@cnt,w
  3671     0076  0772               	addwf	MedianFilter@medianBuf,w
  3672     0077  00F6               	movwf	??_MedianFilter+3
  3673     0078  0876               	movf	??_MedianFilter+3,w
  3674     0079  3E02               	addlw	2
  3675     007A  0086               	movwf	6
  3676     007B  0187               	clrf	7
  3677     007C  3F40               	moviw [0]fsr1
  3678     007D  00F7               	movwf	??_MedianFilter+4
  3679     007E  3F41               	moviw [1]fsr1
  3680     007F  00F8               	movwf	??_MedianFilter+5
  3681     0080  0875               	movf	??_MedianFilter+2,w
  3682     0081  0278               	subwf	??_MedianFilter+5,w
  3683     0082  1D03               	skipz
  3684     0083  2886               	goto	u705
  3685     0084  0874               	movf	??_MedianFilter+1,w
  3686     0085  0277               	subwf	??_MedianFilter+4,w
  3687     0086                     u705:
  3688     0086  1803               	skipnc
  3689     0087  2889               	goto	u701
  3690     0088  288A               	goto	u700
  3691     0089                     u701:
  3692     0089  28B8               	goto	l1276
  3693     008A                     u700:
  3694     008A                     l1270:
  3695                           
  3696                           ;interrupt.c: 262:                     temp = medianBuf[cnt];
  3697     008A  087B               	movf	MedianFilter@cnt,w
  3698     008B  00F3               	movwf	??_MedianFilter
  3699     008C  3001               	movlw	1
  3700     008D                     u715:
  3701     008D  35F3               	lslf	??_MedianFilter,f
  3702     008E  0B89               	decfsz	9,f
  3703     008F  288D               	goto	u715
  3704     0090  0872               	movf	MedianFilter@medianBuf,w
  3705     0091  0773               	addwf	??_MedianFilter,w
  3706     0092  0086               	movwf	6
  3707     0093  0187               	clrf	7
  3708     0094  3F40               	moviw [0]fsr1
  3709     0095  00F9               	movwf	MedianFilter@temp
  3710     0096  3F41               	moviw [1]fsr1
  3711     0097  00FA               	movwf	MedianFilter@temp+1
  3712     0098                     l1272:
  3713                           
  3714                           ;interrupt.c: 263:                     medianBuf[cnt] = medianBuf[cnt + 1];
  3715     0098  357B               	lslf	MedianFilter@cnt,w
  3716     0099  0772               	addwf	MedianFilter@medianBuf,w
  3717     009A  00F3               	movwf	??_MedianFilter
  3718     009B  0873               	movf	??_MedianFilter,w
  3719     009C  3E02               	addlw	2
  3720     009D  0086               	movwf	6
  3721     009E  0187               	clrf	7
  3722     009F  087B               	movf	MedianFilter@cnt,w
  3723     00A0  00F4               	movwf	??_MedianFilter+1
  3724     00A1  3001               	movlw	1
  3725     00A2                     u725:
  3726     00A2  35F4               	lslf	??_MedianFilter+1,f
  3727     00A3  0B89               	decfsz	9,f
  3728     00A4  28A2               	goto	u725
  3729     00A5  0872               	movf	MedianFilter@medianBuf,w
  3730     00A6  0774               	addwf	??_MedianFilter+1,w
  3731     00A7  0084               	movwf	4
  3732     00A8  0185               	clrf	5
  3733     00A9  3F40               	moviw [0]fsr1
  3734     00AA  3F80               	movwi [0]fsr0
  3735     00AB  3F41               	moviw [1]fsr1
  3736     00AC  3F81               	movwi [1]fsr0
  3737     00AD                     l1274:
  3738                           
  3739                           ;interrupt.c: 264:                     medianBuf[cnt + 1] = temp;
  3740     00AD  357B               	lslf	MedianFilter@cnt,w
  3741     00AE  0772               	addwf	MedianFilter@medianBuf,w
  3742     00AF  00F3               	movwf	??_MedianFilter
  3743     00B0  0873               	movf	??_MedianFilter,w
  3744     00B1  3E02               	addlw	2
  3745     00B2  0086               	movwf	6
  3746     00B3  0187               	clrf	7
  3747     00B4  0879               	movf	MedianFilter@temp,w
  3748     00B5  3FC0               	movwi [0]fsr1
  3749     00B6  087A               	movf	MedianFilter@temp+1,w
  3750     00B7  3FC1               	movwi [1]fsr1
  3751     00B8                     l1276:
  3752                           
  3753                           ;interrupt.c: 266:             }
  3754     00B8  3001               	movlw	1
  3755     00B9  07FB               	addwf	MedianFilter@cnt,f
  3756     00BA                     l1278:
  3757     00BA  3009               	movlw	9
  3758     00BB  027B               	subwf	MedianFilter@cnt,w
  3759     00BC  1C03               	skipc
  3760     00BD  28BF               	goto	u731
  3761     00BE  28C0               	goto	u730
  3762     00BF                     u731:
  3763     00BF  2867               	goto	l1268
  3764     00C0                     u730:
  3765     00C0  2945               	goto	l1302
  3766     00C1                     l1280:
  3767                           
  3768                           ;interrupt.c: 268:             if ((numberOfElement > 0) && (medianBuf[numberOfElement -
      +                           1] > medianBuf[numberOfElement])) {
  3769     00C1  087D               	movf	MedianFilter@numberOfElement,w
  3770     00C2  1903               	btfsc	3,2
  3771     00C3  28C5               	goto	u741
  3772     00C4  28C6               	goto	u740
  3773     00C5                     u741:
  3774     00C5  2945               	goto	l1302
  3775     00C6                     u740:
  3776     00C6                     l1282:
  3777     00C6  357D               	lslf	MedianFilter@numberOfElement,w
  3778     00C7  0772               	addwf	MedianFilter@medianBuf,w
  3779     00C8  00F3               	movwf	??_MedianFilter
  3780     00C9  0873               	movf	??_MedianFilter,w
  3781     00CA  3EFE               	addlw	-2
  3782     00CB  0086               	movwf	6
  3783     00CC  0187               	clrf	7
  3784     00CD  3F40               	moviw [0]fsr1
  3785     00CE  00F4               	movwf	??_MedianFilter+1
  3786     00CF  3F41               	moviw [1]fsr1
  3787     00D0  00F5               	movwf	??_MedianFilter+2
  3788     00D1  087D               	movf	MedianFilter@numberOfElement,w
  3789     00D2  00F6               	movwf	??_MedianFilter+3
  3790     00D3  3001               	movlw	1
  3791     00D4                     u755:
  3792     00D4  35F6               	lslf	??_MedianFilter+3,f
  3793     00D5  0B89               	decfsz	9,f
  3794     00D6  28D4               	goto	u755
  3795     00D7  0872               	movf	MedianFilter@medianBuf,w
  3796     00D8  0776               	addwf	??_MedianFilter+3,w
  3797     00D9  0086               	movwf	6
  3798     00DA  0187               	clrf	7
  3799     00DB  3F40               	moviw [0]fsr1
  3800     00DC  00F7               	movwf	??_MedianFilter+4
  3801     00DD  3F41               	moviw [1]fsr1
  3802     00DE  00F8               	movwf	??_MedianFilter+5
  3803     00DF  0875               	movf	??_MedianFilter+2,w
  3804     00E0  0278               	subwf	??_MedianFilter+5,w
  3805     00E1  1D03               	skipz
  3806     00E2  28E5               	goto	u765
  3807     00E3  0874               	movf	??_MedianFilter+1,w
  3808     00E4  0277               	subwf	??_MedianFilter+4,w
  3809     00E5                     u765:
  3810     00E5  1803               	skipnc
  3811     00E6  28E8               	goto	u761
  3812     00E7  28E9               	goto	u760
  3813     00E8                     u761:
  3814     00E8  2945               	goto	l1302
  3815     00E9                     u760:
  3816     00E9                     l1284:
  3817                           
  3818                           ;interrupt.c: 269:                 for (uint8_t cnt = numberOfElement; cnt > 0; cnt--) {
  3819     00E9  087D               	movf	MedianFilter@numberOfElement,w
  3820     00EA  00FC               	movwf	MedianFilter@cnt_212
  3821     00EB                     l1286:
  3822     00EB  087C               	movf	MedianFilter@cnt_212,w
  3823     00EC  1D03               	btfss	3,2
  3824     00ED  28EF               	goto	u771
  3825     00EE  28F0               	goto	u770
  3826     00EF                     u771:
  3827     00EF  28F1               	goto	l1290
  3828     00F0                     u770:
  3829     00F0  2945               	goto	l1302
  3830     00F1                     l1290:
  3831                           
  3832                           ;interrupt.c: 270:                     if (medianBuf[cnt] < medianBuf[cnt - 1]) {
  3833     00F1  357C               	lslf	MedianFilter@cnt_212,w
  3834     00F2  0772               	addwf	MedianFilter@medianBuf,w
  3835     00F3  00F3               	movwf	??_MedianFilter
  3836     00F4  0873               	movf	??_MedianFilter,w
  3837     00F5  3EFE               	addlw	-2
  3838     00F6  0086               	movwf	6
  3839     00F7  0187               	clrf	7
  3840     00F8  3F40               	moviw [0]fsr1
  3841     00F9  00F4               	movwf	??_MedianFilter+1
  3842     00FA  3F41               	moviw [1]fsr1
  3843     00FB  00F5               	movwf	??_MedianFilter+2
  3844     00FC  087C               	movf	MedianFilter@cnt_212,w
  3845     00FD  00F6               	movwf	??_MedianFilter+3
  3846     00FE  3001               	movlw	1
  3847     00FF                     u785:
  3848     00FF  35F6               	lslf	??_MedianFilter+3,f
  3849     0100  0B89               	decfsz	9,f
  3850     0101  28FF               	goto	u785
  3851     0102  0872               	movf	MedianFilter@medianBuf,w
  3852     0103  0776               	addwf	??_MedianFilter+3,w
  3853     0104  0086               	movwf	6
  3854     0105  0187               	clrf	7
  3855     0106  3F40               	moviw [0]fsr1
  3856     0107  00F7               	movwf	??_MedianFilter+4
  3857     0108  3F41               	moviw [1]fsr1
  3858     0109  00F8               	movwf	??_MedianFilter+5
  3859     010A  0875               	movf	??_MedianFilter+2,w
  3860     010B  0278               	subwf	??_MedianFilter+5,w
  3861     010C  1D03               	skipz
  3862     010D  2910               	goto	u795
  3863     010E  0874               	movf	??_MedianFilter+1,w
  3864     010F  0277               	subwf	??_MedianFilter+4,w
  3865     0110                     u795:
  3866     0110  1803               	skipnc
  3867     0111  2913               	goto	u791
  3868     0112  2914               	goto	u790
  3869     0113                     u791:
  3870     0113  2942               	goto	l1298
  3871     0114                     u790:
  3872     0114                     l1292:
  3873                           
  3874                           ;interrupt.c: 271:                         temp = medianBuf[cnt];
  3875     0114  087C               	movf	MedianFilter@cnt_212,w
  3876     0115  00F3               	movwf	??_MedianFilter
  3877     0116  3001               	movlw	1
  3878     0117                     u805:
  3879     0117  35F3               	lslf	??_MedianFilter,f
  3880     0118  0B89               	decfsz	9,f
  3881     0119  2917               	goto	u805
  3882     011A  0872               	movf	MedianFilter@medianBuf,w
  3883     011B  0773               	addwf	??_MedianFilter,w
  3884     011C  0086               	movwf	6
  3885     011D  0187               	clrf	7
  3886     011E  3F40               	moviw [0]fsr1
  3887     011F  00F9               	movwf	MedianFilter@temp
  3888     0120  3F41               	moviw [1]fsr1
  3889     0121  00FA               	movwf	MedianFilter@temp+1
  3890     0122                     l1294:
  3891                           
  3892                           ;interrupt.c: 272:                         medianBuf[cnt] = medianBuf[cnt - 1];
  3893     0122  357C               	lslf	MedianFilter@cnt_212,w
  3894     0123  0772               	addwf	MedianFilter@medianBuf,w
  3895     0124  00F3               	movwf	??_MedianFilter
  3896     0125  0873               	movf	??_MedianFilter,w
  3897     0126  3EFE               	addlw	-2
  3898     0127  0086               	movwf	6
  3899     0128  0187               	clrf	7
  3900     0129  087C               	movf	MedianFilter@cnt_212,w
  3901     012A  00F4               	movwf	??_MedianFilter+1
  3902     012B  3001               	movlw	1
  3903     012C                     u815:
  3904     012C  35F4               	lslf	??_MedianFilter+1,f
  3905     012D  0B89               	decfsz	9,f
  3906     012E  292C               	goto	u815
  3907     012F  0872               	movf	MedianFilter@medianBuf,w
  3908     0130  0774               	addwf	??_MedianFilter+1,w
  3909     0131  0084               	movwf	4
  3910     0132  0185               	clrf	5
  3911     0133  3F40               	moviw [0]fsr1
  3912     0134  3F80               	movwi [0]fsr0
  3913     0135  3F41               	moviw [1]fsr1
  3914     0136  3F81               	movwi [1]fsr0
  3915     0137                     l1296:
  3916                           
  3917                           ;interrupt.c: 273:                         medianBuf[cnt - 1] = temp;
  3918     0137  357C               	lslf	MedianFilter@cnt_212,w
  3919     0138  0772               	addwf	MedianFilter@medianBuf,w
  3920     0139  00F3               	movwf	??_MedianFilter
  3921     013A  0873               	movf	??_MedianFilter,w
  3922     013B  3EFE               	addlw	-2
  3923     013C  0086               	movwf	6
  3924     013D  0187               	clrf	7
  3925     013E  0879               	movf	MedianFilter@temp,w
  3926     013F  3FC0               	movwi [0]fsr1
  3927     0140  087A               	movf	MedianFilter@temp+1,w
  3928     0141  3FC1               	movwi [1]fsr1
  3929     0142                     l1298:
  3930                           
  3931                           ;interrupt.c: 275:                 }
  3932     0142  3001               	movlw	1
  3933     0143  02FC               	subwf	MedianFilter@cnt_212,f
  3934     0144  28EB               	goto	l1286
  3935     0145                     l1302:
  3936                           
  3937                           ;interrupt.c: 278:         if (++numberOfElement >= 10) numberOfElement = 0;
  3938     0145  3001               	movlw	1
  3939     0146  07FD               	addwf	MedianFilter@numberOfElement,f
  3940     0147  300A               	movlw	10
  3941     0148  027D               	subwf	MedianFilter@numberOfElement,w
  3942     0149  1C03               	skipc
  3943     014A  294C               	goto	u821
  3944     014B  294D               	goto	u820
  3945     014C                     u821:
  3946     014C  294E               	goto	l1306
  3947     014D                     u820:
  3948     014D                     l1304:
  3949     014D  01FD               	clrf	MedianFilter@numberOfElement
  3950     014E                     l1306:
  3951                           
  3952                           ;interrupt.c: 281:      return (medianBuf[10 / 2 - 1] + medianBuf[10 / 2]) / 2;
  3953     014E  0872               	movf	MedianFilter@medianBuf,w
  3954     014F  3E0A               	addlw	10
  3955     0150  0086               	movwf	6
  3956     0151  0187               	clrf	7
  3957     0152  0872               	movf	MedianFilter@medianBuf,w
  3958     0153  3E08               	addlw	8
  3959     0154  0084               	movwf	4
  3960     0155  0185               	clrf	5
  3961     0156  3F40               	moviw [0]fsr1
  3962     0157  0700               	addwf	0,w
  3963     0158  00F3               	movwf	??_MedianFilter
  3964     0159  3101               	addfsr 0,1
  3965     015A  3F41               	moviw [1]fsr1
  3966     015B  3D00               	addwfc	0,w
  3967     015C  00F4               	movwf	??_MedianFilter+1
  3968     015D  36F4               	lsrf	??_MedianFilter+1,f
  3969     015E  0CF3               	rrf	??_MedianFilter,f
  3970     015F  0873               	movf	??_MedianFilter,w
  3971     0160  00F0               	movwf	?_MedianFilter
  3972     0161  0874               	movf	??_MedianFilter+1,w
  3973     0162  00F1               	movwf	?_MedianFilter+1
  3974     0163                     l166:
  3975     0163  0008               	return
  3976     0164                     __end_of_MedianFilter:
  3977                           
  3978                           	psect	intentry
  3979     0004                     __pintentry:	
  3980 ;; *************** function _ISR *****************
  3981 ;; Defined at:
  3982 ;;		line 110 in file "interrupt.c"
  3983 ;; Parameters:    Size  Location     Type
  3984 ;;		None
  3985 ;; Auto vars:     Size  Location     Type
  3986 ;;		None
  3987 ;; Return value:  Size  Location     Type
  3988 ;;                  1    wreg      void 
  3989 ;; Registers used:
  3990 ;;		wreg
  3991 ;; Tracked objects:
  3992 ;;		On entry : 0/0
  3993 ;;		On exit  : 0/0
  3994 ;;		Unchanged: 0/0
  3995 ;; Data sizes:     COMMON   BANK0   BANK1   BANK2   BANK3   BANK4   BANK5   BANK6   BANK7   BANK8   BANK9  BANK10  BANK1
      +1  BANK12
  3996 ;;      Params:         0       0       0       0       0       0       0       0       0       0       0       0       
      +0       0
  3997 ;;      Locals:         0       0       0       0       0       0       0       0       0       0       0       0       
      +0       0
  3998 ;;      Temps:          0       0       0       0       0       0       0       0       0       0       0       0       
      +0       0
  3999 ;;      Totals:         0       0       0       0       0       0       0       0       0       0       0       0       
      +0       0
  4000 ;;Total ram usage:        0 bytes
  4001 ;; Hardware stack levels used: 1
  4002 ;; This function calls:
  4003 ;;		Nothing
  4004 ;; This function is called by:
  4005 ;;		Interrupt level 1
  4006 ;; This function uses a non-reentrant model
  4007 ;;
  4008                           
  4009     0004                     _ISR:
  4010                           
  4011                           ;incstack = 0
  4012     0004  147E               	bsf	int$flags,0	;set compiler interrupt flag (level 1)
  4013                           
  4014                           ; Regs used in _ISR: [wreg]
  4015     0005  3180               	pagesel	$
  4016     0006                     i1l1522:
  4017                           
  4018                           ;interrupt.c: 112:     if (TMR0IF == 1){
  4019     0006  0141               	movlb	1	; select bank1
  4020     0007  1E8C               	btfss	12,5	;volatile
  4021     0008  280A               	goto	u115_21
  4022     0009  280B               	goto	u115_20
  4023     000A                     u115_21:
  4024     000A  2816               	goto	i1l124
  4025     000B                     u115_20:
  4026     000B                     i1l1524:
  4027                           
  4028                           ;interrupt.c: 113:             TMR0 = 5;
  4029     000B  3005               	movlw	5
  4030     000C  0143               	movlb	3	; select bank3
  4031     000D  009C               	movwf	28	;volatile
  4032     000E                     i1l1526:
  4033                           
  4034                           ;interrupt.c: 115:             ++cnt0;
  4035     000E  3001               	movlw	1
  4036     000F  0140               	movlb	0	; select bank0
  4037     0010  07B1               	addwf	_cnt0,f	;volatile
  4038     0011  3000               	movlw	0
  4039     0012  3DB2               	addwfc	_cnt0+1,f	;volatile
  4040     0013                     i1l1528:
  4041                           
  4042                           ;interrupt.c: 116:          TMR0IF = 0;
  4043     0013  0141               	movlb	1	; select bank1
  4044     0014  128C               	bcf	12,5	;volatile
  4045     0015                     i1l1530:
  4046                           
  4047                           ;interrupt.c: 117:             TMR0IE = 1;
  4048     0015  1696               	bsf	22,5	;volatile
  4049     0016                     i1l124:
  4050     0016  107E               	bcf	int$flags,0	;clear compiler interrupt flag (level 1)
  4051     0017  0009               	retfie
  4052     0018                     __end_of_ISR:
  4053     0002                     ___latbits      equ	2
  4054     007E                     btemp           set	126	;btemp
  4055     007E                     int$flags       set	126
  4056     007E                     wtemp0          set	126
  4057                           
  4058                           	psect	config
  4059                           
  4060                           ;Config register CONFIG1 @ 0x8007
  4061                           ;	External Oscillator Selection bits
  4062                           ;	FEXTOSC = OFF, Oscillator not enabled
  4063                           ;	Reset Oscillator Selection bits
  4064                           ;	RSTOSC = HFINTOSC_32MHz, HFINTOSC (32 MHz)
  4065                           ;	Clock Out Enable bit
  4066                           ;	CLKOUTEN = OFF, CLKOUT function is disabled; i/o or oscillator function on OSC2
  4067                           ;	VDD Range Analog Calibration Selection bit
  4068                           ;	VDDAR = HI, Internal analog systems are calibrated for operation between VDD = 2.3 - 5
      +                          .5V
  4069     8007                     	org	32775
  4070     8007  3F8C               	dw	16268
  4071                           
  4072                           ;Config register CONFIG2 @ 0x8008
  4073                           ;	Master Clear Enable bit
  4074                           ;	MCLRE = EXTMCLR, If LVP = 0, MCLR pin is MCLR; If LVP = 1, RA3 pin function is MCLR
  4075                           ;	Power-up Timer Selection bits
  4076                           ;	PWRTS = PWRT_OFF, PWRT is disabled
  4077                           ;	WDT Operating Mode bits
  4078                           ;	WDTE = OFF, WDT disabled; SEN is ignored
  4079                           ;	Brown-out Reset Enable bits
  4080                           ;	BOREN = ON, Brown-out Reset enabled, SBOREN bit is ignored
  4081                           ;	DAC Buffer Automatic Range Select Enable bit
  4082                           ;	DACAUTOEN = 0x1, unprogrammed default
  4083                           ;	Brown-out Reset Voltage Selection bit
  4084                           ;	BORV = 0x1, unprogrammed default
  4085                           ;	ZCD Disable bit
  4086                           ;	ZCD = 0x1, unprogrammed default
  4087                           ;	PPSLOCKED One-Way Set Enable bit
  4088                           ;	PPS1WAY = 0x1, unprogrammed default
  4089                           ;	Stack Overflow/Underflow Reset Enable bit
  4090                           ;	STVREN = 0x1, unprogrammed default
  4091     8008                     	org	32776
  4092     8008  3FE7               	dw	16359
  4093                           
  4094                           ;Config register CONFIG5 @ 0x800B
  4095                           ;	Program Flash Memory Code Protection bit
  4096                           ;	CP = OFF, Program Flash Memory code protection is disabled
  4097                           ;	Data EEPROM Code Protection bit
  4098                           ;	CPD = OFF, EEPROM code protection is disabled
  4099     800B                     	org	32779
  4100     800B  3FFF               	dw	16383

Data Sizes:
    Strings     0
    Constant    0
    Data        0
    BSS         67
    Persistent  32
    Stack       0

Auto Spaces:
    Space          Size  Autos    Used
    COMMON           14     13      14
    BANK0            80      5      71
    BANK1            80      0       0
    BANK2            80      0       0
    BANK3            80      0       0
    BANK4            80      0       0
    BANK5            80      0       0
    BANK6            80      0       0
    BANK7            80      0       0
    BANK8            80      0       0
    BANK9            80      0       0
    BANK10           80      0       0
    BANK11           80      0       0
    BANK12           48      0       0

Pointer List with Targets:

    MedianFilter@medianBuf	PTR unsigned short  size(1) Largest target is 20
		 -> medianTemperature(BANK0[20]), medianVoltage(BANK0[20]), 


Critical Paths under _main in COMMON

    _main->_PlayAlert
    _PlayAlert->_EnqueueBeeps
    _EnqueueBeeps->___awmod
    _Init_uC->_MuxADCChannel
    _BeepsStateMachine->___awmod
    _ADCProcessing->_MedianFilter

Critical Paths under _ISR in COMMON

    None.

Critical Paths under _main in BANK0

    _main->_PlayAlert

Critical Paths under _ISR in BANK0

    None.

Critical Paths under _main in BANK1

    None.

Critical Paths under _ISR in BANK1

    None.

Critical Paths under _main in BANK2

    None.

Critical Paths under _ISR in BANK2

    None.

Critical Paths under _main in BANK3

    None.

Critical Paths under _ISR in BANK3

    None.

Critical Paths under _main in BANK4

    None.

Critical Paths under _ISR in BANK4

    None.

Critical Paths under _main in BANK5

    None.

Critical Paths under _ISR in BANK5

    None.

Critical Paths under _main in BANK6

    None.

Critical Paths under _ISR in BANK6

    None.

Critical Paths under _main in BANK7

    None.

Critical Paths under _ISR in BANK7

    None.

Critical Paths under _main in BANK8

    None.

Critical Paths under _ISR in BANK8

    None.

Critical Paths under _main in BANK9

    None.

Critical Paths under _ISR in BANK9

    None.

Critical Paths under _main in BANK10

    None.

Critical Paths under _ISR in BANK10

    None.

Critical Paths under _main in BANK11

    None.

Critical Paths under _ISR in BANK11

    None.

Critical Paths under _main in BANK12

    None.

Critical Paths under _ISR in BANK12

    None.

Call Graph Tables:

 ---------------------------------------------------------------------------------
 (Depth) Function   	        Calls       Base Space   Used Autos Params    Refs
 ---------------------------------------------------------------------------------
 (0) _main                                                 0     0      0    2266
                      _ADCProcessing
                  _BeepsStateMachine
                         _InitTimer0
                            _Init_uC
                          _PlayAlert
 ---------------------------------------------------------------------------------
 (1) _PlayAlert                                            9     9      0     723
                                              9 COMMON     4     4      0
                                              0 BANK0      5     5      0
                       _EnqueueBeeps
 ---------------------------------------------------------------------------------
 (2) _EnqueueBeeps                                         3     0      3     465
                                              6 COMMON     3     0      3
                            ___awmod
                             ___bmul
 ---------------------------------------------------------------------------------
 (1) _Init_uC                                              0     0      0      29
                      _MuxADCChannel
 ---------------------------------------------------------------------------------
 (1) _InitTimer0                                           0     0      0       0
 ---------------------------------------------------------------------------------
 (1) _BeepsStateMachine                                    0     0      0     413
                            ___awmod
                             ___bmul
 ---------------------------------------------------------------------------------
 (3) ___bmul                                               3     2      1     111
                                              0 COMMON     3     2      1
 ---------------------------------------------------------------------------------
 (3) ___awmod                                              6     2      4     302
                                              0 COMMON     6     2      4
 ---------------------------------------------------------------------------------
 (1) _ADCProcessing                                        4     4      0    1101
                                              0 BANK0      4     4      0
                       _MedianFilter
                      _MuxADCChannel
 ---------------------------------------------------------------------------------
 (2) _MuxADCChannel                                        1     1      0      29
                                              0 COMMON     1     1      0
 ---------------------------------------------------------------------------------
 (2) _MedianFilter                                        13    10      3     847
                                              0 COMMON    13    10      3
 ---------------------------------------------------------------------------------
 Estimated maximum stack depth 3
 ---------------------------------------------------------------------------------
 (Depth) Function   	        Calls       Base Space   Used Autos Params    Refs
 ---------------------------------------------------------------------------------
 (4) _ISR                                                  0     0      0       0
 ---------------------------------------------------------------------------------
 Estimated maximum stack depth 4
 ---------------------------------------------------------------------------------

 Call Graph Graphs:

 _main (ROOT)
   _ADCProcessing
     _MedianFilter
     _MuxADCChannel
   _BeepsStateMachine
     ___awmod
     ___bmul
   _InitTimer0
   _Init_uC
     _MuxADCChannel
   _PlayAlert
     _EnqueueBeeps
       ___awmod
       ___bmul

 _ISR (ROOT)

Address spaces:
Name               Size   Autos  Total    Usage
BITCOMMON           14      0       0      0.0%
BITBANK0            80      0       0      0.0%
BITBANK1            80      0       0      0.0%
BITBANK2            80      0       0      0.0%
BITBANK3            80      0       0      0.0%
BITBANK4            80      0       0      0.0%
BITBANK5            80      0       0      0.0%
BITBANK6            80      0       0      0.0%
BITBANK7            80      0       0      0.0%
BITBANK8            80      0       0      0.0%
BITBANK9            80      0       0      0.0%
BITBANK10           80      0       0      0.0%
BITBANK11           80      0       0      0.0%
BITBANK12           48      0       0      0.0%
BIGRAM            1008      0       0      0.0%
COMMON              14     13      14    100.0%
BANK0               80      5      71     88.8%
BANK1               80      0       0      0.0%
BANK2               80      0       0      0.0%
BANK3               80      0       0      0.0%
BANK4               80      0       0      0.0%
BANK5               80      0       0      0.0%
BANK6               80      0       0      0.0%
BANK7               80      0       0      0.0%
BANK8               80      0       0      0.0%
BANK9               80      0       0      0.0%
BANK10              80      0       0      0.0%
BANK11              80      0       0      0.0%
BANK12              48      0       0      0.0%
STACK                0      0       0      0.0%
DATA                 0      0      85      0.0%


Microchip Technology PIC Macro Assembler V3.00 build 20241204225717 
Symbol Table                                                                                   Tue Sep 16 10:27:36 2025

                           ___bmul@product 0071                                         l34 03E0  
                                       l70 023E                                         l63 0220  
                                       l64 0228                                         l57 034C  
                                       l73 024C                                         l67 022F  
                                       l68 0237                                         l87 02C9  
                                      l133 019B                                        l118 0445  
                                      l142 01DF                                        l134 019C  
                                      l143 01E0                                        l151 021B  
                                      l215 0450                                        l146 01FE  
                                      l218 0410                                        l147 01FF  
                                      l166 0163                                        l536 039D  
                                      l396 0423                                        l960 044F  
                                      l954 0446                                        l956 044B  
                                      l958 044D                                        _GIE 005F  
                                      u520 0417                                        u521 0416  
                                      u610 038F                                        u530 0422  
                                      u611 038E                                        u531 0421  
                                      u700 008A                                        u620 0394  
                                      u540 0352                                        _ISR 0004  
                                      u701 0089                                        u621 0393  
                                      u605 0385                                        u541 0351  
                                      u550 035D                                        u630 03B5  
                                      u551 035C                                        u631 03B4  
                                      u560 0368                                        u705 0086  
                                      u561 0367                                        u730 00C0  
                                      u650 003B                                        u731 00BF  
                                      u715 008D                                        u651 003A  
                                      u820 014D                                        u740 00C6  
                                      u900 01D9                                        u580 0376  
                                      u821 014C                                        u805 0117  
                                      u741 00C5                                        u725 00A2  
                                      u645 002A                                        u901 01D8  
                                      u581 0375                                        u670 005E  
                                      u910 01DD                                        u830 016C  
                                      u590 0380                                        u815 012C  
                                      u671 005D                                        u911 01DC  
                                      u831 016B                                        u591 037F  
                                      u575 036C                                        u760 00E9  
                                      u680 0066                                        u920 01EB  
                                      u840 018C                                        u761 00E8  
                                      u681 0065                                        u665 003E  
                                      u921 01EA                                        u841 018B  
                                      u770 00F0                                        u930 01F4  
                                      u850 0195                                        u771 00EF  
                                      u755 00D4                                        u675 005A  
                                      u931 01F3                                        u851 0194  
                                      u595 037C                                        u940 01F8  
                                      u860 0199                                        u765 00E5  
                                      u941 01F7                                        u861 0198  
                                      u790 0114                                        u950 01FC  
                                      u870 01A8                                        u791 0113  
                                      u695 006A                                        u951 01FB  
                                      u871 01A7                                        u960 020A  
                                      u880 01B4                                        u785 00FF  
                                      u961 0209                                        u881 01B3  
                                      u890 01D5                                        u970 0224  
                                      u795 0110                                        u891 01D4  
                                      u971 0223                                        u980 022C  
                                      u981 022B                                        u990 0233  
                                      u991 0232                               ___awmod@sign 0075  
                                      wreg 0009                      ADCProcessing@adcValue 0064  
                    ADCProcessing@adcState 0033                                       ?_ISR 0070  
                                     l1200 034E                                       l1210 0362  
                                     l1202 0352                                       l1220 0376  
                                     l1212 0368                                       l1204 0357  
                                     l1302 0145                                       l1230 0394  
                                     l1222 0380                                       l1214 036B  
                                     l1206 0359                                       l1310 03E1  
                                     l1304 014D                                       l1400 020C  
                                     l1232 0399                                       l1224 0384  
                                     l1216 0370                                       l1208 035D  
                                     l1320 03F2                                       l1312 03E3  
                                     l1240 03CE                                       l1306 014E  
                                     l1250 043F                                       l1242 0437  
                                     l1402 0210                                       l1226 0389  
                                     l1218 0372                                       l1330 03FD  
                                     l1322 03F3                                       l1314 03E5  
                                     l1410 0224                                       l1260 0035  
                                     l1252 0441                                       l1244 0439  
                                     l1228 038F                                       l1500 032A  
                                     l1340 0408                                       l1332 03FF  
                                     l1324 03F8                                       l1316 03EF  
                                     l1236 039E                                       l1420 0244  
                                     l1412 022C                                       l1270 008A  
                                     l1262 003B                                       l1254 0443  
                                     l1246 043D                                       l1406 0213  
                                     l1350 0167                                       l1190 0419  
                                     l1502 032D                                       l1510 033D  
                                     l1342 0409                                       l1334 0401  
                                     l1326 03F9                                       l1318 03F1  
                                     l1238 03B5                                       l1430 0253  
                                     l1422 0245                                       l1414 0233  
                                     l1272 0098                                       l1264 005E  
                                     l1280 00C1                                       l1256 0027  
                                     l1248 043E                                       l1360 0195  
                                     l1352 016C                                       l1192 041B  
                                     l1184 0412                                       l1504 0336  
                                     l1344 040A                                       l1336 0403  
                                     l1328 03FB                                       l1432 0257  
                                     l1424 0249                                       l1416 023B  
                                     l1440 0268                                       l1408 021C  
                                     l1520 0430                                       l1512 0424  
                                     l1290 00F1                                       l1282 00C6  
                                     l1274 00AD                                       l1258 0027  
                                     l1370 01B4                                       l1362 0199  
                                     l1354 0175                                       l1194 0422  
                                     l1186 0413                                       l1506 033B  
                                     l1346 040C                                       l1338 0407  
                                     l1450 028D                                       l1442 026B  
                                     l1434 0258                                       l1426 0250  
                                     l1418 0242                                       l1514 0427  
                                     l1292 0114                                       l1284 00E9  
                                     l1276 00B8                                       l1268 0067  
                                     l1380 01D5                                       l1372 01B6  
                                     l1364 019F                                       l1356 0183  
                                     l1348 0164                                       l1188 0417  
                                     l1460 02B8                                       l1444 026D  
                                     l1452 0290                                       l1428 0251  
                                     l1516 042A                                       l1294 0122  
                                     l1286 00EB                                       l1278 00BA  
                                     l1390 01F4                                       l1382 01D9  
                                     l1374 01BA                                       l1366 01A8  
                                     l1358 018C                                       l1198 034D  
                                     l1470 02D1                                       l1462 02C0  
                                     l1454 0296                                       l1446 027B  
                                     l1438 025A                                       l1518 042D  
                                     l1296 0137                                       l1392 01F8  
                                     l1384 01DD                                       l1376 01BE  
                                     l1368 01AB                                       l1480 0301  
                                     l1472 02EB                                       l1456 0298  
                                     l1464 02C3                                       l1448 0285  
                                     l1298 0142                                       l1394 01FC  
                                     l1386 01E2                                       l1378 01CC  
                                     l1490 0313                                       l1482 0303  
                                     l1474 02FC                                       l1466 02CA  
                                     l1458 02AE                                       l1388 01EB  
                                     l1396 0201                                       l1492 031C  
                                     l1484 030D                                       l1476 02FD  
                                     l1468 02CB                                       l1398 020A  
                                     l1494 031E                                       l1486 030F  
                                     l1478 02FF                                       l1496 0323  
                                     l1488 0311                                       l1498 0325  
                                     _ADIF 0483                                       u1000 023B  
                                     u1001 023A                                       u1010 0242  
                                     u1011 0241                                       u1100 030D  
                                     u1020 0249                                       u1101 030C  
                                     u1021 0248                                       u1110 031C  
                                     u1030 0250                                       u1111 031B  
                                     u1031 024F                                       u1120 0323  
                                     u1040 0257                                       u1121 0322  
                                     u1105 0309                                       u1041 0256  
                                     u1130 032A                                       u1050 027B  
                                     u1131 0329                                       u1051 027A  
                                     u1140 0336                                       u1060 0296  
                                     u1141 0335                                       u1061 0295  
                                     u1070 02AE                                       u1071 02AD  
                                     u1080 02C9                                       u1081 02C8  
                                     u1090 02D1                                       u1091 02D0  
                                     u1075 02AA                                       _LATA 0018  
                                     _PEIE 005E                                       _TMR0 019C  
                                     _WPUA 1E8D                              ?_EnqueueBeeps 0076  
                           ??_MedianFilter 0073                                       _cnt0 0031  
                                     _main 0424                                       fsr0h 0005  
                                     fsr1h 0007                                       indf0 0000  
                                     fsr0l 0004                                       indf1 0001  
                                     fsr1l 0006                                       btemp 007E  
                                     start 0018                          ___bmul@multiplier 0072  
                          __end_of_Init_uC 0411                                      ??_ISR 0070  
                    ADCProcessing@newValue 0062                                      _ADACQ 1D21  
                                    ?_main 0070                                      _ADPCH 1D1F  
                                    _ADRES 1D1D                            __end_of___awmod 039E  
                                    _LATA2 00C2                                      i1l124 0016  
                                    _TMR0H 019D                                      _TMR0L 019C  
                                    _TRISA 0012                              _medianVoltage 004E  
                 EnqueueBeeps@allowTimeout 0078                             ??_EnqueueBeeps 0079  
                               PlayAlert@i 0063                                      status 0003  
                                    wtemp0 007E      BeepsStateMachine@stateMachineDuration 002F  
                          __initialization 001A                                 _InitTimer0 0446  
                             __end_of_main 0436                                     ??_main 007D  
                                   _ADCON0 1D26                                     _ANSELA 1E8C  
                                   _T0CON0 019E                                     _T0CON1 019F  
                                   i1l1530 0015                                     i1l1522 0006  
                                   i1l1524 000B                                     i1l1526 000E  
                                   i1l1528 0013                                     u115_20 000B  
                                   u115_21 000A                                     _TMR0IE 04B5  
                                   _TMR0IF 0465                                  ??_Init_uC 0071  
                                   ___bmul 0411                                  ??___awmod 0074  
                          ___awmod@divisor 0070                            ___awmod@counter 0074  
                     __end_of_MedianFilter 0164                              _MuxADCChannel 0436  
                  __end_of__initialization 0023                 MuxADCChannel@channelNumber 0070  
                      ___bmul@multiplicand 0070                                ?_InitTimer0 0070  
                           __pcstackCOMMON 0070                       __end_of_EnqueueBeeps 03E1  
                           ?_MuxADCChannel 0070                          __end_of_PlayAlert 02CA  
                               _beepsQueue 0020                                 __pbssBANK0 0020  
                            _ADCProcessing 0164                                 __pmaintext 0424  
                                  ?___bmul 0070                                 __pintentry 0004  
                                  _CM1CON0 108C                            MedianFilter@cnt 007B  
                           ?_ADCProcessing 0070             PlayAlert@howMuchTimesPlayShort 0066  
                                  _Init_uC 03E1                        PlayAlert@totalBeeps 0062  
                      PlayAlert@soundState 0034                                    ___awmod 034D  
                   BeepsStateMachine@state 0036                                    __ptext1 021C  
                                  __ptext2 039E                                    __ptext3 03E1  
                                  __ptext4 0446                                    __ptext5 02CA  
                                  __ptext6 0411                                    __ptext7 034D  
                                  __ptext8 0164                                    __ptext9 0436  
                          ??_MuxADCChannel 0070                           ___awmod@dividend 0072  
                        _medianTemperature 003A                                    clrloop0 0452  
                     end_of_initialization 0023                               _MedianFilter 0027  
                              _DAC1CONbits 110C                                  _TRISAbits 0012  
                          ??_ADCProcessing 007D                               _EnqueueBeeps 039E  
                     EnqueueBeeps@duration 0076                               ??_InitTimer0 0070  
                           __end_of___bmul 0424                        start_initialization 001A  
                              __end_of_ISR 0018                MedianFilter@numberOfElement 007D  
                       __end_of_InitTimer0 0451                                  _PlayAlert 021C  
                                 ??___bmul 0071                                __pbssCOMMON 007D  
                                ___latbits 0002                              __pcstackBANK0 0062  
                               ?_PlayAlert 0070                                   ?_Init_uC 0070  
                                 ?___awmod 0070                        MedianFilter@cnt_212 007C  
            PlayAlert@howMuchTimesPlayLong 0065                           MedianFilter@temp 0079  
                                 _LATAbits 0018                                  clear_ram0 0451  
                                _queueHead 0038                                  _queueTail 0037  
                               _ADCON0bits 1D26                                 _ADCON1bits 1D27  
                    __end_of_MuxADCChannel 0446                                ??_PlayAlert 0079  
                    MedianFilter@medianBuf 0072                                 _ANSELAbits 1E8C  
                                 __ptext10 0027                      __end_of_ADCProcessing 021C  
                        _BeepsStateMachine 02CA                         ?_BeepsStateMachine 0070  
                                 _prmFlags 0039                        ??_BeepsStateMachine 0076  
                                 int$flags 007E                                 _FVRCONbits 100C  
                __end_of_BeepsStateMachine 034D                                   intlevel1 0000  
                            PlayAlert@i_83 0064                              ?_MedianFilter 0070  
                MedianFilter@singleMeasure 0070  BeepsStateMachine@stateMachineAllowTimeout 0035  
